recording_id,state,species_id,common_name,scientific_name,original_sample_rate,original_channels,flag_short_duration,flag_low_amplitude,flag_clipping,flag_low_quality,flag_any,flag_bandlimit_incompatible,n_windows,aci_mean,adi_mean,bioacoustic_index_mean,ndsi_mean,ndsi_ratio_ba_mean,anthropophony_mean,biophony_mean,spectral_entropy_eas_mean,spectral_entropy_ecu_mean,spectral_entropy_ecv_mean,spectral_entropy_eps_mean,spectral_entropy_eps_kurt_mean,spectral_entropy_eps_skew_mean,temporal_entropy_mean,rms_mean_mean,rms_std_mean,zcr_mean_mean,zcr_std_mean,spectral_centroid_mean_mean,spectral_centroid_std_mean,spectral_bandwidth_mean_mean,spectral_bandwidth_std_mean,spectral_rolloff_mean_mean,spectral_rolloff_std_mean,mfcc_01_mean,mfcc_01_within_std_mean,mfcc_02_mean,mfcc_02_within_std_mean,mfcc_03_mean,mfcc_03_within_std_mean,mfcc_04_mean,mfcc_04_within_std_mean,mfcc_05_mean,mfcc_05_within_std_mean,mfcc_06_mean,mfcc_06_within_std_mean,mfcc_07_mean,mfcc_07_within_std_mean,mfcc_08_mean,mfcc_08_within_std_mean,mfcc_09_mean,mfcc_09_within_std_mean,mfcc_10_mean,mfcc_10_within_std_mean,mfcc_11_mean,mfcc_11_within_std_mean,mfcc_12_mean,mfcc_12_within_std_mean,mfcc_13_mean,mfcc_13_within_std_mean,aci_std,adi_std,bioacoustic_index_std,ndsi_std,ndsi_ratio_ba_std,anthropophony_std,biophony_std,spectral_entropy_eas_std,spectral_entropy_ecu_std,spectral_entropy_ecv_std,spectral_entropy_eps_std,spectral_entropy_eps_kurt_std,spectral_entropy_eps_skew_std,temporal_entropy_std,rms_mean_std,rms_std_std,zcr_mean_std,zcr_std_std,spectral_centroid_mean_std,spectral_centroid_std_std,spectral_bandwidth_mean_std,spectral_bandwidth_std_std,spectral_rolloff_mean_std,spectral_rolloff_std_std,mfcc_01_between_window_std,mfcc_01_within_std_std,mfcc_02_between_window_std,mfcc_02_within_std_std,mfcc_03_between_window_std,mfcc_03_within_std_std,mfcc_04_between_window_std,mfcc_04_within_std_std,mfcc_05_between_window_std,mfcc_05_within_std_std,mfcc_06_between_window_std,mfcc_06_within_std_std,mfcc_07_between_window_std,mfcc_07_within_std_std,mfcc_08_between_window_std,mfcc_08_within_std_std,mfcc_09_between_window_std,mfcc_09_within_std_std,mfcc_10_between_window_std,mfcc_10_within_std_std,mfcc_11_between_window_std,mfcc_11_within_std_std,mfcc_12_between_window_std,mfcc_12_within_std_std,mfcc_13_between_window_std,mfcc_13_within_std_std
1035206,AZ,Chordeiles acutipennis,Lesser Nighthawk,Chordeiles acutipennis,48000,2,False,False,False,False,False,False,15,398.1870463053385,2.16815786769377,394.87278609221465,-0.9569180381238807,0.022471575648098277,51361.21781662489,782.7595224786536,0.17386831521285379,0.4339640718350121,0.28878249921170324,0.33142166504607307,100.58252290511997,7.289397636287519,0.946599879700168,0.012080620881170035,0.002733829264373829,0.10065210894808743,0.02289838225104542,1899.5736349058327,323.3392151410744,2359.1623488279074,202.62918370020935,3856.020107581967,958.7321856442296,-267.31776631673176,13.291479555765788,23.90110772450765,9.378798357645671,-2.185904578367869,8.626136779785156,-0.015977730602025987,6.534197775522868,0.6588611423969268,6.42381690343221,-1.6854428907235464,5.870198154449463,-1.6554933091004689,4.988939062754313,1.2037265102068584,4.755800946553548,1.5162676688904564,4.483018716176351,3.224590027332306,3.7748989264170327,2.5545438607533772,3.5389242649078367,-0.5365861569841702,3.542238696416219,-0.9095859964688618,3.098108005523682,9.801768182709225,0.08966063950681795,67.1058231613686,0.041900968565000946,0.022846795496261403,27571.619751248865,542.46972795079,0.06676863102821412,0.12756255528164875,0.07533651061124497,0.04807181105160318,150.4020974790408,5.097959536822314,0.014665995753965553,0.0036846876503467923,0.0014179306358267027,0.012493198652236501,0.007693965293559919,259.8528936250467,160.3485912023746,150.42356970963388,71.25694873139336,800.5768671179036,344.05585205415997,7.505853984427785,5.824804022263604,6.624613081585004,4.3121567993182905,5.700877614590344,2.5420035126560965,2.905692588977153,1.5172084520244702,2.663402141846563,1.248081345988385,2.481299483391355,1.1662789435487873,1.0340041277913414,1.204110052608465,2.573063041482388,0.8482812176927805,1.461683502439311,0.8246668906427317,0.8370814644723917,0.5960588520637218,0.7540813062787408,0.719954790240401,1.3322877969381617,0.3910855567135483,0.6681428084032799,0.4419632120490285
1080401,AZ,Callipepla gambelii,Gambel's Quail,Callipepla gambelii,48000,2,False,False,False,False,False,False,1,442.63165283203125,2.1604204426975717,1098.1401360544219,0.00875574547144479,1.0176661714435038,21369.44851017215,21746.96485120598,0.3183222776624026,0.5072907334777208,0.25472548814121565,0.31986509713690703,30.082491858596647,4.606615682574258,0.5675399080717105,0.0061873928643763065,0.010631944984197617,0.29811351596030045,0.15519378961232036,3497.8650542693294,1197.8992766739889,2296.551707094753,324.16190314460533,5693.961134489002,1113.8584769589131,-288.11285400390625,78.06188201904297,26.385591506958008,22.049114227294922,-0.044192466884851456,13.361520767211914,16.775657653808594,9.675180435180664,-1.538980484008789,13.406532287597656,8.183374404907227,10.517236709594727,-7.545902729034424,9.6104154586792,2.36335825920105,6.706340789794922,0.08272984623908997,6.580740451812744,2.5647833347320557,7.170608043670654,8.16051959991455,8.156566619873047,-0.3505442142486572,5.486878871917725,-0.9940428137779236,6.757298469543457,,,,,,,,,,,,,,,,,,,,,,,,,,,,,,,,,,,,,,,,,,,,,,,,,,
1080405,AZ,Callipepla squamata,Scaled Quail,Callipepla squamata,48000,2,False,False,False,False,False,False,35,433.52476196289064,1.5403334258198025,1044.7570793650796,0.4441016842022594,8.575060546484977,62343.86413046398,126278.06117276083,0.3811353980781756,0.6289087596838021,0.4090776432403123,0.3097423250644755,44.94818269131187,5.503058942003262,0.5588013080003029,0.006599532420347844,0.016259676184771317,0.27470765201572434,0.06320928695014001,3638.768100640431,543.4960468469748,2257.312274621361,483.6014157767555,5907.391857710041,1417.1559743952373,-261.2196999686105,33.53706071036203,20.92286318370274,16.76539134979248,-23.908565385001047,14.55905396597726,-3.351221573352814,13.254013442993164,-1.145877253796373,11.14632955278669,3.6769212846245085,9.971818569728306,0.8117578272308622,8.295431300571986,-2.132540449500084,7.843495845794678,-0.19560841577393667,6.786282226017543,3.680081067766462,5.849620083400182,1.4686157788016967,5.678013011387416,1.197581054589578,5.058627666745867,-0.14321538869823727,4.816457503182548,14.788075136375639,0.23786538198188376,114.09923139930619,0.24737216339392876,27.050896616928757,65964.36170062561,120428.09119321818,0.10204577542458998,0.12783581110840148,0.08532870842931925,0.028432531235447856,18.934825316283632,1.137948644935068,0.12388478079167389,0.002738535861199798,0.009966274369420594,0.028720955249240936,0.01532886129129976,247.0007569766522,125.4382986664652,179.77074696221538,88.59335079250029,575.5032306057382,303.19721774936596,9.973696471781771,8.534518148907532,6.745832598374319,5.280375172132795,5.927998322117093,2.9079798402202046,6.142394294876208,2.1374193005064503,4.981022235120083,2.2312062552558123,5.8040099671084855,2.1171269062579725,3.8467891870394784,1.4851869964877777,4.055279474239539,1.4508948765681948,3.185878269060101,1.5694688069470264,2.2186846302399177,0.8214474723661176,2.3566975357581796,0.8333931922664136,1.7272233714359706,0.875943706348818,1.8403463340174078,0.8607890803676861
1089596,CA,Branta canadensis,Canada Goose,Branta canadensis,48000,1,False,False,True,False,True,False,2,485.3939208984375,1.278040307716863,1129.9754195011337,-0.10547324393598903,0.8099990879747418,3012160.7557560587,2484567.3785989936,0.38527238993763274,0.5678319832694502,0.38604285989405224,0.3772043524606553,66.1702688079378,7.047262257294124,0.8857116906697857,0.08362539857625961,0.05358823388814926,0.132995462529274,0.04096789150581918,1839.3763996896878,503.9690159756264,1640.1886788849397,459.4425964001969,2972.1871798155735,1311.524988005216,-132.37060546875,27.101667404174805,83.31671142578125,23.975543975830078,5.39457905292511,12.07690715789795,2.770616292953491,11.074313163757324,-9.012963771820068,11.3835768699646,-4.417392253875732,11.165513038635254,1.6445205509662628,9.484731674194336,-3.3182780742645264,7.855902433395386,-5.8880455493927,8.141385555267334,-4.015875339508057,7.649285554885864,0.17041611671447754,7.224776268005371,-3.468583106994629,7.582087516784668,3.009658455848694,6.440165996551514,26.61084849760062,0.11032698224177048,240.8798854505387,0.0332590121275796,0.054455213591171926,1642447.4592650062,1494408.8013767293,0.04102517399941524,0.04206901527205796,0.021058193155798703,0.024255914668009606,32.29526144437742,1.7172852582683102,0.008090226217218917,0.022141003928227963,0.019405315211658596,0.016509745337047767,0.021963396548287804,108.91542568698196,174.7682434728324,50.14065411743463,25.466323443628504,138.28452079502583,150.84559826648837,12.83113531008879,4.261713990531799,3.7610795625783,1.2419873780164823,2.6258307642895975,0.6972909487557544,1.7768325714936681,1.8150064894765312,2.877885945711542,2.5022057968248372,0.18535374755599787,1.5589303301192532,0.9789738052474627,1.113332268475644,0.8453504673510085,0.97363839354762,0.4814158022073194,0.07987873034657489,0.34614026570238965,0.018481561659421077,3.3010655928700245,0.8264868866566847,1.1357280922499686,0.3792420633480577,0.0033665216716561716,0.16135769223741142
109164,TX,Chordeiles acutipennis,Lesser Nighthawk,Chordeiles acutipennis,48000,1,False,False,False,False,False,False,6,378.9039357503255,2.139313315981336,1506.4190022675737,-0.8300806569589355,0.09498520397817826,95784.17799891136,5740.256115202988,0.1122932452814372,0.2818233064434706,0.21616463828063415,0.284463995193119,23.20171507332444,3.944253922029598,0.9211087447649401,0.014535794189820686,0.007273041526786983,0.09682281756196331,0.01652372899019442,2032.716306195581,226.25420123400457,2108.7624111108194,120.68271693728069,4385.007364241803,418.13158137519855,-189.19725799560547,9.94749108950297,39.87983767191569,3.5530176957448325,-23.229841550191242,2.5809561014175415,14.20832904179891,2.3592751224835715,-7.234987894694011,2.0452609260876975,3.3401986360549927,1.8092715342839558,-1.5565796891848247,1.7353827357292175,1.5493245323499043,1.9045518438021343,-0.668508398036162,2.06278532743454,1.4996845523516338,2.0999097426732383,-0.37942884862422943,1.8818042278289795,0.9684570829073588,1.7420672178268433,-0.39903507878383,1.7719924251238506,2.5419369800694445,0.08419165554629736,20.375379042347536,0.08834740297642023,0.05315975735384707,86262.23532863327,1697.238138945962,0.030453935814648926,0.16951654599784918,0.15520786777674284,0.02616259037024047,11.555224832069822,0.885403549728002,0.07220620592337987,0.005035099609064842,0.006653053106765026,0.012770570058929351,0.0022652472118463106,162.90824763598914,86.04888972278654,69.84293325058994,81.46542637554764,267.7205944204399,276.9162525489641,4.4381452049260055,16.24082045562137,1.8257826580731384,1.9267173521292893,0.5725643856073999,0.9216402833526404,0.16093743649126632,0.8309433813689368,0.24819836470388476,0.42123554212223474,0.14032066962941506,0.20980110084133954,0.1207499075870898,0.1667999599758696,0.3540681186795223,0.3564349314991688,0.5079424718381625,0.6259544405834999,0.6357392606035006,0.6603918876920509,0.4314973207307298,0.4296055581724343,0.26245955334207793,0.2861159832117125,0.12145672376544762,0.2748169554230271
109171,TX,Melanerpes formicivorus,Acorn Woodpecker,Melanerpes formicivorus,48000,1,False,False,False,False,False,False,1,388.29107666015625,1.6776780401157754,1187.8583219954648,0.14198645735847146,1.3309655391250446,50579.82924157054,67320.00969535962,0.22814214901492091,0.5534874361143491,0.32681608187112965,0.36883649033856525,54.719845062717184,6.361428557058081,0.7528161038130466,0.01004051137715578,0.011641778983175755,0.19316040324941453,0.023048273051260625,2934.247085508194,350.53663053222004,2273.6576005926668,428.2482108125873,5468.298940189549,1123.8949902507868,-182.46029663085938,50.97133255004883,42.92850112915039,17.677085876464844,-7.537471294403076,9.781441688537598,4.445520401000977,5.273726463317871,-3.5909295082092285,3.0908634662628174,0.6727120280265808,5.0909905433654785,-5.483246803283691,4.356729984283447,1.383074402809143,2.7220420837402344,1.8943325281143188,2.2803196907043457,0.9796022772789001,3.2404439449310303,-0.48345044255256653,2.455673933029175,0.20748525857925415,2.3113226890563965,-0.30975162982940674,2.255328416824341,,,,,,,,,,,,,,,,,,,,,,,,,,,,,,,,,,,,,,,,,,,,,,,,,,
1101338,AZ,Anas platyrhynchos,Mallard,Anas platyrhynchos,44100,2,False,True,False,False,True,False,1,476.5372314453125,2.08779476249382,1273.993469387755,0.38321286655879044,2.242609794470744,6304.429919252531,14138.37628547013,0.1127869109987163,0.3507239615938563,0.19216912356393734,0.3163200484236788,33.869755796641336,4.973681269431568,0.7654280816230564,0.006913562770932913,0.004765482619404793,0.25283566036739863,0.035733138165742355,3404.961583412895,477.4535010455376,2276.7993084447735,252.54187872874135,5986.485084327492,654.2154262431596,-185.185546875,31.21849822998047,29.3190975189209,13.012277603149414,-15.589388847351074,7.6805620193481445,14.089149475097656,5.790836334228516,-5.220189094543457,6.721580505371094,4.647409915924072,4.5485968589782715,-4.645175457000732,6.161115646362305,3.794116973876953,4.078529357910156,-1.3143538236618042,3.8181674480438232,0.1668590009212494,3.3721344470977783,0.5877330303192139,3.71338152885437,0.26322832703590393,3.696343421936035,-0.28608575463294983,2.4875521659851074,,,,,,,,,,,,,,,,,,,,,,,,,,,,,,,,,,,,,,,,,,,,,,,,,,
1106496,TX,Empidonax virescens,Acadian Flycatcher,Empidonax virescens,48000,1,False,False,False,False,False,False,11,426.0188293457031,1.763770821514744,1296.197097505669,0.9335898985453553,441.71951027110975,1490.8862847717812,149014.09721359462,0.24277308453049695,0.4606465825427524,0.26411639187207564,0.480408227854268,138.5103269445972,10.248888810885456,0.6622639804922357,0.008682898817245256,0.0158913515412926,0.460769507132212,0.06303946198549067,4442.932559760159,593.5568153870216,2166.6012505069984,311.00543101567706,6103.088324329359,719.8072154194183,-229.34183432839134,22.246160333806817,4.5004261190241035,10.458622065457432,-9.025813341140747,13.97868485884233,14.592136296358975,8.518129392103715,-13.404534946788441,6.977907007390803,21.21484695781361,7.521678317676891,-5.802414265545932,6.679812214591286,-2.527044648473913,6.113123633644798,9.769982771439986,5.695771087299693,-10.826035239479758,4.482099468057806,5.1712752038782295,3.756543744694103,0.7546954927119341,2.7673065012151543,-5.525517723777077,3.2960210930217397,47.53681793024612,0.3157410225158691,84.36441514520418,0.08256109025126047,720.6981092160015,1432.5975177574928,143819.89674177035,0.06224883423741306,0.10794523094850518,0.04788222993931709,0.048909654868692934,83.45138142944957,2.8371085100932727,0.25248371947463777,0.0032357772495801474,0.012832846998677608,0.03775789843503995,0.05686930432303321,321.35627968916793,515.4727292158477,259.5154999620159,234.03788332847193,509.9685040272396,715.692203639244,40.84970830367806,16.655766066975286,2.562870225625031,3.3902824592180623,4.509951971363613,3.256985971958374,2.876895717699363,3.3422593469887456,2.1991891081102035,1.9247753575271667,3.438047650158903,2.7934719842411533,2.1624906674363786,0.8933226169962992,1.1356633119384283,1.525437103071806,1.4487903236780804,0.9021542909632675,1.7846532934187633,1.0007807603174415,1.6656215459373374,0.7608869695923315,1.3598127163852998,0.36674918118064903,0.541151949331501,0.5690509098459287
110689,AZ,Phalaenoptilus nuttallii,Common Poorwill,Phalaenoptilus nuttallii,44100,1,False,True,False,False,True,False,4,397.73963165283203,1.9502342873229939,517.7712244897959,0.18616946479231805,1.5993500089256525,14733.468658456453,18629.693135200705,0.3350001463875183,0.5777898061618054,0.4375119038887023,0.31649878145692883,41.72052109702755,5.349412312073961,0.8758189803646393,0.005851953406818211,0.004875348706264049,0.25547601132538056,0.06140611069863535,3645.0100777792427,456.10960760408994,2547.3375611980746,258.28301515827275,6643.774814293033,1045.193984103103,-207.4066276550293,12.945710897445679,26.742426872253418,11.554636001586914,-15.783211708068848,12.264195442199707,-6.877723157405853,9.366371154785156,-0.41766173392534256,7.038057446479797,-0.8891245126724243,8.212925434112549,-2.136477515101433,8.33060622215271,-6.219493865966797,7.649700403213501,-4.644800186157227,5.658645987510681,0.13901350530795753,5.0720055103302,2.0568872690200806,4.459692299365997,1.6695085912942886,4.373082399368286,1.116751715540886,4.718936085700989,2.4690863802125578,0.14709557133624754,63.51215135311816,0.19224148979324077,0.8010240240207879,8669.794332316662,8222.509558187236,0.07378773376622126,0.041113772857895955,0.04848051321661756,0.01729560904776185,16.239595972718135,1.0780560202042473,0.03616381327951497,0.0010394085392382995,0.0018199370156788991,0.008220967473971962,0.011624589197504052,59.31867777669802,85.86199646605888,65.09706047176618,22.43132598075921,240.66055436210866,171.56106101950058,3.900705268389978,1.8933264486021448,2.2548683163456005,2.061671144019832,2.065874648823762,1.3323701233380345,4.751218564023476,1.9486620550932612,1.1166085437863595,0.4680172750363868,3.933087956541704,0.6843029154917044,1.8426671489198063,0.6250291012065733,0.8285484412107141,1.0124139258235425,0.31813605439524617,0.3107606235210206,0.5311737187543314,0.24331107642358613,0.2946344234036141,0.4270066626179012,1.0736706828780516,0.46751415381953954,1.4290548989378205,0.5338641575605109
114789,AZ,Crotophaga sulcirostris,Groove-billed Ani,Crotophaga sulcirostris,48000,2,False,False,False,False,False,False,1,445.43792724609375,2.0811104731001966,487.29478458049886,0.6860724695225959,5.370897120614136,6361.024088010352,34164.40595845196,0.29391905533664775,0.5615341140898606,0.40957648705932004,0.23413754786547747,18.00436195045569,3.4241103375373734,0.5863889151984814,0.007229207549244165,0.008766782470047474,0.2819635538641686,0.057412727080341765,4562.19648358657,375.7382346041964,2925.509100941101,278.7020072337478,7816.0736584272545,402.02641270260546,-203.73678588867188,29.484647750854492,-12.411253929138184,10.262785911560059,-8.516663551330566,5.796923637390137,5.547332286834717,6.031490802764893,-7.35078239440918,6.401339530944824,5.059162139892578,5.238227844238281,1.3205538988113403,2.878854990005493,0.01158240344375372,2.974238634109497,-0.8935170769691467,2.9783990383148193,0.6314836144447327,2.9185738563537598,-1.3802964687347412,2.7572383880615234,-0.07938209921121597,2.396588087081909,0.14592282474040985,3.0063047409057617,,,,,,,,,,,,,,,,,,,,,,,,,,,,,,,,,,,,,,,,,,,,,,,,,,
1152009,CA,Selasphorus calliope,Calliope Hummingbird,Selasphorus calliope,48000,1,False,False,True,False,True,False,2,495.30690002441406,1.7990406496664915,1344.2143310657598,0.9589288160482103,202.63462159158854,4107.998769172749,889016.6426613812,0.20163331321391353,0.3402964719353735,0.20837545674003966,0.2513956036050761,21.41125473731078,3.758571903156299,0.6442781545176007,0.01941109634935856,0.04125570226460695,0.26209496670081966,0.10333113360283958,3305.817324210318,758.5898863656244,2095.2633159686375,580.8866178204632,5331.131931992828,1171.8088002559161,-224.40705108642578,39.049062728881836,16.773220539093018,18.938258171081543,-30.483705520629883,24.26197910308838,21.478877067565918,15.367887496948242,5.865461587905884,14.69389820098877,-3.0427733659744263,13.29590129852295,-4.034846067428589,9.742390394210815,1.0694239437580109,9.005743265151978,1.2664927244186401,6.747436285018921,1.591340333223343,5.057232618331909,0.26417669653892517,5.007421016693115,0.2732994668185711,4.7435736656188965,0.64384725689888,4.626230239868164,21.13476309289583,0.19478959268051185,140.23008173810248,0.050664800421533276,251.20063434165317,450.58697180181025,1123236.4172160847,0.05341544390022302,0.010122522293539472,0.05156779800267227,0.004284038412636397,7.746738711407664,0.70792884051997,0.09811027113579152,0.012225106976535827,0.03836481554774813,0.005622919437448807,0.00425145014963084,58.332169146164105,0.5874765454751237,126.38227846832442,23.459119647814312,187.74316709278273,72.64908333005266,3.007286211534053,1.1808481480422153,3.13652328475913,1.470218294674371,3.638577218570476,2.2923987849376064,0.8533502763731643,2.625701457758366,0.15965125063490232,2.956034295045654,1.154551043382328,0.09358218808401293,2.1459890625804627,2.921471519043204,0.7856328927238623,2.06231846456706,0.694604340044276,0.941461129170887,1.0759479716996323,0.2602722995950227,0.09653457482220106,0.12327649732127226,0.5271795931586531,0.36084445821087036,0.3358031189023652,0.7046770996635915
120845,CA,Rallus limicola,Virginia Rail,Rallus limicola,44100,1,False,False,False,False,False,False,1,399.12359619140625,2.1968518950056013,340.06097505668936,0.9447136823107296,35.17531576692704,1056.9455728611501,37178.39427384655,0.18302055451547594,0.4459424351830389,0.2935591862076562,0.22042602663829203,10.366729253509838,2.5180951909009432,0.8102265537606635,0.008460556156933308,0.007053856272250414,0.4427395894320843,0.05467572678934343,5117.193174870256,468.7433040428968,2676.7750365681327,250.6411195240092,8376.113441342213,903.4096774620675,-165.73068237304688,14.136933326721191,-0.5224104523658752,4.247876167297363,-11.430355072021484,12.1041259765625,0.8236216902732849,3.284545660018921,2.488990306854248,8.540356636047363,-0.5338029265403748,3.452171802520752,-1.751076102256775,3.8213038444519043,-1.3011994361877441,3.407921075820923,-0.009047890082001686,3.613220453262329,0.9925609827041626,3.074052572250366,-0.5214319229125977,2.462156057357788,-0.7801426649093628,2.384631872177124,-0.5542721152305603,2.3771867752075195,,,,,,,,,,,,,,,,,,,,,,,,,,,,,,,,,,,,,,,,,,,,,,,,,,
121403,CA,Anser caerulescens,Snow Goose,Anser caerulescens,48000,2,False,False,False,False,False,False,3,403.37709554036456,1.8836109097652276,294.68820861678006,-0.8214632780372882,0.1000402338128195,47085.426883790446,4809.033402500133,0.30856863627584075,0.6127293179180678,0.41231431008007663,0.47201469409453,77.60643829437923,7.651181500541877,0.9694108819130164,0.010996229946613312,0.0022157786103586354,0.0493743443842701,0.015390838151278017,1702.8121783247761,146.15141485424382,2558.332449010264,134.5142273722066,4096.309474257172,542.8315324453412,-238.3055419921875,15.483652432759603,31.311541239420574,5.246196428934733,14.533160527547201,5.323937892913818,6.280773957570394,3.0799152851104736,1.8751552104949951,3.8370308081309,0.9418770472208658,3.400208075841268,1.6111639340718586,2.6785800457000732,0.6309003631273905,2.6324886480967202,-0.08383684357007344,3.275042772293091,-0.24322283267974854,3.0335942109425864,-0.5883774956067404,3.871485948562622,-0.6916315903266271,3.7595253785451255,-0.41475217044353485,3.4296299616495767,14.509150565886536,0.29810751796739365,52.262607566009144,0.09492596808545367,0.058216143914093334,3101.1247624596626,3099.3388858793346,0.05455056031910331,0.06466561474772244,0.05205961152360596,0.007127745828295381,27.8132748679753,1.222461880706964,0.025305713762635813,0.00033898505034549967,0.0011232732201979971,0.0011121162053099355,0.005309924497858157,40.847203067180644,53.57333323056857,25.78550618742759,19.021666005291674,183.35494315271868,50.27050933702413,1.2740999021841541,5.33654061105759,0.8136825064913984,1.5387675920879,0.4491792764070417,1.0512570741600353,0.0834262257467785,0.4513862921127334,0.583670328218064,1.453352321854042,0.38918250500778484,0.6550535398106848,0.3775808899005625,0.49047992146211855,0.11234058884422946,0.05166139086142313,0.3277005849721605,0.12110846827883615,0.5839629484365106,0.2606005787529362,1.025386729292005,0.6756056258886695,0.7348583921655116,0.7675601903469936,0.3603269552874316,0.29412225116185287
123297,TX,Aechmophorus clarkii,Clark's Grebe,Aechmophorus clarkii,16000,1,False,False,False,False,False,True,1,423.1400451660156,1.646715908891163,7573.533605442177,0.9537718232795488,42.263657403023004,6564.23824330365,277428.71622680704,0.3206200835007955,0.45497179182560776,0.3367012525075015,0.3092773314635906,28.3886669271509,4.504064597728492,0.7245409453271142,0.021700534969568253,0.024701513350009918,0.24868370378521126,0.01787919693186213,2956.52473951699,193.8656449203131,1512.1726925732446,381.81991087958113,4539.138561839789,866.7130907802632,-176.80484008789062,19.123693466186523,59.4255485534668,6.972832202911377,-50.491905212402344,18.321853637695312,17.69156265258789,8.534924507141113,-17.46890640258789,11.119220733642578,22.52570152282715,9.384627342224121,-15.781143188476562,8.697334289550781,3.3097662925720215,7.6469807624816895,-0.9738830327987671,7.776683807373047,0.6851513981819153,4.725632667541504,0.4466632604598999,3.6944034099578857,-6.664342880249023,3.7889530658721924,4.543088912963867,3.864889144897461,,,,,,,,,,,,,,,,,,,,,,,,,,,,,,,,,,,,,,,,,,,,,,,,,,
123582,TX,Accipiter cooperii,Cooper's Hawk,Accipiter cooperii,48000,2,False,False,False,False,False,False,2,556.3455810546875,1.9807133890668842,1094.5154195011337,0.7687086158884551,10.681727411679407,6567.12074631088,72236.2633800065,0.1860797963835415,0.37189877734481835,0.20496555680554768,0.3476971593616397,51.510972663921024,6.249992797652334,0.2939456254571696,0.004357042838819325,0.01409538695588708,0.10379864516247073,0.05845320130394656,2284.611133254541,692.1987180563194,2567.124118036786,413.62665417694564,5053.646100153688,1603.766978596464,-299.15675354003906,41.31473731994629,31.905866622924805,13.440115451812744,5.222849130630493,14.9082612991333,4.535029172897339,7.801403760910034,0.845486082136631,9.05933141708374,0.8680417835712433,6.493381023406982,-1.8072163462638855,4.768026828765869,-1.052072286605835,7.4028966426849365,-1.0856074094772339,4.7488274574279785,3.4623959064483643,4.359548568725586,0.9847871661186218,3.9995838403701782,0.0693695554509759,4.220043897628784,-0.6422182321548462,3.5021523237228394,33.99783559891223,0.11255540649152766,48.59975372013148,0.16671455705410818,8.420175349574363,495.9682195774164,60594.1055521472,0.0029262827143078235,0.028752191886615753,3.637374373940794e-05,0.018329978072986124,4.453556746246857,0.11361722384643533,0.04953008753555233,0.001528311733908705,0.006646112175536085,0.014207695921112082,0.0033556909506516196,172.0726510822508,99.7988191714729,67.37021281213272,30.439729309743853,432.0767247223648,177.46688496617693,3.9647655033625964,2.851260601395452,0.10372575440882682,2.408766570850973,1.1886001335951268,0.993949465607202,0.2786510229440772,0.9373502941545284,1.4874517511721268,0.4365543594775357,0.5818289407637355,0.2833879915419136,1.1014044574659698,0.16532017034701163,0.7102647602517718,0.17796456207506792,0.29099988097037505,0.35464381385794763,0.7110493659836506,0.2098252193257872,0.51378078864732,0.08593759270110697,0.13156694969367014,0.06535560069929698,0.061736113642878426,0.19563741000526197
130831,TX,Amazilia yucatanensis,Buff-bellied Hummingbird,Amazilia yucatanensis,48000,1,False,False,False,False,False,False,1,497.37957763671875,2.088856328713646,1238.9842176870748,0.9877829501823135,162.7056433300789,4079.4174129502308,663744.2345859935,0.15407046829020377,0.2711811931226902,0.1817562298969041,0.19394351981958025,14.173443045985442,2.8632987550699975,0.6083680858012381,0.022655505686998367,0.04057501256465912,0.37022925204918034,0.10504361041618679,4395.435413445799,930.7151369294131,2429.8851071108043,432.621498866122,7014.957815701844,839.3305497887288,-162.10476684570312,21.799930572509766,1.1583157777786255,21.9512939453125,-11.954588890075684,14.742555618286133,3.6663856506347656,12.712371826171875,-4.398894786834717,11.34797477722168,8.27947998046875,10.282608032226562,-4.219381809234619,8.713294982910156,3.9992034435272217,7.467303276062012,-1.8676098585128784,6.327306747436523,2.3257672786712646,5.095885753631592,0.0011719876201823354,4.54702615737915,2.7043423652648926,3.9212594032287598,-2.3710765838623047,4.406411647796631,,,,,,,,,,,,,,,,,,,,,,,,,,,,,,,,,,,,,,,,,,,,,,,,,,
130846,TX,Ardea herodias,Great Blue Heron,Ardea herodias,48000,1,False,False,False,False,False,False,4,420.5523681640625,1.9547553089554082,957.3373696145125,-0.39242011266814947,0.4506182907295051,303418.4548942843,122130.40597675556,0.19892115126873927,0.43431357497590145,0.2377741039986576,0.2908175896062895,35.93654239412899,4.7695928652146105,0.7993143706601994,0.025078097824007273,0.022848948370665312,0.18278900075014637,0.06357549374828186,2662.808211505763,623.0096886116947,2189.1836019977013,424.7826590521634,4759.090035860656,1338.138612023073,-155.4293556213379,30.289628505706787,41.495553970336914,18.87504005432129,-14.808499574661255,12.806872844696045,1.5922170281410217,8.608121156692505,0.8362203687429428,7.678470134735107,0.8873186018317938,7.413980007171631,-4.4090094566345215,6.8151408433914185,0.5502104163169861,6.203746318817139,2.332786738872528,6.130947232246399,4.386475563049316,5.221700429916382,0.37360623478889465,4.620541334152222,0.17842548713088036,4.69997900724411,-0.49475137889385223,5.06676173210144,2.256069300738544,0.11528579519705591,73.05802611240372,0.15633424984168046,0.1698394231374969,158155.75010989708,30628.199135280298,0.007951776366349505,0.06057856453264194,0.03484252229662125,0.012578134289142283,18.658090610283864,0.9804523083103103,0.06008995289375012,0.004852636268505174,0.004953170569413336,0.01894403344168078,0.007020831702663848,171.32739607313283,68.7409333276344,77.2237972059142,31.410561051376458,254.92811165797835,105.64753441597878,8.483777772339996,2.03184780394532,6.245784112859986,1.8159169703612414,4.994735058140972,1.1688280698929538,1.4985205292613462,1.2606810464065352,2.121932261258526,1.0448388382491849,0.9466243558856802,0.8380161634824888,0.6946734824909868,0.9225223416317063,0.5542311421081328,0.6065415632461595,2.137416941554518,0.8350031339784014,2.411297408559994,0.7103604297287606,0.4870428016463606,0.42961530306686113,1.6885552967404638,0.7714601199751477,1.772255666286405,1.164448594436655
132208,AZ,Selasphorus sasin,Allen's Hummingbird,Selasphorus sasin,44100,1,False,True,False,False,True,False,2,477.80580139160156,2.1909972921484675,1283.1686167800453,0.9831967268139151,134.68755464514788,122.27075249745667,14525.723774269134,0.057817982073744445,0.23783757176244852,0.12071685646979519,0.24718606012811667,18.35172741456155,3.4473993334041637,0.8361147376162085,0.006017198087647557,0.003295534523203969,0.4376863930766979,0.05173115293871888,5255.06974058686,544.1165162296037,2071.4985784166656,159.21111164628832,7525.791455878586,600.3939876051188,-207.61997985839844,21.452082633972168,-27.178133010864258,18.38815689086914,-26.326096534729004,8.203068017959595,7.72603178024292,6.149141550064087,-2.655130982398987,5.717316150665283,-1.3148348182439804,6.193453073501587,-4.721485614776611,5.815447807312012,2.179157316684723,5.795220375061035,-2.7326501607894897,5.0090625286102295,0.7865093578584492,3.9125711917877197,-1.3949013948440552,3.8888325691223145,-0.24526824057102203,3.2978127002716064,-0.2088567018508911,3.1173919439315796,5.078812582388985,0.007895081368086596,12.003690789416117,0.008327547331955074,67.24550158480017,57.77709552171785,440.30237052312907,0.001275385703347523,0.125390014375361,0.07627584082468593,0.005451244154083287,4.429926299749455,0.2270636968403269,0.007219169074969213,0.00011588704052000503,4.554493817208486e-06,0.0014101770921643485,0.0015383734898541193,14.366155350450175,11.028609144621798,15.21479390606098,18.170875119548505,33.9649319384376,34.00202123229712,1.5627862609958179,0.5871278532927676,0.9998284452122896,0.9107576557928828,0.2860037935478937,0.6000979558661161,0.7947540186506504,0.15117467646239133,0.6673624716281685,0.20374258614869498,1.4401399644269046,0.7321302080844355,0.1620536210000233,0.6066408326289473,0.9553583781177781,0.7590957617617056,0.036369189929626636,0.8522837925184445,1.1312784485965988,0.16444250437362076,0.7028895675245475,0.451756221973233,1.033326907922718,0.08212330291087107,0.8602729805347756,0.32390240831628364
132209,AZ,Selasphorus sasin,Allen's Hummingbird,Selasphorus sasin,44100,1,False,True,False,False,True,False,1,497.0867614746094,2.1814511178423874,953.0391836734694,0.9806973357684535,102.6126399966793,43.261587378461584,4439.185691350964,0.07041063826968041,0.40756999878813505,0.19484600005405395,0.30749019563728563,40.42238870915165,5.264316245942676,0.7670597588157309,0.0033560623414814472,0.0024787907022982836,0.39578722556657225,0.06190610778796106,4962.496516654971,748.9986040079984,2274.180067037834,291.9874863735086,7656.029720144299,998.6612445079797,-241.6077423095703,37.488792419433594,-11.832216262817383,19.04816246032715,-23.715702056884766,8.788374900817871,6.673193454742432,7.045582294464111,3.8930704593658447,6.353039741516113,-6.009528636932373,7.407651424407959,-5.484780788421631,5.8087053298950195,3.803649425506592,6.011911392211914,-0.31217291951179504,3.937596321105957,-0.5376408696174622,3.7380661964416504,0.3374041020870209,3.75699520111084,0.13455688953399658,3.6914875507354736,1.3144593238830566,3.8039276599884033,,,,,,,,,,,,,,,,,,,,,,,,,,,,,,,,,,,,,,,,,,,,,,,,,,
132328,AZ,Archilochus alexandri,Black-chinned Hummingbird,Archilochus alexandri,44100,1,False,False,False,False,False,False,1,437.4101257324219,1.934243747166518,1052.8743764172336,0.20743336864222453,1.523447141060841,18116.212133904144,27599.091582247987,0.14954889938557725,0.4096637441635439,0.2240387623507567,0.26422264243772586,27.484451063294646,4.217614706153663,0.8843712253855067,0.009967789053916931,0.00606272229924798,0.18392994364754098,0.08166755300235687,2890.659152761746,565.876914624907,2317.3416076997873,252.8253799502976,5109.471055327869,578.7365354597317,-189.5745086669922,22.117969512939453,33.024810791015625,14.12475299835205,-14.97329044342041,11.970276832580566,13.561758995056152,11.136741638183594,-7.833309173583984,6.958742618560791,-3.8402633666992188,6.863924503326416,6.730212211608887,7.320205211639404,2.8897478580474854,6.518250942230225,-0.7548412084579468,5.468742370605469,-2.256584405899048,5.770325183868408,-3.287760019302368,4.684860706329346,-0.4439680576324463,4.206042766571045,0.38787341117858887,4.26174259185791,,,,,,,,,,,,,,,,,,,,,,,,,,,,,,,,,,,,,,,,,,,,,,,,,,
132452,AZ,Lampornis clemenciae,Blue-throated Mountaingem,Lampornis clemenciae,44100,1,False,False,False,False,False,False,1,487.39385986328125,1.7281155546417748,2156.7936507936506,0.999949473252824,39581.99537937474,1.2082482586250147,47824.876990032906,0.29442417583686065,0.4693127785507557,0.3403854649706194,0.4196342983775313,84.03293659726175,7.895405315045097,0.5525715976409511,0.007446251343935728,0.015495977364480495,0.49744960239955355,0.028017289664661393,5996.713027652555,298.91000439633336,2068.807998045365,338.3110969737974,8548.489379882812,667.8020996585094,-282.0701599121094,20.683290481567383,-49.96297073364258,16.049549102783203,-19.165624618530273,6.025091648101807,3.829857110977173,5.9898505210876465,-14.224016189575195,7.1811089515686035,-2.0532424449920654,8.241509437561035,6.126411437988281,8.156112670898438,-7.66663122177124,4.752118110656738,-0.5673668384552002,5.168102741241455,2.812406063079834,5.493541717529297,-4.828040599822998,5.717623233795166,-0.8827982544898987,5.1689276695251465,2.8967132568359375,4.099375247955322,,,,,,,,,,,,,,,,,,,,,,,,,,,,,,,,,,,,,,,,,,,,,,,,,,
132678,TX,Myiarchus cinerascens,Ash-throated Flycatcher,Myiarchus cinerascens,44100,1,False,False,False,False,False,False,10,433.8466033935547,1.870501536342673,359.65076643990926,0.9785168114629041,100.1111470530686,2351.5935373819475,239243.30801322003,0.3538099793122559,0.5784185302648529,0.4469097242901795,0.2505428791898966,44.896541045144836,4.8253958909194985,0.5469656083604428,0.01316105918958783,0.024115991964936256,0.4084074712748829,0.0593030210984952,4956.409324369653,562.916906391094,3009.1921370039904,340.9765689439835,8706.617851882684,1122.762256138458,-179.62008209228514,18.82336311340332,5.170824337005615,6.4961967945098875,-4.03456826210022,13.949351501464843,-3.615740579366684,9.893299865722657,6.705204248428345,7.497750568389892,3.762978196144104,8.625469589233399,3.5036828756332397,7.774179887771607,-1.0179512491449714,7.425767803192139,-0.9074527564691379,6.6211987972259525,-0.42237099558115004,4.987114381790161,0.1930469088256359,4.030215048789978,-0.10485788248479366,3.8476075649261476,0.5048295244574547,4.374526786804199,5.957187932464917,0.1667126605241605,30.2398282038538,0.005834748072908266,33.57880968339633,272.1958872667009,95947.10609559224,0.01961636246902706,0.04915390405729591,0.02937471643372745,0.01793205679569102,51.560800020972295,2.2775603961795228,0.03568214282644519,0.002073799001518074,0.005025589184157925,0.01575727832174058,0.0052064158859379045,112.84488169704564,58.161440380444255,37.52366912731328,26.83747140958536,116.75878510199149,120.63286250880338,2.5600711808785577,1.8222268444975016,1.3710338052834392,0.8709960629642365,1.7483000682482006,0.7507036986571162,2.4721960923348987,1.0565555187256948,1.0837585284266622,0.7332447644745127,1.5486020603254689,0.9115607465410135,1.0916706849535618,0.7659514324637922,0.8815821527013337,0.6224441238613476,1.11542690264549,0.7746350798527195,0.8036972447007698,0.40586038562341664,0.6802855215741542,0.6253561832551867,0.556996219496824,0.3725529287996082,0.5362760070984215,0.38964587206848444
132684,AZ,Cynanthus latirostris,Broad-billed Hummingbird,Cynanthus latirostris,44100,1,False,False,False,False,False,False,4,473.8173828125,1.9748039368044392,655.5873129251701,0.38238903692328063,4.498288428856179,8613.107694055725,50353.74209105721,0.31596204916154835,0.5930507211902849,0.40596895669205785,0.32219559243452855,76.1821353198605,7.166289825898436,0.7365060615008691,0.0062031736597418785,0.009010074601974338,0.14125593484704332,0.05720554809877104,2725.247605179442,633.5358114086257,2675.7758954250585,265.4361869470995,5756.116423059682,961.7913733642062,-236.15888595581055,23.31668758392334,28.471471786499023,13.048971176147461,-2.3551039695739746,8.67376959323883,2.863292872905731,8.298514723777771,-1.5309061110019684,5.453234672546387,3.6606481075286865,5.880494117736816,0.18364658951759338,5.805738091468811,0.02618427202105522,5.157017171382904,0.004994183778762817,4.907482206821442,0.1869858354330063,4.222202718257904,0.6158545762300491,3.584932804107666,0.10833896324038506,3.6269801259040833,0.23377318307757378,3.746842622756958,29.168151245041827,0.23695245601194181,87.54789659646005,0.5819741911489968,3.523099971337632,8785.152336811272,74571.72393327372,0.17804320954580016,0.24608624839826307,0.19577220673222623,0.02972942054332838,35.204613126164254,1.4485366111635731,0.11901312208013533,0.002739988428854889,0.008167086956459017,0.0176224307473474,0.01708680012448018,148.48128315045196,133.56677927689555,71.30770015091247,69.08443039433246,193.31096550923456,164.38683619363596,6.484874672569795,5.090420903789789,3.0333985913767845,3.4767443927724373,1.8364106875550685,1.7679561727445088,2.526905898876485,2.9147566681543093,1.577266574129655,1.7395154490858404,2.0585994017657083,1.521424063091346,1.0304675980354856,2.085557356604732,1.1795073122286652,1.9091569436770843,1.1312792369348776,1.6805478915466543,1.1386963055346329,1.2002410996478134,0.09567035243922288,0.7018731776449295,0.32965647228870026,0.6792029526218757,0.6557811881147106,1.540022676698278
132844,AZ,Selasphorus platycercus,Broad-tailed Hummingbird,Selasphorus platycercus,44100,1,False,False,True,False,True,False,4,474.4687805175781,1.9592709797117174,1013.407074829932,0.8506435135738892,30.398758002526954,7525.823305846037,274842.84407224547,0.23490042961411803,0.4343786103916867,0.3012054220949344,0.3027477301248602,37.48333551119911,4.931260958102181,0.7433279422885714,0.016847898019477725,0.019567509298212826,0.35701849979874123,0.08721264297372752,4121.774952969715,746.1107549288869,2408.9255667862576,252.45265817528914,6387.0657498719265,543.2987769039704,-175.56897735595703,23.01062250137329,3.9172793328762054,17.34741997718811,-18.054402828216553,9.118780374526978,6.670490562915802,8.431724071502686,-10.846481285989285,9.33120322227478,14.285342693328857,8.912899732589722,-6.620590150356293,7.399182558059692,2.1074438095092773,6.255693316459656,3.4579878449440002,5.3038142919540405,-5.702093340456486,5.517503380775452,6.3332661762833595,5.282459139823914,-4.236755579710007,4.867832899093628,1.1190683841705322,4.157116532325745,20.140567229236545,0.2459457265395325,100.61884484369864,0.1455280228762929,26.69184788662017,3112.586938113215,303229.83256351546,0.17407326877245238,0.19413258758656035,0.21045750567580643,0.05865091517630095,23.290511020165606,1.7867766088314971,0.12222492485516932,0.008367166481002601,0.01599272945646665,0.05516560919592822,0.019822172394648823,282.971011389353,123.10238351472653,96.26251950552444,55.87627634688791,105.31657266427796,228.41771338569959,7.25365324498538,3.649107664239737,3.8893960235689726,2.948900121894536,1.0916532798608383,0.43838054152541867,2.6417532558460106,0.5705668380676047,7.433589824377495,1.4946048371712717,6.778726343188798,1.278371432317878,4.227943213686578,0.5945986737008843,1.3111859701256212,0.20736253568917143,2.93280555875182,0.3660806068800975,4.407853410677846,1.1112878995491249,4.1384821786175365,0.676625925039969,2.6555684209818677,0.3096035176458416,0.7538199346901582,0.34869315774575316
132890,AZ,Selasphorus platycercus,Broad-tailed Hummingbird,Selasphorus platycercus,44100,1,False,False,False,False,False,False,1,417.10772705078125,1.4898111223557164,856.7599092970521,0.910749496007855,21.408837043385475,12008.328982406723,257084.35834770845,0.32856377471139475,0.3936522603878604,0.3259676721545427,0.3323635262739114,22.42561192508124,4.177511158961874,0.7490835755684503,0.018976271152496338,0.02259635180234909,0.2625375073185012,0.16058771105872602,4144.5173860383165,1317.3624597870705,2675.292425735762,483.8562918230319,6505.094934682377,398.3340172707278,-235.78790283203125,25.726125717163086,4.376930236816406,14.645478248596191,13.687163352966309,8.520867347717285,7.17426872253418,4.5974345207214355,-13.05115032196045,7.896247386932373,18.705841064453125,10.678166389465332,-14.862693786621094,10.292590141296387,9.026918411254883,8.404772758483887,-0.48539745807647705,6.0603790283203125,-5.426844120025635,5.901486873626709,9.155418395996094,5.2962727546691895,-9.912798881530762,5.134305953979492,7.292609214782715,4.60111665725708,,,,,,,,,,,,,,,,,,,,,,,,,,,,,,,,,,,,,,,,,,,,,,,,,,
132942,AZ,Selasphorus calliope,Calliope Hummingbird,Selasphorus calliope,44100,1,False,True,False,False,True,False,1,483.5692138671875,2.1968028432760516,501.9256689342404,0.7539220777627411,7.127506855619806,101.30304574474091,722.0381530408076,0.04333861684713547,0.14473789055341957,0.09332669911711189,0.6921673473793093,816.0324641340694,28.401732976176696,0.6445905425650281,0.0012966104550287127,0.0014864250551909208,0.32283437207397003,0.04703279668404271,4388.760725711684,427.7635707605794,2897.2377317582827,186.5768330495008,8127.251854371489,267.7804428536795,-262.67010498046875,17.10103988647461,22.958839416503906,11.724111557006836,5.615910053253174,4.5612077713012695,3.0012331008911133,4.3577494621276855,-0.8832119107246399,2.731985092163086,-0.6793128252029419,2.8010127544403076,1.8143184185028076,2.939112663269043,-1.0091222524642944,2.5701448917388916,-0.4922052025794983,3.037318706512451,1.1868044137954712,2.3161349296569824,-1.8691426515579224,2.284882068634033,-0.7197983264923096,2.0041961669921875,2.21517014503479,2.0623960494995117,,,,,,,,,,,,,,,,,,,,,,,,,,,,,,,,,,,,,,,,,,,,,,,,,,
132946,CA,Selasphorus calliope,Calliope Hummingbird,Selasphorus calliope,44100,1,False,True,False,False,True,False,1,416.9328308105469,2.1902692141707334,743.0812244897959,-0.77770216177158,0.1250478527892927,2026.8158258940578,253.44896702740886,0.14687995858013225,0.45224421906421863,0.11855976732566842,0.5393393042161299,103.02458232329163,9.474609516654615,0.9074351933780088,0.003348445985466242,0.0006286066491156816,0.09218427169421488,0.03578424745391656,1948.5095804847074,335.09657051539716,2406.451899196805,220.32991902428543,4489.450401116994,1012.0688051234079,-266.61859130859375,13.82333755493164,38.10011291503906,5.24159049987793,5.045800685882568,5.505616188049316,10.845104217529297,3.726708173751831,2.3491172790527344,4.364830017089844,3.4769911766052246,3.719283103942871,-2.3109335899353027,3.8805229663848877,1.4161138534545898,3.558138370513916,0.1621427685022354,2.897012948989868,1.5519719123840332,3.065695285797119,0.25779280066490173,3.0361168384552,0.4381169080734253,2.6761796474456787,0.3302726745605469,2.678776264190674,,,,,,,,,,,,,,,,,,,,,,,,,,,,,,,,,,,,,,,,,,,,,,,,,,
132948,AZ,Selasphorus calliope,Calliope Hummingbird,Selasphorus calliope,44100,1,False,True,False,False,True,False,3,481.4027506510417,2.11710934009615,461.85762660619804,0.38610058256950525,9.969772737390045,241.24297967197586,2231.8740627421344,0.1600128317864656,0.46128921089503927,0.25788419767593135,0.6542590549468352,410.93017821591974,19.260162368357694,0.7053754057785557,0.0015284109394997358,0.001981785026146099,0.14773500012197502,0.06997309372661488,3523.318586799418,797.4324639668876,2840.2027346267246,244.47786978676285,7136.676725794056,547.4755332639762,-305.7464294433594,26.871654510498047,23.781204223632812,17.129942258199055,8.486098289489746,6.3435360590616865,6.672319094340007,4.48371942838033,-0.13173883159955344,3.549698988596598,0.7995585302511851,4.187931776046753,0.1609255721171697,3.846452315648397,-0.4537008007367452,3.7214037577311196,-1.4344786206881206,2.940611640612284,0.23415928023556867,2.488263567288717,-1.6044267416000366,2.3758577903111777,-0.7403723498185476,2.0409087340037027,0.6261014540990194,2.0212443272272744,80.70672404916675,0.06977993055860024,17.958396873745844,0.8181048393538165,9.911878453912868,44.561045127695756,1968.3002336666486,0.03634380920161264,0.12003090916152075,0.0735804198725582,0.04492041975084371,69.20518915248898,1.380830714108355,0.12225412177162114,0.0005537724797621556,0.0014671621382727456,0.020352228440546787,0.04220526106634006,246.96039200723922,525.6579216910683,52.10621870525766,112.12141164339182,175.6873535363334,162.522441286792,7.361162039314566,7.610678386045782,4.305832516840451,11.143950999583499,2.077926464503624,1.5135418692155118,0.8137174836117024,0.9362118646412884,0.4891330487158465,0.8169701396286613,1.1609045105060678,1.360672789197671,0.9925529524345302,1.3594871513726292,0.7109640922660041,0.9725335092423661,0.5320564060397227,0.9712602567691568,0.2311127613045557,0.729934397634785,0.1076706475487346,0.5684601996235744,0.3166748759965101,0.28148876476827356,0.09890537598989148,0.3227841887306448
132967,AZ,Calothorax lucifer,Lucifer Sheartail,Calothorax lucifer,44100,1,False,False,False,False,False,False,11,431.93707275390625,2.110795607086233,735.9637971552257,-0.3281726955706665,0.5654294375769323,25287.95419107055,11691.102854542742,0.1350662813012092,0.49002597835854383,0.2771136069537009,0.31211883455311024,34.22124024642912,4.938789994881962,0.869799040368396,0.00869699338959022,0.004992513684555888,0.14728785078906748,0.06240134882265183,2783.3112323333457,587.9223106995623,2714.729593370239,192.32957044020557,5832.130761864289,789.7169704254927,-206.8216816295277,21.551060936667703,23.16864741932262,10.67102033441717,-2.7857421853325586,6.984982273795388,9.287673083218662,6.872737754474986,-2.3618989342992958,4.7197369228709825,-1.8682392627339472,6.08580697666515,2.475963345982812,5.722043145786632,0.8774992234327577,4.026365778662941,-2.634633121842688,4.462635495445945,2.64876144582575,3.9022395610809326,-0.045613055329092524,3.0997587117281826,-2.1385628526861016,3.3388492410833184,1.9757203513925725,3.019861503080888,16.565125510939094,0.09824176845810682,115.15169252947925,0.24630435393039746,0.36792038209004,18887.49275688677,8599.769437658188,0.05363235596188231,0.11708906511281861,0.07099286193349388,0.03653621185852944,11.558376226494833,0.9670838557122791,0.049065628455515875,0.0032929495305252287,0.0022571222522228657,0.016783485286388487,0.02054176737013296,141.99690350715665,141.52633003903335,93.37311404006734,34.13818819255664,376.31249520536153,186.1612236595319,17.746441464799712,3.3232520200830367,2.672507688908986,2.522297453603128,2.1508433057355614,1.5694658931319547,2.973598313783876,1.2594549488820692,1.4559093482357828,1.0618963038722433,1.988490198110811,1.1510650828820612,1.4457828713054783,1.2892961338640392,0.840499063487653,1.2158707191085394,1.4839265464082527,1.0729309495826889,1.30224262605042,0.6633740348208281,0.7855340569778261,0.6276127114044726,1.0543171435647636,0.6650172852210309,0.8014083758657365,0.4151633753310992
132968,AZ,Calothorax lucifer,Lucifer Sheartail,Calothorax lucifer,44100,1,False,False,False,False,False,False,1,439.8934326171875,2.1720780010513656,730.4024489795918,-0.5817748326194746,0.2644024666190509,61456.70651107018,16249.304791810042,0.13646047546064843,0.4668438949387952,0.29321299196385764,0.31490829299074197,31.82516530729622,4.596267581202913,0.9041864206507667,0.018113035708665848,0.010264861397445202,0.1591133777006173,0.07752884152368625,2921.050687838654,871.7812424915471,2689.9630264024913,223.1363898854343,5655.434389467592,1304.771834118566,-181.49362182617188,30.27454376220703,9.982545852661133,10.854316711425781,-6.9893412590026855,7.245909214019775,13.266249656677246,7.659309387207031,-6.455748081207275,6.564390659332275,-4.143857479095459,6.6711506843566895,3.9867043495178223,7.260073661804199,-0.07394393533468246,5.112125873565674,-3.6768648624420166,5.04933500289917,3.939739942550659,4.021761894226074,-1.141395092010498,3.04036808013916,-3.1266558170318604,3.7874999046325684,3.024202823638916,3.0328025817871094,,,,,,,,,,,,,,,,,,,,,,,,,,,,,,,,,,,,,,,,,,,,,,,,,,
133346,AZ,Eugenes fulgens,Rivoli's Hummingbird,Eugenes fulgens,44100,1,False,True,False,False,True,False,3,455.840576171875,2.123274223541776,682.0368707482993,0.8087729990868602,12.175183079070642,887.5177983780709,11107.250300232525,0.08311616540920452,0.251126844087518,0.13814978433511538,0.2142758059100233,12.180217599535544,2.72130955302315,0.7085963969084256,0.004090178990736604,0.0043722275489320355,0.2906279731411007,0.10605193237407066,3766.7362456838473,1019.7081375160002,2485.0029876390768,252.72043900248988,6320.541431864754,1155.3641564592606,-244.49495951334634,37.68058649698893,5.463753700256348,20.53278414408366,-17.760711669921875,11.726248423258463,7.973761399586995,9.783666610717773,-3.71960711479187,10.025120417277018,2.6728166341781616,8.388155619303385,-1.3677177429199219,7.119430224100749,1.498919278383255,6.629755020141602,0.6876184443632761,5.700242042541504,-0.7512048085530599,4.616524537404378,0.9786827266216278,4.59454361597697,0.1129891046633323,4.311082681020101,0.12595772184431553,4.422031084696452,35.5170814030515,0.04518904804384447,51.162777615417745,0.12477713980755668,6.244590373782638,134.26803083532042,6407.52114904112,0.021560749404199088,0.11808983993354037,0.08582314869308429,0.005844152553989913,3.7951106763201015,0.41575570583190896,0.0781278641092139,0.0014028999603973317,0.0014108826531531856,0.03544804591441569,0.012005959501716594,389.4167634611968,179.1739799283495,29.48602447005902,35.76561339507355,430.5419801327937,121.17166522070058,17.22561778845945,6.277045795538252,7.016475427064244,4.3345065052819205,1.9773637031756977,1.4201113853778693,1.9663688241527453,0.7860509403292414,1.9700779012718064,0.33044589417904163,1.300307965973353,0.8129617003458169,0.1545646629798954,0.5295923869973159,1.5774134941677462,0.38112022353924063,1.0634218315486654,0.6174515937882198,0.9293588016480941,0.08933840792578615,0.6545827463515429,0.3204253558714876,0.17206235025204675,0.3393569465779305,0.6749325390100057,0.29578115398549276
133556,AZ,Selasphorus rufus,Rufous Hummingbird,Selasphorus rufus,44100,1,False,True,False,False,True,False,1,595.613037109375,2.1905180872848242,632.8877097505668,0.5593648676812597,3.5389027186177002,4454.503176462216,15764.053401273319,0.05087071526972298,0.15955381383529732,0.07639634099621728,0.31055231590416743,37.64344690821996,5.333943394901391,0.7400960697184846,0.0064748055301606655,0.004706940613687038,0.1801117443647541,0.07844140139802182,3461.036227514374,1087.8714664011986,2897.6632959418766,228.93985340753923,7031.67504482582,794.7645874177114,-215.5090789794922,34.927188873291016,16.7139835357666,21.817750930786133,2.2042489051818848,7.8389716148376465,1.2424979209899902,5.186973571777344,-1.610433578491211,6.093569755554199,4.050363063812256,8.330395698547363,-1.5120570659637451,5.594452381134033,-0.942004382610321,3.7854552268981934,-1.5909661054611206,2.837251663208008,0.6220129728317261,2.6771717071533203,-0.4465252757072449,2.5174272060394287,-0.2958945035934448,2.3664889335632324,0.6863939166069031,3.148054599761963,,,,,,,,,,,,,,,,,,,,,,,,,,,,,,,,,,,,,,,,,,,,,,,,,,
134480,CA,Antrostomus arizonae,Mexican Whip-poor-will,Antrostomus arizonae,44100,2,False,True,False,False,True,False,7,388.76348876953125,2.1560846396761755,438.1127372853903,-0.27590663787867753,0.5936362639900468,1760.3821570252574,810.7491022010048,0.27152986726794864,0.35842368111103784,0.3128408148180092,0.435399429881316,39.83515669214587,5.758057837028576,0.9402983823546764,0.002259828965179622,0.0008722631609998643,0.09586403401012045,0.016862774689543867,1859.2110310811597,122.1225939676979,2263.453627266846,231.73655081748808,3298.517145876024,632.3333368888929,-291.64080810546875,9.451078414916992,61.499723706926616,8.583585466657366,19.042647497994558,5.328040327344622,-2.698528068406241,8.191510609218053,-3.2718183313097273,5.694783074515207,0.33248074778488707,2.8168814182281494,1.189979042325701,3.9166530200413296,-0.47157886411462513,2.6817289761134555,-1.1410046134676253,3.1861277988978793,-0.6504228625978742,2.4908102239881242,0.2054199597665242,2.593886068889073,0.34726148418017794,2.8760930810655867,-0.19590368973357336,1.8836170775549752,1.8467544863786494,0.021439501984077815,16.17436950131465,0.1972879125025233,0.19787859373935066,1455.37892462644,85.90833816201079,0.004355882457562201,0.016362933536973753,0.007095298705719715,0.0064401000418036515,7.415203040815763,0.3163013564496615,0.013680813815829137,0.0007295111130010432,0.00022754332759271608,0.011874044923497702,0.0014523340424411253,192.11183419329188,42.756410827577234,130.38484615074128,20.755658637834387,509.52198036500573,122.37361873468652,4.151394125141277,0.7281081600664281,1.5176333261481307,0.7569729131459235,1.0386268796591636,0.4519707412772582,0.6055103988831514,0.638838572441467,0.25823000031100346,0.48741795105522295,0.20826414509743923,0.17289955918994926,0.24484015485583827,0.2834090604957381,0.18962035931936905,0.16374759716193926,0.26923462583906566,0.17481730254311892,0.10429055228385513,0.17721722914833246,0.2719034828275101,0.1798386092704223,0.12454457605802746,0.10888442133627056,0.10263021371462158,0.06411022147789401
135420,CA,Antrostomus vociferus,Eastern Whip-poor-will,Antrostomus vociferus,48000,1,False,False,True,False,True,False,30,398.83416239420575,1.7711179480168497,550.7508888888889,-0.8790427694301423,0.07151384147247827,5186399.349018734,345552.15649515955,0.31552454494599724,0.5322323542194691,0.34335258204216695,0.45289890503402647,102.87508281547085,8.791193230767103,0.938808647404926,0.11338848620653152,0.045191080309450626,0.03532552845677205,0.029112037585679047,1301.7743293769606,326.85905202615373,2004.342105274932,284.15120759239994,2390.504930840164,779.2376506010382,-163.41524759928384,17.10787836710612,49.25276966094971,11.315772438049317,0.3394936680793762,11.218843269348145,-18.001181387901305,14.43446715672811,-15.034495413303375,7.370068200429281,-4.5226877262194956,10.766639709472656,-3.5423514475425084,9.000959062576294,-6.008671486377716,5.628409965833028,-4.398194102446238,4.876726786295573,2.4110955516497294,4.388227852185567,4.214496306578318,4.389086683591207,1.2540752989239992,4.67209776242574,-0.6983670813341936,3.8438435395558677,8.958982218000399,0.3097598042149677,68.51166566468396,0.13876268120182897,0.10049187931908912,2817742.779038177,518376.45082657476,0.023444211024750746,0.08992551271366989,0.027529861207634863,0.060757550845900565,46.40764801633668,2.2560510294529035,0.030426428558718233,0.023312983601762816,0.020953261661738123,0.011442948334405553,0.010562495434110676,180.50263186923343,65.25230153286694,187.08258696343148,79.91609624932543,354.39480430472844,302.5943514533993,9.964588087851476,4.21672424578314,8.43363551493106,2.3384103636257008,2.00458221371049,2.012611288224356,6.893476968794086,2.2135056514685707,5.304376146475996,1.2448744494874744,2.3519904106761413,2.1582790749924183,1.6352601456178768,1.5793945713707795,2.299905359178124,1.1372220049684219,1.7829928958209695,0.900651827988752,1.6487903813508045,0.9006505923609126,1.4682416160274694,0.8030352459365405,0.7743216848855217,0.7414416189178399,0.7197508080354243,0.59924078306054
135438,CA,Antrostomus vociferus,Eastern Whip-poor-will,Antrostomus vociferus,48000,2,False,False,False,False,False,False,6,431.85072835286456,0.7752687062626779,729.7150491307634,0.29041610952388064,1.9528682424216353,1545322.1138998384,2530302.961603506,0.2952529943319146,0.39647651978354825,0.3016905941497135,0.4353646484373454,91.50372952811485,8.00261092652253,0.8641142333492963,0.07814512029290199,0.057251339157422386,0.11328925461065574,0.04829733790390958,1857.170397848334,274.07464624604836,1826.6235317056346,509.73788533377115,2559.282546746926,776.0231275349205,-162.8461151123047,22.52363046010335,67.50850741068523,11.773643811543783,5.171711007754008,16.177698930104572,-28.154296875,20.214765230814617,-20.453081448872883,11.004705588022867,-7.364082892735799,15.777369340260824,-3.413371821244558,12.177427132924398,-10.96300220489502,9.090889930725098,-9.770657380421957,7.599289178848267,3.1557952761650085,6.247243642807007,5.828181982040405,5.843329429626465,-1.8382292985916138,6.158557653427124,-1.640241930882136,5.5344169934590655,5.322233582939739,0.030581837883505106,64.31986131691491,0.18904853428509777,0.6211193024575533,1075445.351767107,479088.97841364314,0.010452504036716386,0.030270848465597522,0.0047540724134690045,0.020608279754194277,53.20574374769268,2.0213880238202617,0.030339538048431293,0.01629495876800739,0.005051443784560218,0.012585252414699525,0.006359801508032184,108.79844011984602,46.271830516345645,144.66686804511957,56.1884860555876,346.0010668901592,352.104691575992,4.772050953186316,2.0289930050681564,5.552461492556908,2.850637373711858,0.9813756176727758,0.561950739875505,3.0240874270442593,0.5810039029152582,2.2115991512121593,0.8701510468464559,1.6634986452072011,0.7127078091947111,1.2523569239745604,0.45667159835097315,0.8983170348029446,0.4218261659295417,0.8934609579414537,0.23936771343963098,1.0997033609221296,0.613898225582316,0.8566397660404165,0.46506664931031766,0.49818572993363264,0.29327036061051825,0.8200377504731171,0.22572786736755318
1382,TX,Parabuteo unicinctus,Harris's Hawk,Parabuteo unicinctus,22050,1,False,False,False,False,False,False,1,394.62890625,1.7316912541751222,1728.918276643991,0.11952427326893998,1.271499303479262,1189071.2222532604,1511903.2308822556,0.3183365193822151,0.4247500829860391,0.3093015298206159,0.4511589470396382,70.02003911728464,7.591922922213446,0.7011966316627005,0.03840155526995659,0.06008648872375488,0.09040178571428571,0.02952246344466223,1943.9229215680928,195.15327702806712,2181.6953356069694,368.739897249942,4123.684042008197,724.6488842914296,-168.08969116210938,56.74553298950195,48.10675048828125,18.879192352294922,4.031710624694824,4.743407249450684,10.091050148010254,3.0036959648132324,-0.6130738258361816,8.607946395874023,3.9096219539642334,3.399318218231201,1.9403455257415771,3.1574783325195312,2.538511037826538,2.8690693378448486,-3.1598641872406006,5.7513017654418945,-4.223433017730713,6.739078521728516,-1.987404704093933,3.075958251953125,0.23996149003505707,2.5774924755096436,1.3413569927215576,2.553764581680298,,,,,,,,,,,,,,,,,,,,,,,,,,,,,,,,,,,,,,,,,,,,,,,,,,
140011,CA,Gallinula galeata,Common Gallinule,Gallinula galeata,44100,1,False,False,False,False,False,False,4,421.29034423828125,2.1814684015416286,322.48090702947843,0.32443184895108557,3.2537979001335673,15886.313488823664,18130.655108144023,0.2704413145221365,0.6284352970236083,0.4080472912512517,0.2396813317113191,22.98791865484301,3.757859993255114,0.800866926039449,0.0069969932665117085,0.006529530044645071,0.3263339683657787,0.08861381561701454,4430.376546302422,579.4493689476179,3071.6771773382698,366.3946970146941,8239.43181272413,569.0565252188783,-215.5306739807129,18.99777340888977,-0.3156644068658352,11.100401401519775,-0.7703686729073524,5.66034460067749,3.809426188468933,5.996691942214966,-0.47599345445632935,6.007097482681274,2.1480398774147034,5.470992803573608,2.0228815972805023,5.342147588729858,-2.689864754676819,5.492866396903992,-0.05911281704902649,4.396795690059662,1.7692643254995346,4.183020889759064,-1.6747159361839294,3.3426974415779114,0.9033032581210136,3.0658264756202698,1.79728564620018,5.392242610454559,4.6822367407859025,0.013676606039698336,69.21388168073516,0.42766030190806625,2.753089489146055,16692.67688911603,11523.45238246449,0.07130012909137357,0.09091228063128409,0.04618824932931513,0.033306063005813194,16.34752929063504,1.3040799781869032,0.02452753299306941,0.0035126731883213273,0.003391495033829151,0.01017925385285224,0.028931406782885697,79.44124891555066,211.30178029241685,47.11273992920491,92.15973676765907,65.51259029514853,170.1641877182667,10.180261757083489,2.6819229803000284,5.371168057753931,2.1353920711285985,0.9839001765829599,1.1398254483930212,1.422067874703284,1.340551065627613,2.341834220708375,1.2935801272344032,0.8273239216865935,0.7724934728184272,1.937461558271305,1.185772288863653,0.457916013726686,0.30799966797478345,0.7019721413334092,0.7096481259322344,0.6298308757378438,0.6422117025435297,0.6639148217234581,0.4912594217055858,0.5446515198614933,0.2392337941623611,0.6971801354906397,1.6977245711144853
140797,TX,Asio otus,Long-eared Owl,Asio otus,44100,2,False,False,False,False,False,False,6,488.3863932291667,1.573376825706248,1591.6796825396825,0.927811623012651,57.57865182635621,23442.1916130433,812097.855109179,0.289419037956613,0.5196535205219083,0.2805183291545388,0.40010995926537424,95.82264546238436,8.061614176195215,0.7671787859773268,0.03387860767543316,0.03757533524185419,0.35234256836699845,0.0664617032412788,3809.565165309721,791.4791009871406,2114.4825604329803,375.1558185454953,5259.594126216701,936.6305269694973,-210.9748509724935,40.97363408406576,5.698005398114522,23.06446425120036,1.6374487827221553,7.975027402242024,31.514066060384113,18.46932570139567,-20.302122751871746,9.980964501698812,-13.137073675791422,14.304212729136148,32.01488176981608,10.593900203704834,-13.693618933359781,7.651124397913615,-10.82123072942098,9.50822114944458,15.492499351501465,7.396989504496257,-0.4987128674983978,5.975371281305949,-4.75622820854187,6.48587703704834,12.47344160079956,7.0835732618967695,9.292534671522665,0.10028649358890224,226.11282634927767,0.05966644013686442,58.38520504437116,13162.00813134575,338335.5922077521,0.018709373419079932,0.05706511968211068,0.033010473622783046,0.011326931984857529,81.84107066069626,3.014830526182179,0.06514837874433055,0.009533574426825373,0.0063819075301566035,0.01927805562445078,0.004058051822050348,256.1632111825339,65.99275722510411,65.51020672079886,72.86158357238865,153.48587089291138,189.64094849264092,7.490353891840443,3.994087664101552,8.075104564601528,1.2709556663067723,1.772922394574072,1.3596218261691622,2.3918639898062493,1.4521816343069618,1.4439327909030408,1.3922374668935067,1.8551694866270516,1.8944899723289896,2.61075206794975,1.6692480758848407,1.3214279167576537,0.6558874845349634,1.3367569609392205,1.4249780693676743,1.3977590651549119,1.0888888598355981,0.3335728999368167,0.50102393155163,0.5495032204010745,1.1293563159267066,1.3942925356432612,0.7093934072464658
141468,TX,Columbina passerina,Common Ground Dove,Columbina passerina,44100,2,False,False,False,False,False,False,1,394.55609130859375,2.197220516823386,321.4299319727891,-0.016514314180158453,0.9675079554713844,24660.03831474421,23858.783251744175,0.03095214674400626,0.20601519281202163,0.18162373230461937,0.33167581427226467,109.1052654881124,8.307372368933182,0.8960070257581633,0.011371486820280552,0.0024903088342398405,0.2648165343237705,0.031040700315396883,3893.550948870177,251.11585679333348,3078.4154538889197,86.39071329602959,7891.843301741803,244.99548025455078,-139.3959197998047,9.058904647827148,18.520092010498047,4.949313163757324,-0.20257508754730225,3.1258249282836914,0.12228427827358246,3.0449540615081787,-0.1831091195344925,2.4463329315185547,0.5012789368629456,2.7514376640319824,0.13096168637275696,2.6442384719848633,0.6904734969139099,2.263659715652466,-0.2754693627357483,2.47294020652771,0.5462278723716736,2.041701555252075,-0.05322985723614693,1.9474457502365112,-0.10874193906784058,2.096864700317383,0.09982962906360626,1.896774411201477,,,,,,,,,,,,,,,,,,,,,,,,,,,,,,,,,,,,,,,,,,,,,,,,,,
144038,CA,Branta hutchinsii,Cackling Goose,Branta hutchinsii,48000,1,False,False,False,False,False,False,6,453.2858428955078,1.1258935923367284,1599.0844595616024,0.02076336867935523,1.0430833080450805,1958016.9982860952,2066235.931386915,0.33493323628432,0.4330163089996044,0.3336408651611425,0.39751260198484534,31.201696470352115,5.045560799329812,0.9357887999525762,0.07511048081020515,0.031288440339267254,0.14929113455064402,0.011921111907608263,1750.8475876222303,113.2698955456043,1024.292361038643,134.12935450980655,2370.1063812756147,249.36713001639941,-141.44777552286783,26.65657107035319,108.31118647257487,9.403109073638916,-15.01992130279541,10.072094996770224,-8.34808905919393,6.548974275588989,-15.551679293314615,7.58279824256897,-2.1203170691927276,6.7510762214660645,-10.264574527740479,6.447184721628825,-7.1827371915181475,6.909311294555664,2.8594144582748413,7.826183478037517,3.853307326634725,6.375276803970337,3.7259110808372498,6.015467564264934,-2.3711179892222085,7.780986626942952,-8.767452239990234,8.86825688680013,11.683345654329209,0.06066005963534103,163.1854890411469,0.019623968777481682,0.040483215777582036,873335.1778693943,969608.981113722,0.013368756006690442,0.004533593839673843,0.018145100901186106,0.007160547923825882,5.597234562296093,0.3922248721746928,0.015031590793600202,0.017969979576978455,0.010315140288740568,0.002361157375263203,0.002619133463837188,44.7086038170564,21.878307761633287,31.443763552082217,27.36455007424158,93.98465946925766,30.983190282177898,15.024387650034551,4.2996585904446825,3.384033787116876,1.178955972982861,3.653201572393305,1.9690743153926098,2.1823106593356525,0.5583251929720903,2.310635893299772,0.7849906507690982,3.6065705602948124,0.8302238012420451,1.3952578115547145,0.8394876214918401,2.111591256434419,0.7442502102207497,1.4904445568711755,0.7878521903108295,1.3231995095343547,0.5455009567631316,2.194542156686592,0.7024624627490644,3.1984173779302876,0.9405665162628171,2.4551381430430994,1.1503792472686258
145955,AZ,Saucerottia beryllina,Berylline Hummingbird,Saucerottia beryllina,44100,1,False,False,False,False,False,False,1,430.69586181640625,2.1794818027590703,539.895873015873,-0.37988153495172994,0.4493997849387576,7649.01182386869,3437.464268640603,0.0971207357877385,0.39265831588274247,0.18521661353968644,0.3808741799947397,129.2108549385013,10.166934388865098,0.8366040783946203,0.004819171503186226,0.003266336163505912,0.19098772321428573,0.06832102495809782,2972.7160906278873,486.9481345355765,2740.3453110327223,142.49181403645363,6035.978723744877,744.4432254922149,-220.5595703125,13.410752296447754,29.802358627319336,8.05221176147461,-1.1942658424377441,3.9489216804504395,4.681432723999023,5.561063289642334,-2.5318570137023926,5.3570380210876465,0.5654430389404297,3.3794751167297363,1.915231704711914,4.210309028625488,-2.901020050048828,5.178524017333984,1.353060245513916,3.976473808288574,2.442655324935913,3.219363212585449,-3.327468156814575,4.0522027015686035,1.3714176416397095,3.3685824871063232,1.9930002689361572,2.542027711868286,,,,,,,,,,,,,,,,,,,,,,,,,,,,,,,,,,,,,,,,,,,,,,,,,,
145957,AZ,Saucerottia beryllina,Berylline Hummingbird,Saucerottia beryllina,44100,1,False,True,False,False,True,False,3,452.25563557942706,2.1808057842114508,516.1074225245653,0.030346778555154195,1.0708456147034657,5777.830897469539,6190.866957788225,0.07908807327698397,0.38016865826077323,0.21226964600248152,0.3289698852473053,78.77988025572772,7.505117045980689,0.75232652010502,0.005178424064069986,0.0031082536249111095,0.17982967713212336,0.0686031831121084,3163.3880915109053,683.033837890969,2832.0288854596033,119.15218558547257,6560.634125256147,609.970448746241,-213.2171376546224,19.355913162231445,22.818222681681316,13.09743881225586,0.37405925989151,4.315288623174031,4.582767089207967,4.792910257975261,-3.5504764715830484,5.02355972925822,2.7566299041112265,4.8449015617370605,-0.11311833063761394,4.2606736818949384,-0.25228246798117954,3.259211778640747,-0.1596114623049895,3.2491041819254556,0.8532969653606415,2.756230036417643,0.10838593045870464,2.564800262451172,-0.56673863530159,2.6410959561665854,1.304278552532196,2.610513687133789,11.585952060779919,0.011927115180034883,37.82562951953856,0.07401977904886153,0.1622681319474919,578.2038939670794,1175.1471827455744,0.014141178244679942,0.07573581530593203,0.03725902411564192,0.020687567659862207,21.946831622053903,1.089061735268292,0.09325715080203986,0.0001614083918831027,0.0004998364886109614,0.004296519930203892,0.0018628776080661731,37.94848906366964,10.937340477308876,42.07994510992033,9.09999518711645,144.97463983437254,63.02610886194194,1.636629637800357,3.011539900533147,1.5894336992855578,0.45669148894903233,1.2262934275815591,0.5290810569211446,1.019670165323205,0.1426830732847476,0.3135046706780157,0.43971811104877223,1.0712438375740025,0.40341102463536904,0.6498508801183785,0.1795714380587811,0.29086010774202603,0.365400280818433,0.3295491355425165,0.4795256813762324,0.9367626515234663,0.08798865809766193,0.5829117497178007,0.08012847749172768,0.22049385458105375,0.2861324698022243,0.4349393275253592,0.25105624816472466
147270,TX,Fulica americana,American Coot,Fulica americana,48000,1,False,True,False,False,True,False,1,401.9753723144531,1.3652951458776892,516.342403628118,-0.711016890848962,0.16889553264880516,6317.725043511106,1067.035536352504,0.458350976409161,0.6371364254227764,0.5006722661801151,0.39897117316390285,57.45472289755907,6.849547839191658,0.6277463913575524,0.00240239966660738,0.0039059873670339584,0.10793351898923445,0.034685067399893306,2215.8350287395056,571.0023260261333,2481.0713130716636,576.3691695379164,4872.376598011364,1703.344855503775,-326.16571044921875,47.560707092285156,39.79217529296875,18.599775314331055,3.3282313346862793,9.281732559204102,2.975961446762085,5.2933759689331055,7.136238098144531,4.836240291595459,-0.660252034664154,4.738187789916992,-1.7727227210998535,4.501692295074463,0.5906299948692322,4.656792163848877,-1.0614910125732422,4.473008155822754,-0.17562511563301086,3.7192089557647705,-2.0323522090911865,3.5646538734436035,-1.9773200750350952,4.495848178863525,-2.5628397464752197,5.11787748336792,,,,,,,,,,,,,,,,,,,,,,,,,,,,,,,,,,,,,,,,,,,,,,,,,,
147312,TX,Buteogallus anthracinus,Common Black Hawk,Buteogallus anthracinus,48000,1,False,True,False,False,True,False,1,413.1868896484375,0.9935125386539811,658.3942857142857,0.9698732782644386,65.38624731741777,232.07802364183533,15174.711050782573,0.33502165067589185,0.48733330135341146,0.3800696983834696,0.32356343273260857,25.79378326226766,4.340925542566553,0.685147403589878,0.004597899038344622,0.006781902629882097,0.2514788837859425,0.03562975881060957,3594.4792945636927,463.9300154152791,2288.3588784678086,519.4065891552359,6110.717149435903,1654.4857846595683,-266.29022216796875,38.491641998291016,38.342628479003906,7.433408737182617,-13.638896942138672,12.346174240112305,-8.278759956359863,9.85678482055664,-2.3558404445648193,7.341480731964111,-2.3168303966522217,7.3455963134765625,0.40607401728630066,6.263983249664307,-1.8461692333221436,5.593591213226318,-4.449256896972656,6.14012336730957,-2.6076407432556152,5.550505638122559,0.36569350957870483,6.386408805847168,-1.2380683422088623,4.623029708862305,-0.9197781682014465,6.381252288818359,,,,,,,,,,,,,,,,,,,,,,,,,,,,,,,,,,,,,,,,,,,,,,,,,,
150244,CA,Anser albifrons,Greater White-fronted Goose,Anser albifrons,48000,1,False,False,False,False,False,False,1,509.43939208984375,1.364382269897673,1326.332970521542,0.0778577792500694,1.1688628445767328,178210.60669426824,208303.75667440772,0.352967563871769,0.6100719145589384,0.4161429827077595,0.3643251371958044,57.831449998936705,6.504699016694276,0.721255210037658,0.016451753675937653,0.02111036516726017,0.13276904639929743,0.04642431686679772,1952.2675676203426,534.9883034977297,1543.6967333625998,339.7959134242214,2900.6535764600408,1057.3801481051196,-214.74871826171875,58.66001510620117,76.95266723632812,19.654233932495117,0.7995742559432983,18.670576095581055,6.251415252685547,12.489705085754395,1.9336661100387573,9.61769962310791,-1.1204156875610352,7.680704116821289,-2.002694606781006,8.361959457397461,-2.226534843444824,7.942454814910889,0.4888918995857239,7.2350640296936035,1.1075390577316284,5.4347991943359375,-1.322064995765686,4.800927639007568,-2.2702274322509766,5.6020331382751465,-0.21686667203903198,6.38228702545166,,,,,,,,,,,,,,,,,,,,,,,,,,,,,,,,,,,,,,,,,,,,,,,,,,
154199,AZ,Cyrtonyx montezumae,Montezuma Quail,Cyrtonyx montezumae,44100,2,False,True,False,False,True,False,5,386.30585327148435,2.1950609834017127,206.7185963718821,-0.2301320287879216,0.6468353897402592,58.7459324933252,34.362932992434594,0.1867453239956118,0.5662791646286184,0.4636722781074335,0.3637654858317034,43.20338139469753,5.577237514371326,0.8016245473539833,0.00040431521483696997,0.00020560415141517295,0.24867695221018735,0.03970633491366522,3820.4419466875506,298.55776360284926,3192.689712963048,105.16789558706664,8045.5913806352455,438.4622897934829,-339.3662048339844,5.5037578582763675,17.31717872619629,4.542718887329102,3.5467938423156737,2.825639343261719,-0.6407911658287049,3.5634984493255617,-1.246390038728714,4.483770036697388,-1.2354286938905716,3.225221586227417,0.03151496648788452,2.8178038597106934,2.15353684425354,3.465746450424194,2.469033718109131,3.226688051223755,1.1174544155597688,2.5460031509399412,-0.17732224017381668,2.959636163711548,-0.851382702589035,3.201740550994873,-0.5998011946678161,2.773551893234253,6.044518703495068,0.003451680143318152,22.413482521983774,0.1616782329977131,0.20015917524325963,36.25703467129863,20.46885467885788,0.052471867739114775,0.04546022028260466,0.05566473320576661,0.03758513271442054,22.94195469145428,1.430202614599403,0.2512588536052096,0.00010386444754656138,0.00012167721557880151,0.04570323536331057,0.0034166855061279477,279.8103754732797,67.37103490134282,17.940492567714724,50.63122392150071,265.29483562287515,216.59366107595451,3.719689430508161,2.913898766423921,1.9968675719633242,1.9022504993520097,1.3981266742137184,0.8826727520511721,1.2203150007185262,0.48058014307433866,1.276551672236422,0.6053749511661898,1.1751238943854578,0.5689174003982026,1.0405031670203602,0.2648408121577932,0.3886888444822935,0.286607824173592,0.8741513500415076,0.30708419177833574,0.5887716474715482,0.17949814040607087,0.3855798351234825,0.28655888579782873,0.5114854063414586,0.1912192294440024,0.19413165219893674,0.3472291535171323
154976,TX,Glaucidium brasilianum,Ferruginous Pygmy Owl,Glaucidium brasilianum,44100,1,False,True,False,False,True,False,2,381.8650207519531,2.196813987138543,353.7092290249433,0.027888419492529695,1.073585998713752,6764.760669702567,7247.455841968349,0.226948572442283,0.4847656290954387,0.2992235999864843,0.5506270185524207,201.23389435546738,12.95575598242432,0.8288878499284784,0.005746603012084961,0.002622046391479671,0.23761801083138173,0.03486043106698196,3644.0119023821903,374.2793251684649,2832.2549947391444,134.1396352970374,7298.621205814548,611.1031202552981,-195.35289764404297,10.52090835571289,23.314424514770508,5.598061800003052,-4.352755188941956,6.164618968963623,-6.462487459182739,3.495442271232605,-5.84090781211853,3.208667516708374,4.322285771369934,4.760110139846802,14.171285152435303,4.612085580825806,7.114276647567749,3.3013018369674683,-6.797664165496826,3.594348192214966,-7.195183515548706,2.95995032787323,-2.1813032627105713,2.951958417892456,1.65025132894516,2.5106968879699707,5.7978315353393555,3.064782500267029,0.700589866882399,0.00041184684072452635,6.6927576668469335,0.12154812993875776,0.259271163377434,116.45334928214045,1628.8846835110653,0.026294358902285042,0.09737053297816245,0.06855293348486383,0.12196541129467287,108.39278249733702,4.156568126975922,0.11441622736313971,0.0003768033623995204,0.0001441878261144354,0.011533696125362413,0.006169032404655187,75.73239629535354,28.5520756747911,80.4766803598417,35.83002581991727,238.77079712312943,2.7976857470127174,0.5545527226660917,0.9559606565829988,0.7773443356425583,0.08266413127096285,4.689619648107505,1.8025040483342596,1.965428591811912,0.5171460459135209,1.0030036201917063,0.15833795483530289,1.4947907502931925,0.3934037416225062,3.3736286418394728,1.0656716006551605,0.6516236582824424,0.13990174318487952,2.2946625764648236,0.829892689191153,0.0019080721257851946,0.1695839141297677,0.289216057754,0.2898732114159818,1.1098442795865793,0.3010596593603493,1.5443340335429603,0.768850734143249
154983,TX,Tyto furcata,American Barn Owl,Tyto furcata,44100,1,False,True,False,False,True,False,2,481.9591522216797,2.1523502177352896,644.6129024943311,0.8363066604899476,11.386254429456741,1565.549803442991,17372.39521394447,0.18666275036243068,0.4332851066997457,0.23968456694259982,0.29707965457220825,93.21354648971416,7.1728996654807995,0.6323813495510917,0.005164659582078457,0.005667234770953655,0.33918279786299765,0.03887012515063603,4255.185510826831,387.10628536759583,2673.243819792675,355.48850589737754,7494.336337730532,837.066291580893,-214.36023712158203,27.861308097839355,14.7378511428833,11.546178817749023,-8.074883222579956,12.578104019165039,2.067891776561737,6.953787326812744,-1.6229760646820068,5.355531454086304,5.5153844356536865,9.272026538848877,1.6368012428283691,5.208328723907471,-1.1801033020019531,6.599188566207886,1.976080246269703,5.5842368602752686,-0.020329654216766357,4.701388239860535,-2.4236150979995728,4.450455546379089,1.5276756286621094,5.075483322143555,0.353261262178421,4.5419840812683105,31.480342971545102,0.014305909196829537,106.24075753402232,0.02698363351875386,2.041782220308218,444.0759308551351,1859.8497810374847,0.04863610431822133,0.012037730165515195,0.015662904805846325,0.0714287460833832,96.34847204609154,4.518343481657934,0.06785333582819648,0.0010971944193049288,0.00044471642332974626,0.0024225289954841493,0.006399737217301992,81.82347182168398,104.07134332464338,197.6490599624627,22.32966528873138,478.8609669304811,75.81972497962248,12.492266555866287,0.04953637116661206,0.05440517510659054,2.3976404771936735,5.336670710501304,1.0061848643173086,0.8485388764408576,1.7242923101399876,0.28043450898566413,1.3206431754066652,2.410080541000149,0.5928321763576261,1.5620333496940193,1.6645887704133955,3.167906839684706,1.2405405610008005,2.8986291810190425,1.6113512315979508,2.164026312162882,1.510639651207229,0.4465935702054366,0.8904733891289538,0.3305899330632042,0.8419625350803087,0.120346785587583,1.3200838024332286
163344,CA,Branta bernicla,Brant Goose,Branta bernicla,48000,1,False,False,False,False,False,False,1,406.8258056640625,0.6758278883814752,717.7097505668934,-0.0800354275569968,0.8517911070046392,660713.1672987284,562789.6001859253,0.31849601247324877,0.4900270411734552,0.35458644354477553,0.46923222842001344,100.4947264278825,8.763584352961852,0.6387384303702184,0.02432858757674694,0.040855228900909424,0.09965282860070257,0.01120158563332411,1896.9074568418873,192.92932133497982,2050.4819554861056,434.47863098747274,2955.4699506915986,741.8770464095124,-197.34136962890625,39.28807830810547,70.86634826660156,19.233367919921875,20.695947647094727,8.52129077911377,1.4343181848526,7.782790660858154,1.5210161209106445,5.684972286224365,-1.5713629722595215,7.1152238845825195,0.2409803867340088,3.711672782897949,-0.1795962005853653,4.810571670532227,0.31820178031921387,2.8655152320861816,-0.9951717853546143,3.0563807487487793,-0.020410774275660515,2.9586799144744873,-0.13855348527431488,2.949158191680908,-0.5095391273498535,3.1958765983581543,,,,,,,,,,,,,,,,,,,,,,,,,,,,,,,,,,,,,,,,,,,,,,,,,,
163349,CA,Branta bernicla,Brant Goose,Branta bernicla,48000,1,False,False,False,False,False,False,1,405.6919860839844,0.4752864773312266,860.7814058956916,-0.19041185678833158,0.680090792606766,128679.3453265558,87513.63795525709,0.3984400290006226,0.5989691477329318,0.4516175479653082,0.5519074460379971,139.17093354081118,10.931105004962099,0.5909972023029676,0.023062368854880333,0.02846505120396614,0.08211870335820895,0.006284230210883582,1190.907422469359,68.71971605677896,1114.886902781418,168.07259873370475,1646.0848224696829,72.70994004349461,-237.12039184570312,46.07693099975586,96.4904556274414,23.39983367919922,20.76593780517578,4.022447109222412,-3.146167278289795,3.852606773376465,0.8672230243682861,4.4468913078308105,-0.9027884602546692,3.6652657985687256,0.5066048502922058,2.411266326904297,0.9127023220062256,2.035527229309082,0.44601207971572876,2.871481418609619,0.23501095175743103,1.781303882598877,0.12231462448835373,2.000699996948242,0.646101176738739,2.0593760013580322,1.3892021179199219,2.400585651397705,,,,,,,,,,,,,,,,,,,,,,,,,,,,,,,,,,,,,,,,,,,,,,,,,,
163986,CA,Geococcyx californianus,Greater Roadrunner,Geococcyx californianus,48000,1,False,True,False,False,True,False,1,412.44073486328125,2.19673130625945,441.68349206349205,-0.9972394264383296,0.0013821946057781516,14979.556014719592,20.704661520497087,0.18774490850519276,0.3661696381378875,0.12796546672835518,0.50527980646701,104.45184974868957,9.632060939246092,0.7771098858176739,0.005606446415185928,0.0070213209837675095,0.05330815296692607,0.00979243041009502,1284.9334945913852,322.8584084897909,1876.3799392558099,453.3757140397636,2176.319784320282,1157.0487407465337,-355.45599365234375,64.03840637207031,39.128211975097656,9.443392753601074,9.36363697052002,8.55880355834961,10.533607482910156,7.584319591522217,5.760063171386719,6.343873977661133,-3.280602216720581,6.351940155029297,-0.2243802696466446,5.499547004699707,1.189958095550537,6.145339012145996,1.074541687965393,4.9770917892456055,1.3262479305267334,5.307618141174316,1.0552552938461304,3.50752854347229,-0.6243374943733215,4.588766098022461,0.41335156559944153,3.923840284347534,,,,,,,,,,,,,,,,,,,,,,,,,,,,,,,,,,,,,,,,,,,,,,,,,,
167459,CA,Laterallus jamaicensis,Black Rail,Laterallus jamaicensis,48000,2,False,False,False,False,False,False,1,491.3551025390625,2.139215118583878,973.9187301587301,-0.9992639690633932,0.00036815095354898313,847353.754701412,311.954092786636,0.10815721839043924,0.34768409838434144,0.17000213466604308,0.2404458639864202,25.82283115764256,4.017902335749118,0.7431922145803892,0.03628796339035034,0.03775776922702789,0.020855441305620608,0.030926204545242187,859.982774398832,746.945657312853,1636.781554233989,612.7636084188116,1667.5373014856557,2022.7271699313415,-312.2007751464844,30.85520362854004,20.65089988708496,20.482648849487305,-11.950885772705078,10.421175956726074,10.166230201721191,11.441503524780273,-1.4618786573410034,9.283543586730957,1.3040273189544678,6.474371910095215,-0.5585746765136719,5.01756477355957,-1.2319773435592651,6.162516117095947,0.5908628106117249,6.960157871246338,7.1433820724487305,6.373645782470703,0.6386833190917969,4.3692307472229,-1.0367871522903442,5.0004119873046875,0.38577771186828613,5.46822452545166,,,,,,,,,,,,,,,,,,,,,,,,,,,,,,,,,,,,,,,,,,,,,,,,,,
168805,CA,Spatula clypeata,Northern Shoveler,Spatula clypeata,44100,2,False,False,False,False,False,False,3,475.2113037109375,2.1880654665956407,840.101224489796,-0.6030475733084572,0.262879073635579,192729.69922861084,43221.71743591045,0.11265727119763769,0.27319832135204347,0.1480766173160131,0.32648131053827645,32.008048031887164,4.8259688222797745,0.8039275294069878,0.02270604856312275,0.013760093909998735,0.10750382696623732,0.031576059948285,2254.724434614358,473.58882117250937,2314.5556443596374,283.32474551854807,4607.735655737705,1065.0759252940027,-153.48296101888022,24.856107076009113,42.053948720296226,12.380269050598145,-6.687281211217244,8.58542267481486,6.470059235890706,7.520356019337972,-3.100139617919922,7.119954586029053,0.04061595598856608,4.922921816507976,-2.4308677514394126,3.9702754815419516,1.3907037377357483,4.93300724029541,1.9776485363642375,4.548223495483398,-1.8550852139790852,4.721803347269694,-0.16560353835423788,3.162308851877848,0.0873385692636172,3.0328522523244223,-0.6999697834253311,2.8533315658569336,19.383119068288103,0.0031925735932379603,52.47635722315563,0.213149305805763,0.1725577544195317,75891.6147015981,17122.858798810954,0.03036110918942039,0.08229133577667773,0.02757166153675138,0.03596274770750626,14.93316988619112,1.1447985658990416,0.03034277881578367,0.003220127755947867,0.0018006119341316617,0.01628945077076981,0.0052330231671327086,264.41503792385754,83.4153195586279,83.81609116749073,9.64509896633851,387.51977515526124,109.60794021970133,10.831042226541106,2.238962074521786,2.0417544052842445,1.6339753289775543,3.9481557505033575,1.0866108857272228,1.4651559619345598,0.3483314979755391,1.3824160423694876,0.3584716544948651,0.9682401533075401,0.34261124385013064,0.2009786728710348,0.17638164645358562,0.8393215871161902,0.28570373311068153,1.2812467757582233,0.23187912675283393,0.5033925892074862,0.3750737166831009,0.6263417072395918,0.20234338757873366,0.5311558881472885,0.15343522380397862,0.45959370817290335,0.2017424001951355
172887,CA,Mareca americana,American Wigeon,Mareca americana,48000,1,False,False,False,False,False,False,1,418.1458435058594,1.3316770546969168,756.0900226757369,0.6718767127793538,5.095269911931309,13500.631057664468,68789.35922020313,0.2768826991419253,0.5777837038328559,0.3772598991751037,0.3384586675145621,21.307115250784147,4.106533836555234,0.7363272904094376,0.009346011094748974,0.01167369820177555,0.21050067696135832,0.021035564556714858,3071.8014839498205,212.40975108673996,2171.888133518878,324.37778748871153,5082.642802254099,914.5822915474923,-190.9018096923828,35.896881103515625,50.06139373779297,7.901041507720947,-18.487943649291992,11.708471298217773,-16.798208236694336,6.950839519500732,-4.894038200378418,5.33295202255249,-3.279362440109253,4.934981346130371,-0.5618795156478882,5.05526876449585,2.0849063396453857,4.306820869445801,3.151522397994995,4.146470069885254,2.3064887523651123,3.2035462856292725,0.1686168611049652,3.1715943813323975,0.7430135011672974,3.2476842403411865,0.27924031019210815,3.4159164428710938,,,,,,,,,,,,,,,,,,,,,,,,,,,,,,,,,,,,,,,,,,,,,,,,,,
175369,AZ,Antrostomus arizonae,Mexican Whip-poor-will,Antrostomus arizonae,48000,1,False,True,False,False,True,False,3,404.90305582682294,0.7995964235561556,430.2335978835979,0.5380184213051694,3.3292660848275584,4705.392852769809,15702.511762825648,0.3474895087831233,0.47622504331702925,0.37857908866121154,0.3688883391428323,36.65897748002576,5.287847775842965,0.5476733893915275,0.00353081365271161,0.005895464448258281,0.19625246999414522,0.03777660157628133,3129.908576499305,516.9061701297472,2745.7420579876184,515.6194681993107,6419.6849385245905,1712.7953128653487,-276.9427897135417,21.46377436319987,38.87798563639323,19.653603235880535,11.234905083974203,10.787001927693685,-1.3175033330917358,15.128838539123535,-3.5314643581708274,12.494380315144857,0.09136439363161723,4.554623206456502,1.6766567627588909,6.944747606913249,-0.2271965891122818,6.374015013376872,-3.742599606513977,4.849636713663737,-3.7813402811686196,3.9543476899464927,-0.9850843151410421,3.2092343966166177,1.572479744752248,4.110205014546712,1.9193230271339417,2.959983507792155,4.023799804158515,0.06965121240472298,79.31724337854675,0.00256482514952167,0.024083855967470175,2763.073659071241,9276.219978868632,0.004285903232395666,0.03916686624248394,0.008979652314642027,0.024080564390367067,8.378151585315424,0.6002898165307261,0.10572749954960288,0.0016762366104834947,0.001841064305940993,0.03594791629379781,0.004301521143263745,443.96916136302184,41.90310370119265,275.0563578965698,110.9988546237695,1001.5748005587094,332.4324564505376,13.650044137628404,3.301023381038611,14.450091466738282,2.0706299512659645,5.376676641342415,2.0718616992837413,1.527533838574961,5.042734799139355,2.61133539649486,3.852319461032253,0.5441724321387889,1.240352159630331,0.813312715557528,2.1328959357808133,0.3623360865557147,2.1988670399206187,2.2675244227015585,0.8991361815913483,2.4946072405462245,0.4026360777046725,0.8485560955663908,0.8167321110083292,0.9241693088346262,0.8074522353435575,0.8465281141881833,0.5547053832183751
17795,CA,Mareca americana,American Wigeon,Mareca americana,44100,2,False,False,False,False,False,False,1,499.958740234375,1.7384628057740301,1893.080090702948,0.6180809572475937,4.236711910425942,84090.31141896655,356266.4239401622,0.30906062510737087,0.46536938095791724,0.3453748849992332,0.33553434987100594,36.444741488198765,5.209006308439259,0.7599140595007629,0.0231609009206295,0.02506198361515999,0.17752282457552693,0.04733274924960327,2330.231862287666,452.1176450883226,1599.3126334769197,320.98146358490925,3578.4703989497953,773.4551811671673,-188.40122985839844,57.397090911865234,59.2240104675293,15.290369033813477,-34.967491149902344,16.190391540527344,-12.643062591552734,13.317930221557617,-6.995407581329346,8.906258583068848,5.452385902404785,9.262420654296875,-1.7475526332855225,11.010162353515625,6.340365409851074,9.295248985290527,5.611566066741943,6.477995872497559,0.021828215569257736,4.59707498550415,-1.2154079675674438,3.3698086738586426,1.4715750217437744,4.130851745605469,3.4425618648529053,6.204147815704346,,,,,,,,,,,,,,,,,,,,,,,,,,,,,,,,,,,,,,,,,,,,,,,,,,
179040,TX,Thalasseus acuflavidus,Cabot's Tern,Thalasseus acuflavidus,44100,1,False,False,False,False,False,False,7,412.0341578892299,2.1769292630496286,966.1237188208617,0.5412106004573418,3.5273224085842854,46970.564370459346,162957.73391189473,0.10432073997768503,0.27281934517275624,0.17296646716252287,0.2727045047269344,18.054647945594873,3.4722065472238226,0.9122278604516184,0.021255766972899437,0.00922659518463271,0.23964007349866176,0.026568378228982198,3354.456173505644,275.73729319066956,2235.153083281716,135.31371637386465,5732.748863345287,423.2568055629802,-107.92600359235492,18.128984723772323,39.93855231148856,8.451326847076416,-15.958703177315849,6.40497704914638,-0.2648072202822992,4.3489906787872314,-4.4661992618015836,3.1347953592027937,1.7954399159976415,3.0262347630092075,-0.2501930445432663,2.9868295873914446,-0.2836649369980608,3.6390041623796736,-0.57811139523983,2.8541496821812222,0.6309546934706824,2.9965508665357317,-1.0858483889273234,2.7796082156045094,0.5386656437601361,3.389821631567819,-0.054258854261466434,4.073937858854022,15.25203070524064,0.023688670421023964,115.23936110594614,0.1036337224199836,0.8722425752433101,10618.28582374836,51270.9247542846,0.009371784190230513,0.06785338521711162,0.035528965271645174,0.019772332035642534,6.085178266523839,0.5238336754120968,0.040681469654834115,0.003082955806662889,0.002801607170622939,0.004121074899672919,0.005438782657963109,57.073717664810026,56.6598767154941,79.1324438371824,22.209866444110865,219.6759341906578,107.51379194271196,7.6483080335168685,2.015544131668808,1.2276966971852488,1.7408144091378945,2.558164578443224,1.2236830154619411,0.9013387096820002,0.8621564538765479,0.2625164747913463,0.4017727732773775,0.6137980587087312,0.5054673410010544,0.5233396377972385,0.708576452221008,1.002619237953965,0.8496612756412671,0.3904211174993619,0.6226110858928102,0.3346491003632796,0.3579829047456435,0.4904895197418092,0.4032368151205811,0.7235806260092543,0.48505258738463813,0.8000008027774633,0.7294309073883826
193254,AZ,Heliomaster constantii,Plain-capped Starthroat,Heliomaster constantii,44100,1,False,True,False,False,True,False,1,446.5187072753906,2.1042693307583127,331.3220634920635,0.866985665501056,14.035973434997551,206.8553104221792,2903.4156419738792,0.19411563364695705,0.6404816353563293,0.3455804334030931,0.3108493152876498,32.361226879272984,4.725930605134256,0.48150844467543175,0.002225858625024557,0.0031383419409394264,0.34597458822202165,0.05964179371842274,4481.066888871946,605.6599275143119,2837.2339319619755,138.1571040584349,8120.777248561598,557.704453816813,-238.1240692138672,20.21187400817871,16.93704605102539,14.42920207977295,-1.2252373695373535,4.848857879638672,2.042933225631714,4.79826545715332,-2.2169406414031982,4.516712188720703,-0.7444095015525818,2.7363078594207764,-0.07265342772006989,3.7090325355529785,-1.1537375450134277,4.007441997528076,2.1967902183532715,3.303452730178833,0.7743945717811584,2.433483600616455,-1.4922558069229126,2.663926839828491,0.23049162328243256,2.647510290145874,-0.0442880280315876,2.482285261154175,,,,,,,,,,,,,,,,,,,,,,,,,,,,,,,,,,,,,,,,,,,,,,,,,,
193255,AZ,Heliomaster constantii,Plain-capped Starthroat,Heliomaster constantii,44100,1,False,True,False,False,True,False,1,475.36346435546875,2.123845357254,302.75020408163266,0.8555741265484542,12.847934253075442,521.0516652936349,6694.437538148092,0.11793823316549623,0.3929916146389496,0.18155805034309636,0.3322221755368875,36.06969898638879,5.211874673501444,0.4701378233139253,0.0021872275974601507,0.0042039500549435616,0.32173503366510536,0.038284653222414686,4226.698668201063,406.2493393088402,2899.224522338618,124.56397861153921,7961.58667392418,386.75077821810197,-239.69970703125,22.048128128051758,20.862707138061523,9.441885948181152,-1.0164545774459839,4.531014442443848,-0.45166224241256714,3.2821543216705322,-2.9794697761535645,3.330156087875366,-1.679769515991211,3.0806941986083984,-0.6052681803703308,2.868311882019043,1.013115406036377,2.8836145401000977,0.5831481218338013,2.685060501098633,-0.1935892254114151,2.2482545375823975,-0.05575411021709442,1.9684582948684692,-0.24843838810920715,2.1386163234710693,-0.5631101131439209,1.8697679042816162,,,,,,,,,,,,,,,,,,,,,,,,,,,,,,,,,,,,,,,,,,,,,,,,,,
195342,CA,Alopochen aegyptiaca,Egyptian Goose,Alopochen aegyptiaca,44100,1,False,False,False,False,False,False,5,457.25482177734375,1.8242441588447833,1028.2291156462584,-0.6016690414767047,0.2895467047959048,282210.0878762875,55717.41053364468,0.2611072807289237,0.5270345398048437,0.2901407058141131,0.4833755084667956,63.247235991844306,7.295168674531213,0.7961907200091345,0.02279485613107681,0.01645454140380025,0.06856863839285714,0.032728765264160554,1675.2199997757536,511.9526635637943,2074.696324109053,303.00553479497404,3495.201956326844,1204.0489808825896,-205.36245727539062,41.05146369934082,42.98555145263672,7.9890931129455565,-2.213162124156952,5.822974777221679,13.206731796264648,9.948044109344483,1.4628150939941407,3.3761171817779543,2.1702215552330015,2.9440762042999267,0.2525784820318222,2.8985743522644043,1.6846754789352416,2.5999679803848266,-1.1204863846302033,2.7648983001708984,0.8042471289634705,2.1667776584625242,0.2708017393946648,2.2117601156234743,-0.2556831628084183,2.296114921569824,-0.5177116608247161,2.690936541557312,33.96955358305072,0.205285273969896,213.06389276139308,0.2994986066898397,0.2757185717766704,290582.61016028264,61354.04380726225,0.017986297069050375,0.05014570974295774,0.038909063240581264,0.024809118904489922,12.604178287093928,0.6554086435108439,0.09797238968146342,0.011288546906254634,0.009136282008915576,0.027295368991226355,0.00831255277857294,471.67816446121526,126.98566604900765,293.1645786866347,101.0889423341166,1110.5131614311385,295.3278543450437,22.003608591191718,12.693951649382976,4.038463674080391,2.0864455167189546,1.6149971504475285,0.9613205118435079,2.9545013111172733,2.2353137518466393,0.7936874022897246,1.4966141119665015,1.1809090665015332,0.6173582930658964,0.6479700227061992,0.6042863447125818,0.8600861067445018,0.7391154998213989,1.0914227222165584,1.060498399142607,0.371391198204422,0.36014261889235694,0.30490268371315754,0.398109261656336,0.40323596060835565,0.3916278325515856,0.5782324583115295,0.5386013529762117
196870,AZ,Calypte costae,Costa's Hummingbird,Calypte costae,44100,1,False,True,False,False,True,False,7,403.6559622628348,2.1968929650497624,392.94611920958863,0.30890363875427296,1.9565438166305416,6078.64723369324,12242.982280419252,0.0880252366305184,0.3665100526929775,0.18414450658937193,0.2723034094418288,28.4040033361923,4.409916134711304,0.9438979398672122,0.006337078554289681,0.0021726417721116115,0.2978295089808464,0.05439883489806752,3992.0066865893964,335.8816422371691,2893.154140290379,187.21360821486397,7714.588803150616,570.463448134913,-170.8162384033203,11.220549310956683,23.23327691214425,5.965968676975796,-3.1287593309368407,6.796885081699917,-1.5202581456729345,5.539694581712995,-0.33327771723270416,5.325634411403111,-0.27459450704710825,4.94481931413923,0.557088206921305,4.413932970591953,1.9970566247190749,4.123647928237915,-0.20559566308345115,3.602088451385498,-0.3943101369908878,3.191181250980922,0.5762515131916318,3.0832882608686174,0.554493418761662,2.885995013373239,0.32279052266052793,2.7810493877955844,5.858162286930302,0.000589057318355366,43.926544276662824,0.10927864732894574,0.46782236446965997,1871.4366582088378,6439.946586521886,0.03933058860773785,0.07920228906207065,0.052017890914137214,0.013980173594951283,6.760433211516296,0.5379757836836881,0.04834094096769071,0.0008990214996551405,0.0013920670344880419,0.017294297601703017,0.02433844273431125,92.91222153029248,142.8407568663816,58.709646968221705,49.08286575130173,152.91879003513085,142.4852264452151,3.8363314130325934,4.340512249833437,1.8235134684784322,0.978624264239645,2.946402818977324,1.2979873921743055,2.9998387208804345,0.8103901825664074,1.6167315346761157,0.9632353872144059,1.40240810098581,0.8749156829197045,0.9074391324023335,0.43059900832967396,1.4609351261121089,0.7034344600655705,1.1812850367088121,0.3210238818658438,0.8425226763425983,0.28966358966125516,0.7384709200001786,0.21411162289961816,0.6508050989404609,0.3194344933008922,0.41615138406050123,0.31958743540573004
196879,AZ,Calypte costae,Costa's Hummingbird,Calypte costae,44100,1,False,False,False,False,False,False,1,423.4605407714844,2.1038092233954995,422.95909297052157,0.9406962791338255,32.72469671023204,7855.375054688193,257064.76620979354,0.23332698527857287,0.5039475783196632,0.33643533621667543,0.27155659970229584,26.84507069070863,4.165514435802239,0.6126717947628608,0.015049568377435207,0.026616735383868217,0.37628901190090674,0.1846346293159109,4506.328972505589,1313.9991007192864,2913.7512822541003,208.62495407651085,7948.680691892001,859.1029722296894,-160.9326629638672,8.351838111877441,21.713523864746094,9.029936790466309,2.8194940090179443,6.538303852081299,0.42435890436172485,6.886353015899658,0.9413272142410278,6.357018947601318,-3.2380998134613037,4.809693813323975,2.526477813720703,5.099574089050293,0.8684954047203064,4.700286865234375,-0.27750131487846375,3.8684566020965576,-0.45782384276390076,3.4306681156158447,0.14087209105491638,3.338832378387451,0.7917701601982117,3.3472788333892822,-0.4345342218875885,3.2739033699035645,,,,,,,,,,,,,,,,,,,,,,,,,,,,,,,,,,,,,,,,,,,,,,,,,,
200277,TX,Myiarchus tuberculifer,Dusky-capped Flycatcher,Myiarchus tuberculifer,44100,1,False,False,False,False,False,False,3,444.27650960286456,2.079602560481227,4238.479334845049,0.9701600375141991,232.94998456316276,1034.259218886693,83712.11275097218,0.29630927883611197,0.5674741275842629,0.34785788043140586,0.2992922323165603,72.63751744554472,6.744822012875935,0.7778457127767568,0.011178411232928434,0.011519049294292927,0.5092662897638564,0.1296841597121958,5873.359552173907,941.2872653887711,2306.8023563099555,313.4964711114492,8246.796554815575,878.1198081820411,-226.8829600016276,26.670101801554363,-34.252650578816734,11.725408871968588,-27.06161880493164,14.493788719177246,-25.396701176961262,7.82406759262085,-20.545949935913086,7.189273834228516,-16.20214017232259,6.724575519561768,-4.7296024560928345,10.501401901245117,-4.09200398127238,8.598852475484213,-9.346246719360352,8.276593685150146,0.7588627884785334,7.202279567718506,-7.1065144538879395,5.477799733479817,2.616853564977646,7.283194541931152,-3.4615137179692588,8.52000061670939,4.603700157113145,0.12589556454607628,156.88009783531302,0.03631777007348073,266.97304020428703,1273.879815593765,46663.20547469117,0.08416200864646019,0.10176493475588969,0.0780108125045382,0.04429524392831879,50.49819532768514,2.387099812752246,0.03781201340998378,0.003263651604808075,0.003029617431594163,0.007265379438037661,0.009832719318992317,183.018797299672,107.48992020192057,82.55624322572577,37.7491478186353,37.204577070589906,12.013862380619639,2.548894743593809,7.373965838084707,4.804989277700638,1.4595422943872307,0.48801290832384087,1.8536193955508848,1.1548010631210914,1.955082469429196,2.9821606553702558,0.37931838914676436,1.2992332484573021,0.556550160734657,3.423684640091368,0.5988585029016945,2.929187367229206,1.3809272402089576,0.9795189730383558,1.0549808991514242,1.8462472434239727,0.517866725567386,1.359258931288298,0.5937945406130314,3.1053700560512745,0.20393338953535106,1.8301848211220213,0.8414341827531975
210719,TX,Charadrius vociferus,Killdeer,Charadrius vociferus,48000,2,False,False,False,False,False,False,2,459.5820007324219,1.6280077345469457,1022.3662131519275,0.8133641487047423,23.066227331644136,65475.1339927859,1545977.8816291364,0.34753066333830257,0.5796011704720527,0.3895458447011988,0.24834445156715063,17.687094581116767,3.2730826618736435,0.8200410097531978,0.04143774788826704,0.048885597847402096,0.24556201514929743,0.09899711920442253,2985.4908793925088,533.3233258807591,2193.2156974255695,271.19751965521476,4839.322649846312,445.88246719840424,-142.51368713378906,20.432427406311035,31.619858741760254,12.186941146850586,-24.17353916168213,10.361788272857666,7.5941996574401855,9.27012825012207,-1.3616388142108917,7.620514869689941,1.167452871799469,6.92320990562439,5.588820040225983,10.976197242736816,-6.587342739105225,6.657705545425415,-5.395257949829102,8.494796752929688,3.0514124631881714,6.980010271072388,-2.817750096321106,5.884648084640503,-2.923502802848816,6.701285362243652,4.7840739488601685,10.045336246490479,18.328540950993908,0.09782080769068638,11.376498298420715,0.1965846042381336,25.349094199547448,2817.738267138071,1724729.930742001,0.13320340516035287,0.14587001030027172,0.10852274284929458,0.007149713853028758,2.091923069115781,0.011456713529770901,0.1342599381465991,0.017019362361121646,0.042694147729321265,0.0010285236589638836,0.022333356126872286,71.65861356378021,183.04473309783904,41.60459754370283,96.20942007197351,68.03684004046143,18.642907455997342,7.047719132140016,4.193816429105113,3.633146007083968,4.000207968387166,5.83268550668322,1.2051712629052462,0.2875858176535986,0.1266266660157062,1.9463849176339012,0.32307885889638077,0.19168007381118007,0.1329854453442418,5.129621366912141,2.2207100301936684,1.99544220557349,0.23057596730903482,2.7359481725687984,0.8010342362535617,1.4395908542110805,1.7554705256196184,2.2366346268476307,0.485662181488489,0.5211331377826515,0.4325230977111657,2.745614805155863,2.801643982629275
212892,CA,Alopochen aegyptiaca,Egyptian Goose,Alopochen aegyptiaca,44100,2,False,False,True,False,True,False,2,511.73040771484375,2.019112468783149,1208.4983219954647,0.032025579700090255,1.0667002028715813,6104062.101994995,6544146.736314037,0.31810659708972094,0.5495850986042534,0.2840659108562721,0.48519896986240924,180.09611482037582,11.804638225051889,0.8351587056941927,0.11603924259543419,0.09976808354258537,0.1432922506220726,0.025468537531355993,2507.464211023058,355.75875825501464,2167.6383013739232,329.01269024861347,4565.3290295210045,818.6090882073483,-97.7575454711914,86.45086669921875,53.75387382507324,10.662928581237793,-0.7742608785629272,7.157927751541138,16.117485523223877,11.044641017913818,9.705825328826904,7.6950390338897705,-3.447935104370117,6.7685041427612305,1.4594668745994568,4.360574126243591,4.023990631103516,3.9321659803390503,-1.0501000732183456,4.487351298332214,-0.10230421274900436,4.807337999343872,-5.03268301486969,4.802191257476807,-0.30518150329589844,4.439474582672119,-0.45494407415390015,4.446731805801392,12.689856376481968,0.0572114968860348,31.9113281807645,0.02191985059491019,0.04680057522323757,1407779.8667264692,1787352.6870073823,0.0265916115491252,0.024416201145316542,0.010467521741734499,0.02971376485229241,2.8374520873612936,0.40418448360622045,0.015341646053211599,0.018279514936015914,0.00866079277899606,0.005863070008763521,0.001284082521333806,82.24606292037168,63.728025145992234,15.131366739596677,23.242577827691218,53.04234777787554,16.274962253946477,15.253560831605174,3.490152876854512,3.162756157621887,1.1495340511229852,0.6703781629328199,0.5861780319147261,1.7547189630169722,0.538974573106889,0.8777003652192422,1.9132008914867882,2.498888671259636,1.458859550413291,0.4131767670139981,0.5353285335359086,0.278762627798934,0.10735527241519097,1.9969804180301678,0.7895326984697268,0.3559888567711879,0.8002894171466772,1.5306533351037181,0.7034079737612314,1.9503550243230818,0.17711859053175724,0.07330803666372651,0.1590409642684646
216259,TX,Empidonax minimus,Least Flycatcher,Empidonax minimus,44100,2,False,False,False,False,False,False,1,426.57000732421875,2.1963950607911586,744.0601360544217,-0.9981315249895586,0.000935111121101562,6282847.981778858,5875.161019951915,0.1413956919287822,0.2846993485434516,0.20155555058956454,0.5026632287709879,69.60621417463275,7.775678017330783,0.8608986724969518,0.10587333887815475,0.07292715460062027,0.0352019906323185,0.03478357110038719,2561.0119323219283,1129.037148610229,3779.1939749389635,564.2944775275768,7429.106365266393,3356.0675622595663,-259.0122985839844,13.224687576293945,-20.57762336730957,8.314580917358398,22.56368064880371,10.304909706115723,-5.591014862060547,12.422445297241211,6.747912883758545,4.602515697479248,-2.1537768840789795,5.638217449188232,0.9436020851135254,4.6908464431762695,-0.0980016440153122,3.0475497245788574,0.3946892023086548,2.5573768615722656,-2.984208583831787,2.1576755046844482,4.742513179779053,2.017911434173584,-2.9693732261657715,1.9927366971969604,3.851166248321533,2.1034646034240723,,,,,,,,,,,,,,,,,,,,,,,,,,,,,,,,,,,,,,,,,,,,,,,,,,
216516,TX,Scolopax minor,American Woodcock,Scolopax minor,44100,2,False,False,False,False,False,False,1,410.2423400878906,2.115512068493569,828.9065759637189,-0.9995945672697919,0.00020275746736081525,5989321.929532871,1214.379745640676,0.22413810011780655,0.3386567610901041,0.23386264399390588,0.37401452113164413,27.51624269377597,4.679831121299061,0.8697431300265706,0.15848353505134583,0.08692752569913864,0.003394265776699029,0.0057785748852285344,392.959960218532,506.94198774378253,1174.3635427962367,558.3894636317906,654.149442506068,1567.0164736931883,-295.1466979980469,25.86518669128418,21.817832946777344,17.976362228393555,-4.511303424835205,11.044442176818848,10.911581993103027,14.908865928649902,-4.807387351989746,6.412155628204346,-1.0933187007904053,4.712846755981445,1.379731297492981,6.377528667449951,-2.248929500579834,5.232439994812012,1.0735819339752197,4.029263019561768,0.614791214466095,3.5044960975646973,-0.8186689019203186,2.9815382957458496,0.681036114692688,1.862165093421936,0.38022202253341675,2.3998453617095947,,,,,,,,,,,,,,,,,,,,,,,,,,,,,,,,,,,,,,,,,,,,,,,,,,
218535,AZ,Spatula clypeata,Northern Shoveler,Spatula clypeata,32000,2,False,False,False,False,False,False,2,407.5251007080078,1.291939891389618,1028.6945124716553,-0.04118667578108766,0.9209045104768534,87624.41755340359,80569.69914577823,0.32550917380177546,0.6070017434108675,0.40125962381975505,0.4189919992624728,46.052070141367125,6.218917929666199,0.709723139511008,0.012651496101170778,0.012241736054420471,0.15514593548741218,0.0358752405000175,2379.717628697122,311.2153634705031,1986.9342543760995,268.8433651757423,4114.9219950691595,687.1462275593116,-178.57648468017578,20.076315879821777,62.72720909118652,13.599856853485107,-4.937902927398682,6.79527735710144,10.551895141601562,5.026166915893555,3.752673625946045,5.130134105682373,0.8859004750847816,4.631113052368164,0.6268536671996117,4.0089017152786255,1.7244073748588562,4.2720136642456055,-0.28245531767606735,3.3968124389648438,0.8987385630607605,3.621166229248047,-0.3674318641424179,3.0520726442337036,0.26233699545264244,3.013743042945862,-0.5549885630607605,2.976223587989807,8.924094130446713,0.09123714729630537,22.56610234193194,0.004677414840963839,0.00862944894933314,28743.94594289282,25714.279029720692,0.01050890564301371,0.039782329269289145,0.017656421440170135,0.02917344552883742,10.547165879451647,0.8033145866190924,0.019119375728171326,0.001373782454113163,0.0026036400060067025,1.0511641168660826e-05,0.0027790297993589884,13.76542822555936,41.156949501724334,16.14388925717305,37.93482622828503,66.48568566846974,84.64656566468547,0.4984684171148271,4.30538082298739,0.9709366119706777,2.3964381118993545,0.23049875428256286,0.02000963779903205,0.7545850374466756,0.544645853042515,0.5427057493118614,0.18152141891459928,1.4027095273884858,0.011557677386051405,1.2114845763209507,0.24384328945808212,0.32495161196311384,0.26016946128465607,0.1300400655196186,0.3073156003785183,0.1811462276691553,0.4301935571002716,0.04530295204135956,0.1690855697929749,0.3164892886937556,0.4746252705626382,0.07039762818665524,0.046234587054268625
218539,AZ,Spatula clypeata,Northern Shoveler,Spatula clypeata,32000,2,False,False,False,False,False,False,6,410.9593505859375,1.0762870320190074,1970.6478306878307,0.22497320969697032,1.6010073441351258,183098.69335347693,274256.35156034486,0.29301535562656017,0.47182307061256884,0.35578999876852574,0.36293391253872237,90.43118574093468,7.78735576683161,0.734804014449122,0.01947782126565774,0.023147240436325472,0.1458213264173497,0.025963107779740296,2073.8921361294765,172.41287107301676,1509.074823066677,371.83493572935254,3411.604884413422,666.0745786991098,-192.8735148111979,25.56569989522298,76.75834401448567,19.574891249338787,-23.733439445495605,8.43784244855245,4.680558462937673,13.350355943044027,-9.565972963968912,7.6730514367421465,3.648347020149231,6.159241278966268,-0.15640128900607428,6.198134263356526,6.447708368301392,5.234622319539388,-1.6491642793019612,4.491545756657918,1.0478300402561824,3.5573590993881226,0.7408331309755644,3.165202339490255,1.6875208963950474,3.3007574876149497,0.14980512609084448,3.1413742303848267,4.474101737543698,0.11732557773507823,62.97745411629679,0.07186369124160262,0.2653630276563921,113988.10104110632,149846.86734394231,0.015009259307197523,0.04080470079344408,0.02523784031761269,0.012842312712323334,46.54010972624287,1.832842393878823,0.06525306516187218,0.004935859003172423,0.008241534759268913,0.004338678089368284,0.004346949944741087,44.38638864156531,24.888857315412036,71.24141022052194,35.60329876305819,144.5892009888696,72.57020621580699,5.562747602419139,5.8272084135701085,4.912811095744744,4.7222363845105635,1.3016726838628694,1.6189519219770934,2.318879154811745,0.7828936740088465,1.1646349739939614,0.6785455260071676,1.23228412145259,0.5204061490967564,1.298033739889658,0.7675544694589157,0.9501394701795206,0.30505382287994365,0.6198368373933374,0.3466919311378905,0.4602504757450336,0.1640351359793868,0.9890031182502803,0.28287613134175527,1.2398793275769702,0.46857078244905187,0.7610841244339345,0.3439683857652149
218542,TX,Anas carolinensis,Green-winged Teal,Anas carolinensis,44100,1,False,False,False,False,False,False,1,418.8805847167969,1.6348204411499727,1269.802267573696,0.4353552617934221,2.5420501860203126,338075.3997259929,859404.6327623518,0.2974587249718187,0.6292951541424698,0.4376554547560654,0.3755206455567439,52.0695641739249,6.298063270384988,0.8675092999086101,0.04522844776511192,0.028275012969970703,0.20316044899004684,0.017144966236542304,2846.728257880913,310.6683754308267,1810.7141771399938,270.2706753453924,4350.33739433914,785.484858382149,-101.34636688232422,21.149063110351562,54.080284118652344,14.8236083984375,-27.611461639404297,6.468547821044922,-7.87951135635376,6.834991931915283,-9.457983016967773,5.227982044219971,-1.5599175691604614,5.8419928550720215,-4.092920780181885,4.639053821563721,-2.0670692920684814,4.237824440002441,-2.537201404571533,5.270516395568848,3.5809648036956787,3.4352831840515137,2.0023441314697266,4.152297019958496,0.11036919802427292,3.7713921070098877,-2.3712408542633057,3.6033685207366943,,,,,,,,,,,,,,,,,,,,,,,,,,,,,,,,,,,,,,,,,,,,,,,,,,
218546,TX,Spatula discors,Blue-winged Teal,Spatula discors,44100,1,False,False,False,False,False,False,1,400.0621337890625,2.147000257488695,1044.8104308390023,0.36157660125148045,2.13271725929929,200564.89722461748,427748.21792053,0.12183699253205704,0.3070419144647051,0.22340270305346244,0.2488566867998906,16.057517671740744,3.333540646680013,0.9613024269952131,0.041106704622507095,0.013463933952152729,0.24094449831674472,0.046642814524499726,3005.144789467678,258.1423353838835,2145.100188887735,185.44033659702808,4976.439228995901,300.9100777492747,-86.70742797851562,11.831154823303223,33.82148742675781,5.653568744659424,-29.409259796142578,8.675314903259277,15.465143203735352,6.320359230041504,0.38712748885154724,5.902810573577881,-1.9285638332366943,5.639486789703369,1.681848168373108,5.281790256500244,-0.4904826581478119,3.54685115814209,0.06301215291023254,3.1390247344970703,0.11645269393920898,2.8768701553344727,-0.5333622694015503,3.053617477416992,-0.0347122997045517,2.3185625076293945,0.12744586169719696,1.934688925743103,,,,,,,,,,,,,,,,,,,,,,,,,,,,,,,,,,,,,,,,,,,,,,,,,,
218557,TX,Anas platyrhynchos,Mallard,Anas platyrhynchos,44100,1,False,False,False,False,False,False,1,444.8837585449219,2.0009479601475717,1263.287619047619,0.6368976280136097,4.5080885014845435,78929.99276059371,355823.3927862908,0.1590836953728324,0.35335811292453567,0.20104759591625476,0.3580026883092938,29.136293986992673,4.552211198552436,0.6502536429350635,0.039652105420827866,0.047624967992305756,0.20596269248188406,0.04949302278173877,2924.7600614084413,377.23869156725027,2318.052769805202,195.22729376087952,5060.146696671196,562.7783765698347,-108.42524719238281,40.654510498046875,35.12302017211914,9.827315330505371,-22.592458724975586,9.276721954345703,0.3818470239639282,8.391949653625488,0.19943438470363617,4.486143589019775,-4.240611553192139,7.6901631355285645,-0.23324286937713623,5.761622905731201,1.3433490991592407,4.258998394012451,-0.9355296492576599,3.9604392051696777,3.3339128494262695,3.643932819366455,0.4540847837924957,3.2119174003601074,-1.9730801582336426,3.8759796619415283,-0.8382343053817749,3.838773488998413,,,,,,,,,,,,,,,,,,,,,,,,,,,,,,,,,,,,,,,,,,,,,,,,,,
219022,AZ,Archilochus alexandri,Black-chinned Hummingbird,Archilochus alexandri,32000,2,False,False,False,False,False,False,1,414.37030029296875,1.5497066247681708,981.3559183673469,0.9978126880935154,913.3643364582537,362.27264591743733,330886.91485535604,0.3562134006111084,0.5637584439907137,0.4016957144914741,0.2225681053587074,12.07941520812778,2.7847387010074125,0.5221440078425229,0.013402779586613178,0.02985631301999092,0.6604055364461359,0.022874106771546176,6923.941054598898,339.8235584456669,2165.741715843034,334.7641840127579,8949.642994364754,182.2110269606279,-213.8470001220703,13.237466812133789,-29.631105422973633,11.481097221374512,29.94342613220215,6.826663970947266,-13.123700141906738,6.286386013031006,-4.465602397918701,5.075222492218018,8.73660659790039,3.232876777648926,-7.696340560913086,2.9245858192443848,4.810176372528076,3.184781312942505,1.9003477096557617,3.574542760848999,-1.3487125635147095,3.759963274002075,2.1128575801849365,3.5519678592681885,1.8931719064712524,3.4942467212677,-2.097825765609741,3.0349063873291016,,,,,,,,,,,,,,,,,,,,,,,,,,,,,,,,,,,,,,,,,,,,,,,,,,
219976,TX,Butorides virescens,Green Heron,Butorides virescens,22050,1,False,False,False,False,False,False,1,397.5953369140625,1.6809747270721402,2206.333968253968,-0.26569206012966273,0.5801631873989253,352129.2121183438,204292.4060788506,0.2821981199310216,0.6768424819684735,0.3870093837744567,0.3685796623722266,64.98718597799883,6.783454661682227,0.942939110518682,0.04904542863368988,0.020555811002850533,0.15801591835474307,0.050638248006653036,2045.1249246456568,379.23486968757595,1771.749763195581,234.25179255085587,3769.0765501482215,770.0326358779888,-127.43429565429688,8.583585739135742,47.8565559387207,10.345620155334473,-37.24705123901367,9.14760971069336,15.79870891571045,10.735916137695312,15.152508735656738,8.460760116577148,19.289382934570312,7.669247150421143,-7.956697940826416,5.012417793273926,5.796319484710693,4.307308673858643,-9.66331958770752,6.071847438812256,0.0672672688961029,5.314393520355225,0.6973516345024109,2.9504666328430176,-1.2945114374160767,3.7984097003936768,1.1995823383331299,4.134496688842773,,,,,,,,,,,,,,,,,,,,,,,,,,,,,,,,,,,,,,,,,,,,,,,,,,
222338,TX,Dendrocygna bicolor,Fulvous Whistling Duck,Dendrocygna bicolor,44100,1,False,False,False,False,False,False,1,414.3416748046875,2.175583629100837,965.9432199546485,0.667959268975895,5.02335741712003,44391.12070699533,222992.46545775555,0.15760567410274684,0.3311402506195501,0.26098766445336474,0.3015566475318562,15.5278604965087,3.447854009430952,0.9157842475554725,0.032872218638658524,0.012881969101727009,0.284094374419145,0.03269324132897062,3442.4887879102052,240.13701337409938,2251.6745065033183,214.68351351808943,5901.578564271608,482.3098667764379,-104.53267669677734,12.601481437683105,25.86866569519043,9.107301712036133,-28.509471893310547,7.908813953399658,-6.795620441436768,5.8533806800842285,-0.9486120939254761,6.1376776695251465,6.85026741027832,5.815219879150391,-8.586122512817383,6.35202693939209,8.046340942382812,5.7187933921813965,4.200353622436523,5.154272079467773,-8.764357566833496,4.005834102630615,5.640711307525635,4.089078903198242,-3.430774450302124,4.24269962310791,0.21151742339134216,4.766576766967773,,,,,,,,,,,,,,,,,,,,,,,,,,,,,,,,,,,,,,,,,,,,,,,,,,
222769,TX,Empidonax hammondii,Hammond's Flycatcher,Empidonax hammondii,44100,1,False,False,False,False,False,False,1,422.5980224609375,2.1967149725813386,614.409433106576,0.30140831403480983,1.8629026657206127,34944.32688951493,65097.87971428985,0.09251973918206857,0.2611744364604571,0.18679623991529948,0.35974146467537615,68.66672765841734,7.177693025166927,0.8304541510499618,0.01634002849459648,0.010965618304908276,0.2436279296875,0.06634566516600562,3804.18273647639,352.243900438947,2925.6337195687343,280.26518189065297,7432.723388671875,446.99342621229357,-134.91769409179688,11.339655876159668,17.165821075439453,8.286635398864746,-0.5649399757385254,6.7832841873168945,4.900883674621582,6.85378885269165,0.34977859258651733,6.247182369232178,3.1894114017486572,3.9639785289764404,-0.9702185392379761,2.8700788021087646,1.0741077661514282,3.1311776638031006,-1.0982412099838257,2.792783737182617,1.7418750524520874,2.971719741821289,-0.9955865740776062,2.664189100265503,1.1062877178192139,2.3528385162353516,-1.0111422538757324,2.168604850769043,,,,,,,,,,,,,,,,,,,,,,,,,,,,,,,,,,,,,,,,,,,,,,,,,,
223349,CA,Gallinula galeata,Common Gallinule,Gallinula galeata,32000,2,False,False,False,False,False,False,1,465.0771484375,1.5661643601415862,880.8222222222222,0.5757613267650815,3.714327396768274,41424.514578754795,153864.20939769573,0.4361126726307134,0.6392547572498017,0.4812415651258831,0.3256632781593337,35.75386296290585,5.189322818041405,0.5706525635249473,0.011048133485019207,0.021873144432902336,0.14285028176229508,0.0576811566248328,3002.5791694998297,541.4994572390885,2697.2632617829377,420.42808909176466,6171.8597912397545,1210.812653109015,-221.3465118408203,36.62567138671875,26.380172729492188,9.13574504852295,-4.706601142883301,11.806525230407715,5.467899799346924,4.963609218597412,0.13628898561000824,5.291363716125488,1.9805076122283936,4.105778217315674,-1.9576964378356934,4.021194934844971,-0.39225873351097107,7.5768914222717285,-1.4511656761169434,7.432530403137207,1.0615507364273071,4.022261142730713,0.7141726613044739,4.2207417488098145,0.47201746702194214,4.425431251525879,-1.465933918952942,6.751893043518066,,,,,,,,,,,,,,,,,,,,,,,,,,,,,,,,,,,,,,,,,,,,,,,,,,
224822,TX,Leucophaeus atricilla,Laughing Gull,Leucophaeus atricilla,44100,1,False,False,False,False,False,False,1,532.1129150390625,1.7977745064645005,1385.5328798185942,0.4076791400206581,2.3765483121255477,908371.6816831381,2158789.1868867073,0.21620780037509058,0.38910220804360895,0.2554632942526922,0.3087860237630524,31.683480601430063,4.486896467747062,0.9019756936436771,0.08423910290002823,0.050792913883924484,0.17742808948863636,0.05318207389485519,2319.6468822883503,553.3543222338036,1673.188615125819,166.3818506269089,3694.4777610085225,817.3567693013907,-100.61788940429688,48.811683654785156,57.567352294921875,17.10037612915039,-34.01816940307617,16.900474548339844,-6.887120246887207,9.382704734802246,-8.085620880126953,7.850488662719727,-4.307413101196289,8.988175392150879,4.8616042137146,7.647371768951416,-2.2821779251098633,7.3464813232421875,-0.49339228868484497,9.167302131652832,5.236950874328613,8.892559051513672,1.1211130619049072,7.867376327514648,-1.3092732429504395,8.485703468322754,-4.066254615783691,8.041557312011719,,,,,,,,,,,,,,,,,,,,,,,,,,,,,,,,,,,,,,,,,,,,,,,,,,
227104,AZ,Oxyura jamaicensis,Ruddy Duck,Oxyura jamaicensis,32000,2,False,True,False,False,True,False,1,400.9480895996094,1.4265603873277832,1056.9478458049887,0.0345820618526997,1.071641639307148,26298.43644326223,28182.49954127238,0.274264560889244,0.40331544441640965,0.32261094839278315,0.4122869863838593,92.40219566713887,8.173654282263346,0.5531023803059854,0.006447996944189072,0.007973918691277504,0.14189544606264637,0.022455770184250566,2462.7891129965556,214.2112951747296,2166.3115601590926,258.9405123463247,4502.633116675205,573.3281828155881,-209.24172973632812,14.839081764221191,50.125980377197266,14.117707252502441,-12.4227294921875,3.701023817062378,6.999032020568848,5.755455493927002,1.4152077436447144,4.773464679718018,0.35050681233406067,2.7990541458129883,-1.2065752744674683,2.5368385314941406,2.3329918384552,2.3739688396453857,-1.5299475193023682,1.819831371307373,0.25557079911231995,1.9127342700958252,-0.3687512278556824,1.915712833404541,0.054246459156274796,2.0112810134887695,-0.6620890498161316,2.02278995513916,,,,,,,,,,,,,,,,,,,,,,,,,,,,,,,,,,,,,,,,,,,,,,,,,,
228428,TX,Pluvialis dominica,American Golden Plover,Pluvialis dominica,22050,1,False,False,False,False,False,False,1,468.1243896484375,1.4829576498037953,2230.008344671202,0.8530627862656661,12.61125578177934,69798.50329809512,880246.7782776464,0.3461466303335463,0.5396157175997369,0.3810965901508402,0.3705036927801676,186.5635524026625,10.985118913255976,0.7463703853792016,0.05225398391485214,0.06241227313876152,0.15068061944796954,0.08165428448298069,1974.6222477924991,623.9283102162726,1585.9371457449824,142.9546472686957,3406.181095336294,490.8262337994134,-152.72555541992188,26.026132583618164,59.07732009887695,13.993099212646484,-28.81648063659668,14.052888870239258,14.206910133361816,9.035053253173828,6.067847728729248,8.138343811035156,3.206836700439453,8.037202835083008,-8.3261079788208,9.219209671020508,6.919218063354492,9.503753662109375,-0.2286669760942459,6.257169723510742,-0.789116621017456,6.206930637359619,-5.287784099578857,4.464672088623047,6.160549163818359,5.805424690246582,-0.6881173253059387,7.154334545135498,,,,,,,,,,,,,,,,,,,,,,,,,,,,,,,,,,,,,,,,,,,,,,,,,,
228580,CA,Porzana carolina,Sora,Porzana carolina,32000,2,False,False,False,False,False,False,1,519.8868408203125,1.597515357302079,1354.5927437641724,0.7018138867171124,5.7072204603391805,209952.58922026554,1198245.7128990868,0.25927029726523754,0.4139733523476785,0.3036850489942907,0.363809919547725,34.721027541657584,5.305499867302857,0.6643282401966425,0.04091744124889374,0.06175633519887924,0.14787652963187703,0.04200074130842635,2497.0130267398263,293.4917481707976,2216.9292088007783,595.0910619067017,4756.189794447816,1252.5453442887717,-203.18994140625,66.65937805175781,45.37765121459961,17.997112274169922,-7.782901287078857,13.989988327026367,5.10563850402832,8.856854438781738,3.850405693054199,9.185633659362793,6.234410285949707,9.79194450378418,4.310099124908447,11.83731460571289,4.450931072235107,10.884296417236328,-0.0388527549803257,9.656972885131836,-1.7658065557479858,6.644392967224121,-2.2915399074554443,6.746973514556885,0.590388298034668,6.148874282836914,2.3164966106414795,9.966728210449219,,,,,,,,,,,,,,,,,,,,,,,,,,,,,,,,,,,,,,,,,,,,,,,,,,
229133,TX,Rynchops niger,Black Skimmer,Rynchops niger,44100,1,False,False,False,False,False,False,1,512.1348876953125,1.7815276743589052,1089.8236734693878,0.11400259044319515,1.257342943023325,1357381.4943552017,1706694.042917968,0.18379810990463785,0.2942541963053681,0.20985436368921806,0.31146915418763865,18.45533244535128,3.797729805364514,0.8807046401470132,0.07407086342573166,0.03926146402955055,0.12385534067622951,0.033722295136313314,1854.0461871344573,353.2184564180401,1712.2844478403206,176.86829744886634,3062.5308177510246,482.6643081721588,-97.76209259033203,36.74882125854492,76.52851104736328,9.328970909118652,-14.351412773132324,11.741055488586426,-2.322080612182617,8.377859115600586,5.730283737182617,8.604301452636719,-5.342142581939697,5.553481101989746,2.2219040393829346,5.484575271606445,-3.0492398738861084,5.49509859085083,0.37707892060279846,5.296051502227783,2.3353912830352783,5.016363620758057,-0.898064374923706,5.375818729400635,1.7275147438049316,4.464353084564209,-0.309654176235199,4.753277778625488,,,,,,,,,,,,,,,,,,,,,,,,,,,,,,,,,,,,,,,,,,,,,,,,,,
230019,TX,Sternula antillarum,Least Tern,Sternula antillarum,44100,1,False,False,False,False,False,False,1,483.62713623046875,1.623377061653506,1611.4256689342403,0.6845633666405596,5.3404176575806845,116559.1423724778,622474.5020784414,0.3016256679676831,0.546975852569664,0.38114810124687815,0.3447216590290927,29.86717220114635,4.610754091904816,0.7910350581571068,0.05058052018284798,0.05097290873527527,0.1491725191156915,0.07752359097543507,2081.307092684621,655.873011303729,1616.5320392193748,127.81487726067883,3620.2125062333776,581.5463960625241,-126.20897674560547,33.015438079833984,67.59561157226562,19.763566970825195,-37.079654693603516,8.580196380615234,9.777420043945312,6.985996246337891,-0.15664023160934448,6.99320650100708,-4.97412633895874,6.010093688964844,0.03225455433130264,4.821176052093506,3.6947319507598877,5.146340370178223,1.095193862915039,5.123947620391846,0.6811354756355286,4.178587436676025,0.15697263181209564,4.335573196411133,-0.8456333875656128,4.314422607421875,-0.8493540287017822,4.804521083831787,,,,,,,,,,,,,,,,,,,,,,,,,,,,,,,,,,,,,,,,,,,,,,,,,,
230023,TX,Sterna forsteri,Forster's Tern,Sterna forsteri,44100,1,False,False,False,False,False,False,1,416.90167236328125,1.6830876329998956,1142.0604988662133,0.7137223494998042,5.986224724513141,45845.38023539353,274440.74866981886,0.20425474619282002,0.38284003173145986,0.2619378209841341,0.29547333214049165,22.058699739258483,3.9520161797455953,0.881323382892047,0.02875778079032898,0.017583874985575676,0.21457632620912806,0.046954047022104074,3052.246693011868,210.40814251238538,1860.8954935545414,384.1258487764072,4545.852802494891,568.563033139875,-134.84381103515625,22.825654983520508,37.117897033691406,8.999626159667969,-46.646522521972656,13.299139022827148,2.386127233505249,7.856393814086914,4.806503772735596,5.997453689575195,0.1565156728029251,5.929874420166016,-0.5606958270072937,5.337088108062744,-3.731452226638794,6.574476718902588,0.8618503212928772,5.190801620483398,-0.19904778897762299,4.401508331298828,-0.5207621455192566,4.259148597717285,-1.273575782775879,3.6760945320129395,0.2553142309188843,4.441182613372803,,,,,,,,,,,,,,,,,,,,,,,,,,,,,,,,,,,,,,,,,,,,,,,,,,
231530,TX,Tringa flavipes,Lesser Yellowlegs,Tringa flavipes,22050,1,True,False,False,False,True,False,1,415.5413513183594,1.354260010486206,2319.4298412698413,0.6380839221249489,4.5261429990697595,25970.727533598743,117547.22660694619,0.30478506242756387,0.5185295406123835,0.37689110240085655,0.46324353741671365,58.54369036821459,6.967930449226883,0.826115736168721,0.033776070922613144,0.027513576671481133,0.1498126594387755,0.037228523314916655,1979.588638745477,262.35278873025203,1459.7422801629882,142.39015574439995,3235.4736328125,241.39250558780745,-140.79721069335938,13.399347305297852,77.51760864257812,3.327122211456299,-28.226909637451172,12.12181282043457,5.507224082946777,4.878183364868164,1.9977198839187622,5.942907333374023,4.926623344421387,5.065126419067383,-5.692472457885742,5.234107494354248,4.552666187286377,3.500487804412842,-5.025058746337891,6.548948287963867,0.15731066465377808,3.555696487426758,-5.017032146453857,2.6332204341888428,4.033371448516846,4.671982288360596,0.6173692941665649,4.186378002166748,,,,,,,,,,,,,,,,,,,,,,,,,,,,,,,,,,,,,,,,,,,,,,,,,,
231963,TX,Tyrannus tyrannus,Eastern Kingbird,Tyrannus tyrannus,44100,1,False,False,False,False,False,False,1,484.3642578125,2.062823163318181,757.6496145124717,0.9935100724805905,307.16985151508135,505.8908103875742,155394.40510959533,0.17117066423393623,0.2949540953516723,0.20198358158153906,0.28153509680987665,43.5570894258711,5.32469471409553,0.5066271355817342,0.008947430178523064,0.01987500675022602,0.41954794533079626,0.05327165580145473,4955.025101599463,579.802489710818,2572.6045025837816,329.4423714270591,7993.4326171875,639.9576901057931,-201.98062133789062,26.318824768066406,2.4673755168914795,14.149361610412598,-11.857403755187988,9.664856910705566,-9.084840774536133,6.7145819664001465,-4.786445617675781,8.742585182189941,5.1285481452941895,8.058477401733398,-9.132277488708496,5.630599021911621,2.603591203689575,6.505390644073486,3.10404896736145,5.093717575073242,-6.5219502449035645,4.097301483154297,4.137261867523193,4.113894939422607,-1.7300204038619995,3.7023699283599854,-3.0465800762176514,3.499542713165283,,,,,,,,,,,,,,,,,,,,,,,,,,,,,,,,,,,,,,,,,,,,,,,,,,
232953,CA,Zenaida asiatica,White-winged Dove,Zenaida asiatica,48000,1,False,False,False,False,False,False,12,405.1664326985677,2.1924105393239723,579.704395313681,-0.805375230993306,0.1888208086362718,64991.41053696378,554.7175580817908,0.1164742410522409,0.33614465633841434,0.20611719942540452,0.3264314290203182,52.575500122626096,5.8425965360182355,0.7205975366669305,0.00691006980681171,0.010193996131420135,0.14670926644223262,0.05342631582941385,2704.9659630550304,607.3494994849174,2611.2994925796,416.9634102677328,5793.75750432249,1760.1781662082703,-268.6038309733073,16.825218836466473,36.054023583730064,6.372897724310557,1.2859148391289636,10.862578829129538,-2.780569319923719,7.058213869730632,2.480638121565183,4.381553987661998,-2.7483303050200143,4.729175368944804,-0.06592998094856739,3.150002916653951,-1.3349544455607731,3.367652177810669,-0.10353733040392399,2.6150757869084678,1.4909240305423737,2.4728583693504333,-0.6421633219967285,2.7012491623560586,2.059870590766271,2.3786723613739014,-1.5201106071472168,2.5011107325553894,14.019037182887281,0.00741592144656998,72.38814519275171,0.3903668083147324,0.40927301241765573,64885.05663057801,268.20067400678994,0.022932770676482753,0.06971145376479353,0.037294233783158964,0.015498457186796369,33.39957219415823,1.574308670131771,0.10854912483756607,0.004668241659710897,0.006639059168849595,0.028075337636045906,0.01243684974992195,314.06440658844417,224.52876657860674,154.29224660971843,119.20966987885677,780.7992893374571,618.7578434305901,3.710128114840911,9.012310621277539,2.6345650923888555,2.2757518229926705,1.2262192622356876,2.405988294455506,1.3016127048057697,1.1587129425262384,1.2272722517610715,0.603700360267535,1.0497592795807325,0.9821645643259906,0.6261204174077951,0.4119064765607066,0.6198723641080112,0.655160015913623,0.40653502402981867,0.2988764473030557,0.4267891121820015,0.24218248032793996,0.41967581989784236,0.4514563737971444,0.510847375290634,0.22933813203304435,0.47976507972103094,0.23923048238865485
233658,TX,Lanius ludovicianus,Loggerhead Shrike,Lanius ludovicianus,44100,2,False,False,False,False,False,False,1,431.02996826171875,2.180534065672275,1071.4947845804988,-0.04622970263555596,0.911626094118531,31859.75180293123,29044.181095692024,0.13502503764134532,0.5030660796321688,0.2520384086279498,0.3741199352271948,93.0664431327411,8.378123472801915,0.9461551931490918,0.011974411085247993,0.004877401981502771,0.18372982838114754,0.05538277834147518,2936.5796193117853,424.69654537084125,2773.7435900572063,118.59552919748992,6645.993692366803,594.7889350051308,-158.30821228027344,10.896695137023926,37.95133590698242,7.776528835296631,4.990498065948486,4.718963623046875,-5.343226909637451,4.08406400680542,5.798073768615723,3.3246328830718994,-3.7611711025238037,5.260045051574707,1.1450886726379395,5.265588760375977,1.4278016090393066,5.311461925506592,-0.1456620842218399,5.1346354484558105,0.3758252263069153,4.045480251312256,1.1914987564086914,2.7156946659088135,-1.507551908493042,3.5570068359375,1.0811063051223755,4.187765598297119,,,,,,,,,,,,,,,,,,,,,,,,,,,,,,,,,,,,,,,,,,,,,,,,,,
233760,TX,Alectoris chukar,Chukar Partridge,Alectoris chukar,48000,2,False,False,False,False,False,False,1,586.6915283203125,1.4969558570228367,1211.5360544217688,0.005110759180214075,1.0102740264353505,239101.40817251688,241557.94236081082,0.4448046209660844,0.569910937804009,0.4306050594784768,0.4191399245092565,112.26340636153877,9.068781169087922,0.744625522967744,0.018233558163046837,0.0212810467928648,0.09709707076990633,0.042745646504931296,1757.6335003767351,319.4527528295686,1792.560372610035,484.2933372115235,2976.7005795338114,1005.1213379914541,-273.7410583496094,86.46878051757812,61.955474853515625,30.737043380737305,26.779598236083984,16.186073303222656,19.46468734741211,18.630414962768555,-8.172797203063965,18.841407775878906,-10.741250991821289,12.7484712600708,-3.3146228790283203,8.526860237121582,0.44582033157348633,8.58588695526123,0.9126511216163635,7.988857746124268,0.20218302309513092,5.36934757232666,-3.2773802280426025,6.882109642028809,-6.0383076667785645,7.827963829040527,-0.4684656262397766,4.954660892486572,,,,,,,,,,,,,,,,,,,,,,,,,,,,,,,,,,,,,,,,,,,,,,,,,,
243333,TX,Antrostomus arizonae,Mexican Whip-poor-will,Antrostomus arizonae,44100,1,False,False,False,False,False,False,4,398.03379821777344,1.635069053641152,603.9436394557823,0.10648807908889614,1.24568078601974,96830.1040672183,120084.97428935945,0.28348403740587613,0.38965125822682534,0.3019446541497504,0.40638102951585453,84.68143880252521,8.067647841225197,0.8592440896258552,0.018457301426678896,0.012209865264594555,0.1077454899736534,0.04073056448040531,1931.120898141756,203.15559357421074,2155.392913538124,381.46216368214624,3265.9615938780735,929.85465923424,-189.19835662841797,22.3201584815979,61.130550384521484,13.27649998664856,8.930888533592224,12.408394813537598,-10.417782545089722,16.779688835144043,-5.799366593360901,7.124709248542786,-0.8077931851148605,9.257351160049438,-1.6537083983421326,9.241822242736816,-4.152942955493927,5.386105418205261,-4.57012939453125,4.749315619468689,1.1883344948291779,4.12943035364151,2.4212834239006042,2.7667606472969055,1.3050515949726105,3.3901832699775696,-0.3841104954481125,3.766950011253357,4.996368126863526,0.04891219007658809,11.821755304336152,0.05824754475393525,0.149938111366643,4781.564931527114,8332.398170404724,0.003887192665717343,0.020461571370438487,0.0048407095899867525,0.012415341060732995,22.007468878769934,1.1944928774718475,0.008477226840999389,0.00020783592973299347,0.0005945007455579259,0.004493870085570457,0.000967330794145309,47.58431279287346,20.821107601299396,21.406269799411923,23.52833965186725,134.03536680477958,101.48836332217734,0.6915465355045624,0.8716167259103066,1.1109356419027625,0.6200993322000109,0.8419782733051782,0.5798416437487041,1.0342927026385142,0.38645484364019655,0.816930552199763,0.30800094655597327,0.46674267131840214,0.25841985234722264,0.32944281187579616,0.17452452814301905,0.3976633597794745,0.1035059403248967,0.24191835215639446,0.1537066253981532,0.1224440498897056,0.17796892017111754,0.08868619973252147,0.09867629278366832,0.044429203805098745,0.14607240433691004,0.10975688813403459,0.1175386943693552
24756,TX,Rallus elegans,King Rail,Rallus elegans,44100,2,False,False,False,False,False,False,3,670.5210367838541,2.0757565521019306,1510.0335600907028,0.856745129583365,14.737559555939646,27223.99258466299,357130.9356220586,0.24640830015265003,0.4326387912385566,0.2580920134182689,0.2800076425437666,32.43130289918613,4.731746705782965,0.5757182207745567,0.019902505601445835,0.02885263164838155,0.0438202881049961,0.07266649797850021,1462.5439081600844,1288.119180203047,1853.0308410288862,334.0043206093605,2461.7107453893445,2070.8477601880018,-317.9815165201823,93.82794189453125,2.0592387318611145,15.874847412109375,-21.295413970947266,20.86832046508789,6.27288834253947,6.50724983215332,-0.863003542025884,5.135948657989502,-1.8338380654652913,5.029234568277995,-0.6543153884510199,4.408046881357829,1.9650704463322957,4.698412259419759,1.2253170410792034,4.730825026830037,-0.8250198115905126,4.772106329600017,-3.09944486618042,5.582744598388672,1.8874750137329102,3.958933671315511,4.710951089859009,5.295279026031494,8.530584435415541,0.0171156719327299,36.30721446625054,0.06004921195076817,6.546924711889552,10110.062704507232,35381.002754985864,0.016433763672018906,0.031077735994258282,0.03262652610926839,0.015667842265995616,11.615040305427266,0.8008613584437554,0.03139963603609375,0.0006248210084055343,0.0020895248673738266,0.004628417820036851,0.00441508477053688,57.755059640454505,63.540457284151685,62.7735191765611,19.60970669594987,120.01939557105727,63.69457391978404,4.993067266727311,5.01841917844251,2.2479583175503786,1.6412645220657907,3.015327403901446,0.5907300438121545,2.034395932699497,0.8927376270356271,1.1285131928270111,0.3151878062006422,0.4934972391712303,1.110153924473439,0.6371895985563969,0.32752737032349033,0.5227599875872327,0.18274186345552207,1.0840364760484902,0.6973563023061877,1.0777703615808096,0.5977315266406037,0.20305605001143873,0.6172866675684628,0.7397912475862478,0.7563726804811746,1.0229313010373522,0.28954224969792713
247711,TX,Myiarchus tyrannulus,Brown-crested Flycatcher,Myiarchus tyrannulus,44100,1,False,False,False,False,False,False,4,398.2705307006836,2.1625396382337256,864.4284807256236,-0.29687339646271743,0.5755777181603425,25724.42027644138,14266.375227227254,0.19875850516013518,0.36332232156315003,0.26948423198086136,0.3843901090613889,46.76476087806297,6.0745610909806596,0.9416868708047823,0.009755583480000496,0.0025264810246881098,0.12716438954552106,0.02322147780861454,2240.666907078136,200.6555603958647,2250.096415401713,159.7607910086438,4417.817763031506,577.3337254300645,-183.1875762939453,12.420583486557007,51.275686264038086,6.833791613578796,-2.2018103525042534,5.973025918006897,2.7834472060203552,6.219092130661011,-0.731429435312748,4.212314188480377,3.666635513305664,4.099684357643127,-1.6602551266551018,4.341838896274567,4.257287442684174,3.8468412160873413,-4.581580340862274,3.2986241579055786,0.11319239973090589,3.0217490792274475,2.1742468923330307,2.923992693424225,-0.5573254581540823,2.590879499912262,0.5750882439315319,2.687712073326111,1.0708076491253757,0.04974826677470935,97.30619027302659,0.2027954881340079,0.28542731140670313,12309.646923724375,7331.594806595782,0.03585011728014908,0.09062229798065909,0.06067402845215127,0.014867946579966337,10.608803432069474,0.6410365113409204,0.03931471031668549,0.0024155658206668536,0.001053399666495249,0.010911371569435623,0.0036408303672157832,129.27325939947912,31.34527701925039,158.88992615347564,25.555510580063736,563.7693088781649,82.44297497550139,12.867613106127688,1.118032834117797,5.585926806057243,1.3342461823749274,3.0975835228475948,0.5383946289455,2.3584225324980554,1.5988847753717939,0.5851331831842503,0.5520155549396304,1.0323423941452552,0.71785737985987,1.2573381520442153,1.0418853446419967,1.7444474254534654,0.729596197498302,0.9068554482253429,0.8283408018658015,0.24512332939677206,0.6355400137659698,0.877736028380253,0.4410385146767367,0.553935731188513,0.6190561382515138,0.6979770350490692,0.47108644195846666
251890,AZ,Antrostomus ridgwayi,Buff-collared Nightjar,Antrostomus ridgwayi,48000,2,False,False,False,False,False,False,1,403.922607421875,2.17882289120421,641.527074829932,0.6467620374550652,4.661905604909563,9512.377433815953,44345.805674721836,0.323878461456089,0.446769872018708,0.2632471381006207,0.5245683691988055,114.25474803218788,9.795411577812251,0.9541730277106178,0.012059502303600311,0.002486824756488204,0.2464047862997658,0.017917315363066542,3016.4562034126375,258.6784546163344,2069.976073474831,168.52222828234264,4440.580174180328,667.394919864233,-191.85067749023438,15.991804122924805,34.5932731628418,17.2574405670166,-25.377347946166992,12.516572952270508,-10.542863845825195,6.077303886413574,9.798423767089844,5.594817161560059,4.509019374847412,6.566342353820801,-4.4662089347839355,8.48917293548584,3.646024703979492,3.792733907699585,2.0929267406463623,5.653960704803467,-12.055400848388672,3.8699140548706055,-13.384804725646973,3.731437921524048,8.64692211151123,2.8554317951202393,21.262704849243164,4.982513427734375,,,,,,,,,,,,,,,,,,,,,,,,,,,,,,,,,,,,,,,,,,,,,,,,,,
254988,AZ,Cyrtonyx montezumae,Montezuma Quail,Cyrtonyx montezumae,44100,1,False,True,False,False,True,False,18,386.0903845893012,2.0117266142746524,336.34676870748297,-0.53835196421968,0.36381709085417374,9956.72366046493,5310.134084927227,0.2352426520792293,0.5181396095668062,0.3836730089818985,0.5073692271379442,335.1456550089645,15.24155077349371,0.8840372733172905,0.0035883933823141786,0.0028542191543642226,0.12452899854443143,0.03466719256334487,2879.720038463811,361.912383838935,3022.6173112261054,231.7722137309327,6785.92309170082,869.040304031547,-264.61026170518664,11.893448458777534,23.204165034823948,7.852008726861742,3.4417344662878246,4.88391571574741,0.8559394106268883,5.199669275018904,-1.170001142554813,4.284046040640937,-0.5811614699454771,4.24741933743159,2.1200076325072184,4.15045232243008,0.16014523028085628,4.059276276164585,0.39406297107537586,3.3667538033591375,0.21305388750301468,3.272114760345883,-0.9252287273605665,3.089821179707845,0.15719568894969094,3.1452790763643055,1.5399803781571488,3.2327142490281,7.1176041441525335,0.31703575866181866,64.13767592863707,0.313000712694757,0.33421993573206127,14118.868653510744,10407.976586882547,0.13388893169016966,0.123977553501954,0.12508758630450353,0.16761160976997458,326.378134615028,9.061911687927884,0.10834470810451965,0.001917839196390558,0.0030619046198977666,0.027408692357262298,0.008622616951228491,229.18933347132702,125.47817776843343,106.6247335574499,141.91668657791143,483.811652153874,459.2135627759935,4.7551721042821065,7.164835139864743,2.915661768175338,3.8413116201140025,1.4401217284039027,2.294161423079377,2.1790597209101943,2.3339236841375013,1.641588480257301,1.9253007752222506,1.1753099630467037,2.3071595350250074,1.3774510874795332,1.8887652543363658,1.2941269486445346,2.020406150693309,1.104646416197466,1.1958129374131363,1.4118031365293138,1.015002376926824,0.821636029796367,1.0433811340791537,0.625171256641511,1.152554916303775,0.8442973686086757,1.2679695927253618
256444,CA,Chaetura vauxi,Vaux's Swift,Chaetura vauxi,48000,1,False,True,False,False,True,False,2,406.9789123535156,2.168663019616333,1063.62947845805,-0.17487952181838157,0.7119025370340236,1656.4828705876912,1186.700891706695,0.11453864253564466,0.3317346475723185,0.2177104435239563,0.3986553394705058,100.16322457902277,8.911704808103785,0.9602202628721754,0.0028040824690833688,0.00075848403503187,0.1877378512880562,0.06770387797322541,2816.5803334738707,470.3146189810925,2571.985823337899,230.12721410518674,5875.841284579918,811.8350774950394,-250.96005249023438,15.592031478881836,28.374403953552246,9.272709846496582,1.3251047134399414,12.223133087158203,10.306060552597046,9.443600177764893,-1.7740051746368408,6.491302013397217,6.365381598472595,6.778854131698608,-2.8000768423080444,4.038427710533142,5.925904750823975,3.748795747756958,-5.455516219139099,3.985877752304077,3.5789514780044556,3.3600021600723267,-1.7295676469802856,2.748382091522217,2.4955267310142517,3.27792751789093,0.7669276893138885,3.206535816192627,1.4404970114540647,0.032925658908191005,11.837191995406187,0.1244262328529515,0.1812999373458152,82.1460138478906,358.80019631750986,0.04997582044438068,0.025748402035166155,0.02500454394522273,0.022636694427269087,29.279256019358318,1.1768135440212337,0.027290607096939503,0.00017357504551091026,0.00037180677942229675,0.03879927614129202,0.006975846135353264,409.2130403766635,51.46183378717884,283.4860227775627,14.042160010146906,1101.9258023743926,159.46760907145182,5.661019032474833,1.7953748246149448,6.234503445142442,0.4565103864852619,11.302369985210966,2.753699750812011,6.231698488080345,2.479567881552666,3.85380566387536,0.014487726294528758,7.991155262632123,0.13888060933915758,0.8727005688740919,0.5185513904302681,0.7028907476363058,0.6798512571915226,2.84055884220896,0.11423110928125822,1.6743801576720523,0.044233454686971374,0.11291646478250641,0.5346165889708626,1.2404991727955628,0.6053698522652528,0.18208235132143077,0.018626209643510465
263112,TX,Ictinia mississippiensis,Mississippi Kite,Ictinia mississippiensis,44100,2,False,False,False,False,False,False,1,437.14892578125,2.167249837219821,500.86340136054423,0.8719229934027932,14.615605432518109,22792.455312272068,333125.53368246986,0.1699641567465432,0.5831149959912953,0.3222668797788074,0.3230788041038608,33.04690585814117,5.168190569347164,0.723049643542188,0.02249167114496231,0.024527832865715027,0.38197315939695553,0.05079267439690942,4543.355535916369,436.09050838378346,2802.3878255607897,194.40967865907427,7897.516569544057,565.3214595952119,-107.88583374023438,16.96399688720703,9.968271255493164,7.517707347869873,-4.340982913970947,6.369504451751709,-1.3553221225738525,7.615575790405273,2.6832494735717773,4.930030822753906,5.962881565093994,5.633535861968994,-1.380526065826416,5.686867713928223,-2.125537633895874,4.9647626876831055,-6.282708168029785,3.9934768676757812,0.8472242951393127,2.948544502258301,2.6049325466156006,3.451077938079834,6.498842716217041,4.334692001342773,-0.35702529549598694,4.4780778884887695,,,,,,,,,,,,,,,,,,,,,,,,,,,,,,,,,,,,,,,,,,,,,,,,,,
265124,CA,Coccyzus americanus,Yellow-billed Cuckoo,Coccyzus americanus,48000,1,False,True,False,False,True,False,23,387.89841627038044,2.1968643549847346,332.06717243419104,-0.9855685057036961,0.007349416826762325,8831.665376669856,46.33816434359207,0.17570658884142362,0.45038944377085377,0.25596502606768035,0.4655843780117019,70.67745320596164,7.549068034964342,0.9008421483119243,0.004331685784880234,0.002578339590083646,0.03413558756427553,0.027380998671228337,1619.7973877059333,401.2652545989309,2511.4185428475485,320.69380214966753,3974.1180659190127,1302.8291759578303,-329.1833456288213,11.477555150571076,30.484726449717645,7.0825525781382686,10.063269490781037,3.986713927725087,4.948808452357417,4.1918791947157485,0.4056690160347068,2.75612269277158,0.5778589722416971,3.266802005145861,0.7636830967689014,3.1296243460282036,0.627777213635652,2.508413449577663,-0.04567297596646392,2.541264533996582,0.9971673268338909,2.5129915475845337,0.5636779838241637,2.281370302905207,-0.011357650039312632,2.5543641214785366,-0.14397818530383316,2.6640490967294443,7.85567141842018,0.0007194364184149553,55.607147547220656,0.017897227645170384,0.009421265484473078,4655.819431247356,21.934460842412026,0.05457505156105277,0.0871565217097417,0.07953817968839531,0.031500323521851656,29.380458332118817,1.1986972338017565,0.0349287452225818,0.0011549483267931679,0.0009800137742243895,0.01737606330697788,0.04240396684783603,192.2098060018656,319.63378371215396,170.04965693730486,124.18434742879742,669.7611721577072,399.0912131158243,6.470321215462625,16.30501985583195,4.979114046047531,3.252580255062776,1.980520339778148,2.080786561303125,1.986666160473172,2.4100534749609994,0.946566280741087,0.8347475355885737,1.1720269650855892,1.2095293782770344,1.1794041335903775,1.1587628949636892,0.6444397753733668,0.4939693082805112,0.8565668628717787,0.5391680776212143,0.5628280977712207,0.5564762511745628,0.4036143956976629,0.4771843039935001,0.5707127661392615,0.7246019506834439,0.6219712972213417,0.7960186450676826
265347,AZ,Anas carolinensis,Green-winged Teal,Anas carolinensis,44100,2,False,False,False,False,False,False,1,398.4493103027344,2.186675915483499,1188.1050340136055,0.636332164573261,4.499524030364518,155238.22222461627,698498.111330728,0.2941655575417593,0.5450034098028067,0.38873220674579556,0.3781041389902141,55.15369943617844,6.696598553863651,0.9324775620103319,0.044201772660017014,0.020634645596146584,0.24793137990339578,0.053132158210845305,3640.4147246239436,474.1074469137832,2622.780650508362,179.76159995229796,6909.460249103484,744.8569448221863,-79.62531280517578,31.215309143066406,34.632728576660156,7.363297939300537,-7.387015342712402,4.860673904418945,-8.089160919189453,5.367250919342041,-2.127110719680786,3.370762825012207,2.930210828781128,4.58660888671875,2.792494773864746,3.420670747756958,-4.145552635192871,3.24983286857605,-6.682819366455078,4.364225387573242,-4.254918575286865,3.1106557846069336,1.6154862642288208,3.5388662815093994,2.818936586380005,3.692099094390869,0.3779659867286682,2.734671115875244,,,,,,,,,,,,,,,,,,,,,,,,,,,,,,,,,,,,,,,,,,,,,,,,,,
277744,TX,Psittacara holochlorus,Green Parakeet,Psittacara holochlorus,48000,1,False,False,False,False,False,False,21,426.7772943405878,1.8992974292334888,990.3308390022676,0.5755448665801504,5.217657640019659,20918.89367595119,117285.89332156717,0.17113120174757604,0.44963872156095147,0.2348192651385488,0.4255671936945834,52.913760725021056,6.528714188944135,0.6785347439252669,0.010696001750017916,0.013987499178342876,0.21254332291318168,0.03215642635530861,3344.9634653802486,345.4528588148432,2316.8857712817994,188.4786461610958,5918.019179047131,641.9143794231354,-166.57947867257255,27.914457502819243,42.167203449067614,10.747181778862362,-9.69372015907651,7.401920545668829,2.0372090530138287,4.850686096009754,-10.251375062125069,5.121523187274025,-6.94283219746181,5.144722143809001,-8.506777195703416,4.425339676084972,-4.610335940406436,5.157814241590954,-2.406071424484253,3.7801070099785212,-3.080555308432806,3.3096274648393904,0.7046047456207729,3.7981397765023366,-0.6206068262635243,3.82933969724746,1.4333905620234353,3.6892522743770053,16.21417927649714,0.18537573656753928,133.0858487542625,0.24142700297969444,3.1816231833503057,8427.324101758122,91152.60746345865,0.03866192296760951,0.08915973880332338,0.0483021407602833,0.029533494873201838,15.5908278129338,0.8268118866186372,0.1642979838776369,0.0032578617303790007,0.007988339480584082,0.013021591854710163,0.007491512773911214,125.91515402026019,59.69142615147772,93.52556037676315,35.02596435274358,249.77759810419803,100.60075128674632,12.549674174926388,7.078718117528672,3.6978519264271537,2.515146671588895,2.917752362337113,1.595907772008093,1.1223710719178204,0.627809467848917,1.6228080340279927,0.7650731248539833,1.210092698536472,0.6723034223316796,1.6828378431351285,0.7098806321183778,1.2523326029702584,0.7940399073575244,0.6862919306178462,0.49162204474348,0.9038806956881196,0.31688276556731665,1.0285592318270829,0.3941055403128948,1.174394650234909,0.41534058410505,1.0026651015742827,0.5332271457246125
278460,TX,Chaetura pelagica,Chimney Swift,Chaetura pelagica,48000,1,False,True,False,False,True,False,1,474.23968505859375,2.190403337785097,791.8869841269841,0.9083974207329356,20.833446350555935,144.24757076279843,3005.174026684782,0.11207652551195324,0.24625230254176922,0.18757868425305368,0.3904255673502073,70.64019358177276,7.59108321267315,0.5301191369955361,0.0023984292056411505,0.0029575033113360405,0.4367307898116438,0.08582101978990354,4695.0876697698695,490.5784019075726,2836.832339030974,304.59594251579716,8339.580964388913,723.6873192471502,-250.12677001953125,56.719356536865234,10.28087329864502,11.264786720275879,-3.013969898223877,6.4371337890625,-1.0560238361358643,9.446555137634277,3.516174793243408,6.229568958282471,-3.04272198677063,3.8192481994628906,-1.2860947847366333,4.086601734161377,-2.1646599769592285,4.20651388168335,1.1253433227539062,3.8457248210906982,-0.7288265228271484,3.2268762588500977,2.2024126052856445,2.816126585006714,-1.5902807712554932,3.169429302215576,0.7406461834907532,2.9108591079711914,,,,,,,,,,,,,,,,,,,,,,,,,,,,,,,,,,,,,,,,,,,,,,,,,,
282613,CA,Oreortyx pictus,Mountain Quail,Oreortyx pictus,48000,1,False,False,False,False,False,False,20,418.33410797119143,1.5461945575169478,684.5280861678004,0.02475640410024633,1.0610415450240582,87329.32305577121,87719.04920925137,0.30583467186366514,0.4495854671110573,0.31073843963857123,0.40294118169850873,59.69403649211273,6.750155924132511,0.8213451094478206,0.009540114307310433,0.008855155034689232,0.14626945120389345,0.030517107945529566,2460.851705294678,410.4227799228371,2381.701636483392,497.31334660590426,4823.258476882684,1533.4999069897658,-241.74787826538085,29.65853295326233,51.916867637634276,16.793286442756653,10.277787256240845,12.54183325767517,2.1358650021255015,7.21062068939209,-2.895646099001169,11.840021514892578,-5.02521780282259,8.123883080482482,-3.113741321489215,8.729734921455384,-0.5477309565991163,8.133302283287048,1.8963866263628006,6.001683044433594,0.42997313933447,5.197366857528687,1.312166699487716,4.847697579860688,0.18613871021661907,4.284108865261078,1.0607425946742297,4.571680438518524,11.931017940585738,0.6885307821565201,118.00318031620331,0.07102518641106671,0.14938189025640683,134600.87768900645,133388.19561523848,0.1418172598711396,0.12753994260852292,0.15888977531008333,0.034539210473586296,21.269387055632954,1.1481893686753117,0.03449834025406198,0.008044435857596238,0.008028878487672555,0.011779227068539708,0.013756598048466576,263.65791379805773,101.2469519695242,290.9350265772402,128.6568586452103,996.2596774621953,319.3666448132956,13.212119277676427,8.392194451718913,11.973538233911917,5.035574676308386,6.6567691637614175,2.1203508679897607,2.138462998927323,1.7497353497344603,3.3369056157039556,2.2222676001673674,3.643185425881581,1.6437481057650456,5.423493563430837,1.6576230086158854,2.5275236996564083,1.2987876451280291,1.170402023920836,1.025993348971135,1.1401242048051126,0.908173756605262,1.7226403113478086,0.9544297150453316,1.0974115027573657,0.7333860724051574,1.8494909130028714,0.7044614762246754
283095,CA,Rallus obsoletus,Ridgway's Rail,Rallus obsoletus,48000,1,False,False,False,False,False,False,1,530.8631591796875,1.937678713569865,1650.323446712018,0.8413774595292658,11.608548533296238,89421.1253570568,1038049.4736093606,0.20381955891377568,0.46413343349747915,0.23539841154084284,0.31006854220398383,48.28667273028118,5.9196850435494035,0.8715962712127855,0.05037538334727287,0.030272353440523148,0.21930003110362997,0.05822525190666272,2830.1982183107893,618.3332926576049,1632.532652146517,135.93963221023967,4334.074026639344,636.0189354414005,-124.20684051513672,78.27224731445312,45.31168746948242,18.21092987060547,-44.124725341796875,14.193198204040527,9.141279220581055,6.282336711883545,-1.1855382919311523,5.001549243927002,-2.1809637546539307,5.268078327178955,-0.8971338868141174,4.442739963531494,-5.712857246398926,7.647305011749268,-2.268836736679077,4.774612903594971,0.7140646576881409,5.493808746337891,-2.6889488697052,5.3385396003723145,1.8977885246276855,4.683871269226074,-4.454995155334473,4.794807434082031,,,,,,,,,,,,,,,,,,,,,,,,,,,,,,,,,,,,,,,,,,,,,,,,,,
286968,CA,Zenaida macroura,Mourning Dove,Zenaida macroura,48000,1,False,True,False,False,True,False,10,429.5743133544922,1.9224304354991564,580.8518866213151,-0.05477853395328095,2.063292677361361,7747.386100368273,16967.74743029828,0.2785418878418039,0.5205157610032086,0.3630954743484661,0.2709709665768386,46.22490727426842,5.3722146234624635,0.7225394304379711,0.004513218230567872,0.006853766972199082,0.23910721146809136,0.09965422066564819,3605.3219638790606,694.7116748164204,2850.378673747638,518.4098492115711,6960.5347880379095,1353.9687280627543,-280.9120697021484,23.46207265853882,5.19472413957119,12.918328332901002,-4.9389940857887265,14.78034954071045,10.478714227676392,11.942842245101929,6.402638864517212,8.837479209899902,0.6048507660627365,8.476036930084229,-1.6051081448793412,7.196113967895508,2.8534162759780886,7.5246007442474365,0.6125987768173218,4.8739830493927006,-0.14209166690707206,5.0412146091461185,0.27074274122715,5.038329458236694,1.0539769172668456,4.88305435180664,0.017295579612255096,5.362184071540833,8.052107933145987,0.2312614151823959,203.6592789865998,0.6258040442732437,2.574136975638575,2547.5605598972265,20112.45493949156,0.10001469766400149,0.0664696289502385,0.06847745924240398,0.026202655460132833,26.35328036283778,1.5568502939405857,0.04030405011016504,0.0021004226974349173,0.0031118687088442965,0.021861817088290394,0.018133142525163848,190.28260498239337,126.42888813131975,159.7078837224724,133.5436937654531,384.88763036004417,227.91316165424658,8.17303494978198,6.184319940010511,3.1879556126151396,4.199711585547146,5.882573282954256,3.1315662692674366,2.986743739369985,3.793742323696905,3.0798647342468484,1.486817837579551,2.689386336107345,1.8835598891812912,0.9302680575554517,0.9976471766386498,1.5826672317988504,1.3043652407969388,1.317734635621195,0.6059936607936499,0.9395038659333688,1.4163510504077148,1.2636080810178396,1.0499499914005301,1.1295619136196062,1.467583248818641,0.8846480682694523,1.70029572062173
286971,CA,Columbina passerina,Common Ground Dove,Columbina passerina,48000,1,False,True,False,False,True,False,5,435.9124267578125,2.1198034163455555,980.6388571428572,-0.38882026513494466,0.5122487915038934,4289.316457514914,1707.1549482408725,0.1319228793071584,0.2931891140555154,0.1832256211099093,0.2636278775403794,24.96871435232045,4.051253831260957,0.8887500663572464,0.003338472079485655,0.002678943192586303,0.2271116162909836,0.09614435641972316,3149.678764360548,565.392849004952,2290.3784387307446,327.0884023848804,5304.328893442623,819.6333778040649,-267.94664306640624,25.00525016784668,26.33392677307129,12.074841117858886,-12.93533182144165,14.61214542388916,23.301866912841795,14.03051815032959,0.5526089742779732,10.928013038635253,-4.154213523864746,9.448907566070556,-0.007012665271759033,7.211109828948975,0.36341015845537183,6.480438613891602,-0.5561272978782654,5.7429827690124515,0.6813145697116851,5.201721668243408,-0.22916069626808167,4.422253799438477,1.012483251094818,4.407174205780029,1.43386070728302,3.9040003776550294,4.442382120388996,0.07677034583579005,78.12321009307956,0.33313618533045986,0.3793357606370118,1984.0751698125184,1178.4982908165043,0.03491465104665315,0.04797804028830832,0.0433598197091352,0.02059794909977618,7.68665923237761,0.6847698707970986,0.008269143040523511,0.0007035544406148392,0.0006406220788338365,0.029822641878796106,0.011541113161861112,156.84580295750408,75.73267351306086,90.43734079759909,77.04253567154512,227.92414429073762,179.41170302264368,5.847261395299339,10.919750976844423,3.035035842836972,2.77105627706124,3.6983554068186044,2.565084252825943,4.069337419375287,4.475918426965907,1.5357022721529232,1.025196024794145,1.3066053307096952,1.4043009836343407,1.0683186325514347,0.676940383123495,0.5628780972867088,0.6695794099515302,0.644124877522302,0.41765094744840353,1.1020015001824461,0.5345688811948744,0.7936600693023649,0.21202712571762927,0.40187126412385143,0.5381363965436272,0.44507465796841217,0.13082503562310555
288791,TX,Megaceryle alcyon,Belted Kingfisher,Megaceryle alcyon,48000,2,True,False,False,False,True,False,1,368.3148193359375,2.1265135349766746,1893.9573696145126,0.8981153275599189,18.630038082285697,1071.5631039308696,19963.261433804368,0.2609419634121757,0.4479239827309702,0.29772768799872396,0.5804619899681807,109.46883746212453,9.480584452200787,0.8814822400364478,0.027174921706318855,0.01472766324877739,0.29005589978448276,0.09238799193411314,3672.333871333505,738.0906139358724,1914.1863181480921,152.15863793663053,5475.745049838362,584.5403929831389,-157.69808959960938,50.69175720214844,9.635618209838867,15.707274436950684,-23.499217987060547,6.52367639541626,23.929121017456055,4.412147045135498,-21.12567901611328,6.00450325012207,-18.435138702392578,6.518863201141357,8.843216896057129,5.253611087799072,16.629961013793945,8.81967544555664,-1.890711784362793,6.021240234375,-6.903278827667236,4.384743690490723,5.96633243560791,2.726560592651367,-5.895003318786621,3.761767864227295,-1.8610312938690186,7.953453063964844,,,,,,,,,,,,,,,,,,,,,,,,,,,,,,,,,,,,,,,,,,,,,,,,,,
297470,CA,Mareca strepera,Gadwall,Mareca strepera,44100,2,False,True,False,False,True,False,2,455.9622497558594,2.0114181018229784,1382.6232653061224,0.5055956890105759,3.27245331259133,6199.319880758412,20576.82334569121,0.15749776296207857,0.505289293577365,0.2950052521760731,0.2940808752271354,52.218272058366416,6.170252183305481,0.7003240184525019,0.006102130515500903,0.00543275335803628,0.301392459199356,0.07280707102690874,3788.396474546068,606.0429263252031,2278.5870526747995,287.1776464002437,6294.742771836578,926.7195240726471,-191.85095977783203,23.837583541870117,25.992002487182617,16.047342777252197,-7.891376972198486,11.546831130981445,15.133033752441406,10.715245723724365,-8.354555606842041,6.920199155807495,7.261800289154053,6.239126443862915,-4.1418339014053345,5.2369208335876465,4.9733864068984985,5.519882678985596,-2.8704320192337036,5.2790586948394775,3.025473952293396,4.368790864944458,-0.15474101901054382,3.601912260055542,2.1774295568466187,3.4935529232025146,-0.375161312520504,3.754099726676941,23.011310724694027,0.05678873022131246,192.5838829971372,0.1612295803670361,1.3932844827916335,416.05066254570244,9998.922562575877,0.028463005593414886,0.011793585188597683,0.08603272182096615,0.045809819414007566,28.391750134732412,1.924585045765918,0.05177243812557849,0.0016420468156127493,0.0011583606917508716,0.03235564010490582,0.007305692138019699,217.39129967580058,95.97868713809821,48.55374466190552,18.110638254444655,149.3208950049442,56.551258177149265,10.129583012002339,4.9959323220788585,5.109776017528604,2.28387028584773,2.0418502690562295,1.4392184446576382,0.08384862630151302,0.5028307845230987,1.33787786469974,0.46004633848793186,1.0531081308762453,0.4337790737967903,0.99152703334219,0.1394966276769928,1.8186302755114978,0.7258779759889354,1.992940200058489,0.7249139932697943,0.0004786196116897126,0.4150820574477816,0.7549883406400764,0.2054975809206886,0.20012486925991388,0.10031894034999424,0.7045193545463273,0.16471140126712028
297543,TX,Archilochus alexandri,Black-chinned Hummingbird,Archilochus alexandri,44100,2,False,False,False,False,False,False,1,517.8533325195312,2.045804383595354,5600.558004535147,0.9974184721466788,773.7350071884619,100.86198460180938,78040.44838092351,0.15033538241999478,0.3612250688985337,0.27545859801501016,0.24272235685359056,13.35074781655844,2.966948498807082,0.768373844585929,0.010288240388035774,0.012130928225815296,0.39955928900761123,0.029539829342134657,5084.329185102916,287.0490348175032,2135.2755588829195,290.9626807304891,7518.1640625,737.8898483611412,-221.0846710205078,27.377788543701172,-59.76770782470703,12.639410972595215,-66.2368392944336,6.902729511260986,-22.21082305908203,7.511760234832764,-11.373977661132812,8.134511947631836,4.861830711364746,6.406633377075195,3.1847493648529053,5.820586681365967,5.777550220489502,8.077388763427734,-1.3305832147598267,4.898024559020996,2.9358601570129395,4.441279888153076,2.2693862915039062,3.611131191253662,1.400246262550354,3.461616277694702,1.028358817100525,3.7268435955047607,,,,,,,,,,,,,,,,,,,,,,,,,,,,,,,,,,,,,,,,,,,,,,,,,,
297547,TX,Calothorax lucifer,Lucifer Sheartail,Calothorax lucifer,44100,2,False,True,False,False,True,False,2,473.7583923339844,2.189222028790316,2048.5862131519275,0.9698043550019759,81.11122414201772,243.00495022544152,17336.874303918434,0.0721703054912804,0.23207520187595537,0.1415942966085545,0.21987578058926638,14.559500269945236,3.0289836888428545,0.7014058903573633,0.005360075505450368,0.005178750259801745,0.4491604306937939,0.02855765476927976,5393.850386194923,257.43525390537525,2431.468003767549,230.16908516256404,8373.566774462091,544.6634807778453,-206.6091537475586,21.580612182617188,-23.167332649230957,12.956103801727295,-30.431640625,7.24192476272583,-12.727837562561035,6.2901482582092285,-12.296177864074707,4.290917634963989,-3.703277349472046,4.613872051239014,-3.296965479850769,3.524917244911194,-3.3709124326705933,3.294976830482483,-1.992031455039978,3.0797250270843506,-0.2254439890384674,2.9947798252105713,-0.3452502526342869,2.802231192588806,-0.09490763396024704,2.5434212684631348,-1.4624699354171753,2.5250288248062134,12.288354033624397,0.0011443946828351794,35.26913937552538,0.018777403005712512,51.061520530790126,92.96842932853724,4867.419145621694,0.003509214544070895,0.013902886563667801,5.851864006564029e-05,0.0009991376116924178,3.545474187175567,0.3463101120287786,0.03865816609864954,0.0004341780648407528,0.0010782655452397274,0.0001698034342629403,0.002638449761212621,23.302819195449185,19.117069899243447,17.348372791771634,11.734585724981814,13.193726842228864,35.119725771451485,2.5652581565467107,0.048836396306543135,1.2838820197858871,1.8481851629738832,0.3112150268027462,0.11025143525746557,1.8533108941023841,0.8826433476125999,0.7174081453121862,0.226162349332974,0.026163752031198754,0.28057797685799524,1.31637572270124,0.2266409689446637,0.21654056099272495,0.1397001126616034,0.70939872680857,0.06671778684316908,0.4474315759943787,0.5738347372724316,0.3930287136961002,0.4887208625786216,0.33918714205286554,0.07249628836140669,0.18670463834446904,0.11949592500984506
297550,TX,Falco sparverius,American Kestrel,Falco sparverius,44100,2,False,False,False,False,False,False,1,529.2102661132812,1.9072003258520978,1079.4009977324263,0.9925199407537051,266.3775613462714,1278.293754669221,340508.77305295604,0.24962270118872176,0.37871914404842166,0.2672426136241166,0.2817607364873018,34.83658099536029,4.5997344624556815,0.7296837456780092,0.019472572952508926,0.026924660429358482,0.37488793545081966,0.03176717712733732,4538.464060641255,365.718997502962,2314.3224240644167,650.6673266719433,7172.170370133197,1510.5001009205128,-204.9901885986328,40.48672866821289,11.389086723327637,12.95128059387207,-11.120644569396973,18.61713218688965,7.086062908172607,6.329031944274902,-8.49608325958252,11.850213050842285,-1.978379249572754,7.236876010894775,11.288172721862793,15.2471342086792,7.469590663909912,12.11429214477539,-12.021683692932129,15.700469970703125,-1.3790812492370605,6.2488179206848145,2.011481761932373,3.8633759021759033,-3.1544992923736572,7.984974384307861,5.847733974456787,11.48816204071045,,,,,,,,,,,,,,,,,,,,,,,,,,,,,,,,,,,,,,,,,,,,,,,,,,
299108,TX,Crotophaga sulcirostris,Groove-billed Ani,Crotophaga sulcirostris,48000,1,False,False,False,False,False,False,8,420.6513442993164,1.5848399249741953,973.3957709750566,0.3339207464299873,3.3246271769228963,818566.7706320232,893964.5691786363,0.3425385198464783,0.5464458223449657,0.3932054574275137,0.30861050789108113,67.21647477785946,6.219275219920717,0.7763784399101936,0.03174491855315864,0.03223309223540127,0.2411071634404274,0.0361625346363173,3088.4204625739153,397.5571784051941,1999.6585948851466,355.68063428007497,4905.126252721568,1042.1698393206052,-147.9408416748047,21.455533504486084,44.425124406814575,13.432328402996063,-21.92432153224945,11.433356046676636,-0.7899398878216743,9.00726193189621,-3.6139003336429596,9.826939344406128,-2.830949978902936,8.030351161956787,-5.336231499910355,6.134595811367035,-0.3307825177907944,5.2434210777282715,3.5672401189804077,5.3020186722278595,1.3449561297893524,4.357341647148132,0.2254347801208496,4.076369196176529,-1.4808635748922825,4.028952568769455,0.37897393107414246,4.41439214348793,17.54347668180516,0.33171489461493464,152.8342710507111,0.34582190360968446,3.0931409808868793,1029193.4170579762,1014296.7775975164,0.1529800527622784,0.11171719814800223,0.09353442370883258,0.06456055418697867,76.40652741667276,3.5195495043347966,0.06321779898305889,0.02119605958955519,0.022989886369008828,0.02209097270828336,0.00913965366066665,289.98228037892284,124.24999475312737,200.4277046083384,79.64204685864969,663.2062928285544,279.3523857996992,7.364210365071629,11.42004434801251,9.179629269062913,4.880416646316962,3.910372146905446,2.3312577100399388,3.5661785382032902,2.014848515180592,4.533946978289966,2.8404189402352285,4.982395962105441,2.2083661110231496,2.1135442443918038,1.3963033642382847,1.3762212969577383,0.739687299577459,2.3574283355449586,1.1904609199089426,1.7565576354417223,0.9313577470858443,1.1942397029847485,0.8726791986327631,1.3160194255453637,0.6905671714734809,1.4228072905823932,0.863463330027684
305373,TX,Melanerpes aurifrons,Golden-fronted Woodpecker,Melanerpes aurifrons,48000,1,False,False,False,False,False,False,1,563.0078125,2.104340502790129,1265.180680272109,0.9026143810805565,19.53691317251249,38419.6978796888,750602.3015896424,0.19254713140074975,0.45323848241380993,0.19355191661796367,0.2578667161600866,50.15265905400218,5.661409549201421,0.7128030489422945,0.03378952667117119,0.036402586847543716,0.28541468457259955,0.06384548981605333,3796.3073414272485,393.6221572951089,2604.788999853944,579.9865263118288,6925.824474897541,1471.4107242271566,-153.92933654785156,67.8510513305664,19.24275016784668,11.651985168457031,-15.478175163269043,17.542760848999023,2.6667542457580566,15.089883804321289,5.538827896118164,11.049530982971191,5.40172004699707,17.06429100036621,2.816309690475464,7.264838218688965,0.2135191261768341,7.872829914093018,2.883380651473999,6.528244972229004,-6.092419147491455,5.888566970825195,3.865818977355957,5.204131603240967,-3.377650737762451,4.769350051879883,3.9240832328796387,4.258885860443115,,,,,,,,,,,,,,,,,,,,,,,,,,,,,,,,,,,,,,,,,,,,,,,,,,
312735,TX,Tachybaptus dominicus,Least Grebe,Tachybaptus dominicus,44100,2,False,False,False,False,False,False,1,407.95068359375,2.082076821663616,1158.2761904761905,-0.030186768164831866,0.941395542832284,180660.2649088954,170072.7681521338,0.16895334891149816,0.4695255895231767,0.30550246249274204,0.313068994947689,56.48973168155323,5.9755746892928885,0.9152417568980847,0.031487081199884415,0.01491630356758833,0.18657738358711048,0.06487636011764915,2540.659604342816,379.79315963407254,2132.748600792197,245.1441139805781,4472.440189004958,576.8108921378521,-122.08087158203125,29.985084533691406,46.42731857299805,5.693437576293945,-15.196245193481445,11.180316925048828,7.650043487548828,5.583803176879883,1.3034688234329224,4.307742118835449,-4.367762088775635,6.715076446533203,2.0252127647399902,4.535445690155029,6.59124231338501,5.350661754608154,-5.2398600578308105,5.073222637176514,-1.0130620002746582,4.233636856079102,2.714564800262451,4.212752819061279,3.3576555252075195,3.2024433612823486,-1.9081751108169556,3.9060630798339844,,,,,,,,,,,,,,,,,,,,,,,,,,,,,,,,,,,,,,,,,,,,,,,,,,
317023,TX,Eudocimus albus,American White Ibis,Eudocimus albus,48000,2,False,False,False,False,False,False,1,492.2869873046875,1.983184216109142,1271.1141950113379,0.4855802057481611,2.887875276861686,193168.7745642693,557847.3283258218,0.1334552600172444,0.38544343228403666,0.23680373627099027,0.2724825283068725,17.6338511485957,3.4986411208843395,0.8616326743849465,0.0404883474111557,0.022291377186775208,0.26467702539519905,0.04065129136854143,3242.131896106088,351.3071896675183,2011.8480414863009,212.68671983861404,5220.994893058401,413.98820251028354,-103.24315643310547,30.41221809387207,26.61663818359375,13.902647972106934,-38.53837585449219,11.060498237609863,9.388959884643555,7.129115104675293,-1.5830618143081665,5.25690221786499,6.451622486114502,4.983275413513184,-0.20406733453273773,4.917178630828857,-3.618457317352295,4.494218826293945,2.2117819786071777,5.305953025817871,-1.779805302619934,4.756682872772217,-2.7172508239746094,4.489193439483643,3.0689401626586914,4.226288318634033,-3.0417823791503906,3.8781323432922363,,,,,,,,,,,,,,,,,,,,,,,,,,,,,,,,,,,,,,,,,,,,,,,,,,
317033,CA,Branta canadensis,Canada Goose,Branta canadensis,48000,1,False,False,False,False,False,False,3,461.1209004720052,1.5002328739881754,1452.6866213151927,-0.4944186103958245,0.3504966322382969,129990.79366134143,40728.375864722075,0.3904637211812987,0.6573344079886936,0.47878590765504203,0.44450939616023755,196.16408484522364,12.190608255864744,0.7514264022927236,0.010098739216725031,0.012349423952400684,0.08712675644028105,0.0237531615512655,1709.4402627505888,415.482763555636,1768.0413765773608,335.56115509835035,3258.6409772028687,1164.0321372447695,-254.5404307047526,35.82135009765625,57.95112228393555,16.276612599690754,-4.946360190709432,10.991438547770182,17.890774408976238,7.534525076548259,-0.022236426671346027,7.4298990567525225,3.2047586838404336,6.224614302317302,-4.411691347757976,5.714376608530681,0.8156370470921198,5.797109603881836,-3.263565937678019,4.901836554209392,0.5591685771942139,4.899184624354045,-0.35690512259801227,5.025903622309367,0.49116191764672595,4.857387224833171,0.5905086932082971,3.8222060203552246,36.06871860658469,0.325429012220676,97.78495077631747,0.17058527577076404,0.1603396318180916,201268.443248456,61233.67692656276,0.10935021426897445,0.1127362629431248,0.10712226648909128,0.07912568615016469,34.779095019952074,0.40619812872226657,0.05899715617831503,0.00861095915700761,0.013792287107561755,0.0030117212861109975,0.011464427015932841,122.5036188431356,74.58394997262339,57.96757712263832,29.95572238726669,231.87787138444804,114.06718181047776,26.233688149399864,22.137936013594196,2.7584663588170297,2.615271167979329,1.7037491250421428,1.5753635712307617,1.5982131267274788,1.285726407661048,2.9310848344053846,1.3866068256297246,2.763928253696771,0.8017084404415031,2.8709548141542056,1.5406126823928468,0.8367182961668688,0.8525693204024027,0.3047223335929132,0.5593027563126068,0.8922756229907373,1.5166356811241828,1.5155166061189127,1.3286110641709774,0.3289479524733631,0.40338324185125246,0.7172919580366428,0.46429116775953544
318524,TX,Tyrannus couchii,Couch's Kingbird,Tyrannus couchii,48000,1,False,False,False,False,False,False,11,492.3902421431108,2.002720455483321,1124.0436198721911,0.9770940469079764,148.3391958910499,2105.3751088018926,349551.92449405516,0.18041065468868342,0.32866913509627577,0.20238345764031573,0.24211609557982297,17.92757698300031,3.3237980780400687,0.7539513556112959,0.018169469792734493,0.021106769669462334,0.34050574169682774,0.044955361603662286,4220.407673100847,565.6543079366435,2368.0125995372255,789.0266308989023,6761.43036570883,1963.1186047320623,-221.9204892245206,47.8817305131392,0.8700470680540259,24.281245318326082,-33.18471717834473,24.75889136574485,1.4925728941505605,15.922693512656473,9.562366008758545,12.941864273764871,-9.78185189854015,13.93870804526589,2.4203545071861963,11.373078606345437,0.47573724389076233,11.17334964058616,1.861941164190119,9.086050250313498,-1.760659017346122,6.374934196472168,3.0117054744200273,4.600364641709761,-1.8856462104754015,5.527988693930886,0.37995334375988354,6.451634667136452,25.493385600955552,0.07719716647902379,204.88292116144305,0.010446437758017164,185.74338285617466,1540.241090451626,509920.92554020224,0.018517210349991993,0.04833112152726169,0.028611916498906508,0.016265284647318166,9.041425639507457,0.6642320921551563,0.02583929992662242,0.01315741494722199,0.01486138624389158,0.014259691171257482,0.009173659887833635,222.65784582428003,120.93526306423573,261.3619258940039,51.18082644970002,583.4461609325867,231.82398397296808,14.13539850973931,10.416376640309071,5.797518577686853,4.422480246631853,8.34258288303638,2.7249473737931487,3.733096448293108,1.6031351894785122,1.2590929575298573,1.9587368140022323,3.736251413564778,2.1658855910648045,1.1896948193407684,1.8978070575716373,2.461453565518545,1.3891717630591034,1.2325152491942017,1.3186773750633727,0.5601862220769359,0.6406169577077475,0.7668233585386922,0.4082831962692548,1.0630026376188915,0.5959152298474687,0.6462168381449843,1.1746855595365986
321717,AZ,Lampornis clemenciae,Blue-throated Mountaingem,Lampornis clemenciae,44100,1,False,False,False,False,False,False,1,467.46258544921875,1.9417781783027916,741.5671655328798,0.8358269510814748,11.182267510866222,67258.83810822465,752106.3201962115,0.33478853993866353,0.514731925798222,0.3650066352075335,0.2653737601158772,22.056159019688778,3.9928576701631244,0.6399825872433104,0.027506718412041664,0.04355601221323013,0.26376449978044497,0.14203470583401331,3883.3588836514195,923.2972458670014,3101.6629381317816,528.6311901125669,7806.189565189549,672.0835680808025,-193.1220245361328,20.759641647338867,2.470397710800171,13.536041259765625,18.095752716064453,9.333233833312988,1.6520891189575195,7.595535755157471,1.719102382659912,9.269671440124512,2.89387583732605,9.81005573272705,-6.561168193817139,9.033060073852539,3.832350969314575,5.939321994781494,0.9942246675491333,5.652100563049316,-0.35522040724754333,5.9810590744018555,3.362276315689087,5.946141719818115,-0.4409267008304596,6.318110466003418,-3.7986936569213867,5.804226875305176,,,,,,,,,,,,,,,,,,,,,,,,,,,,,,,,,,,,,,,,,,,,,,,,,,
321736,AZ,Eugenes fulgens,Rivoli's Hummingbird,Eugenes fulgens,44100,1,False,False,False,False,False,False,5,456.6303405761719,2.0857132809928793,1138.3364353741497,0.7109187410333491,6.586547289119968,4481.362595970859,29247.980952708003,0.09476440427489266,0.3241618362531926,0.21929458332022628,0.24949491696754852,32.75858598574791,4.27392398035384,0.7668350017469764,0.008033833652734756,0.0060230158269405365,0.2800900175644028,0.052742917197433126,3534.335316973765,539.8106154360447,2259.0877402683973,184.32815616573458,5876.7641361424185,640.4588236704361,-177.584716796875,21.652053451538087,20.883233261108398,12.568963050842285,-25.197503280639648,7.478251266479492,5.71788911819458,6.101657962799072,-4.784340333938599,7.873881053924561,1.3612884640693665,5.993696022033691,-8.06107587814331,4.787963962554931,3.2156986236572265,5.190145969390869,-0.06311655044555664,4.426863956451416,-0.028493571281433105,4.045367860794068,1.4163570284843445,3.2203837871551513,-2.2718057155609133,3.1070658206939696,-1.494270670413971,3.34370903968811,12.029555230169741,0.06909711116459763,39.46177211293482,0.09736091211806447,2.5207803297466156,442.92652281305874,10621.118209564742,0.037670817684291986,0.11196976539960957,0.07844331410425542,0.01825803805133679,21.0238089274522,1.4515239253743701,0.0642621279030798,0.001288255527793952,0.0014559437815219213,0.017719654073867292,0.005067762227654079,134.42057172584845,59.21262944478786,65.51114541476439,25.768766069056614,61.223139024517366,151.03875939551824,6.3405330243364215,3.009575695994865,2.9815852099156444,2.1563609319837562,3.013499936577899,1.38484061526568,0.8998502781157266,0.8035339096026616,0.943085864633279,1.2929379356224842,0.7144769112426002,0.6670789741628127,0.7476146763896249,0.5965496289453575,1.1370903214956096,0.8064207553355853,0.5749860869739538,0.40397002382918956,0.6444702480037314,0.5039420944319057,0.3984802606198292,0.34070144230426813,0.5441262689170435,0.2642711068014821,0.4587297270874102,0.46521661897815564
321958,AZ,Chordeiles acutipennis,Lesser Nighthawk,Chordeiles acutipennis,44100,1,False,True,False,False,True,False,10,463.89154052734375,1.3925363184358561,4084.660362811791,-0.7578091923489298,0.15173593702317587,5054.029584336496,627.9996245714681,0.26950288083983964,0.4563430356242638,0.3280293311477771,0.35973619293321235,59.24732276908842,6.610956505091832,0.9153314114147625,0.0037348044454120098,0.001675971137592569,0.08536791477605386,0.032284545654773046,1321.4590892881363,287.27481149102897,1240.0034906315914,167.60641676391293,2196.3337682505125,575.4016602825575,-338.1750091552734,16.198244857788087,85.43828430175782,9.284198474884032,-16.113185155391694,12.852135944366456,0.9965633988380432,10.383110523223877,-3.5143134117126467,8.967964315414429,8.39874733686447,7.504415702819824,1.4866205155849457,7.8271706104278564,0.03290521502494812,7.318433618545532,0.21787183359265327,5.728452825546265,3.829951801896095,5.470792770385742,-2.312348389439285,5.336022591590881,1.9043570301495492,5.172714042663574,0.2761278640478849,4.687400007247925,38.61685115086057,0.3035045017340184,2665.1870117050116,0.19568589508383857,0.13969908197522754,2482.544407689132,582.3943185021857,0.06566137763867617,0.10791521819806953,0.08465910255401639,0.030267049820985825,20.51518525317537,1.172734491556679,0.04022668104784566,0.0010432698230786225,0.0004761950182280689,0.01230064378519181,0.010137883236515993,171.1626051847538,69.63231807924576,259.7769321348255,31.3427956418453,228.9957547953819,101.57816456887522,4.419084664169072,3.3529692952455186,9.591804154538174,2.4412883476788227,8.715732648667135,2.4966553657470083,6.508766897581579,1.685613816089411,5.692178742946221,1.5202436307284966,5.016006301220519,0.6990432085107674,3.1932883631016145,1.2572472143614224,3.8910353723554176,1.5581745816829755,1.1982917203653658,0.5918658916589584,2.412409947460837,0.8841839366770129,2.1407884457855566,0.9810097775283946,2.0391703507017427,1.1500811030472757,1.657239582637109,0.6842127419958153
323984,CA,Spatula cyanoptera,Cinnamon Teal,Spatula cyanoptera,48000,1,False,False,False,False,False,False,1,418.70355224609375,2.192155110479341,875.1287074829931,0.2023125708601637,1.5072477350641509,193603.819269714,291808.91809404566,0.09169435712189478,0.35576730176564053,0.17675632342783143,0.2922986328592422,33.87672441371584,4.675417537163073,0.8274106713011141,0.032536864280700684,0.026565710082650185,0.28775160479697454,0.06200980729146427,3711.0231027245686,507.3232601702636,2841.918270960491,342.390919855774,7276.37107508957,1221.324555347552,-110.51766204833984,69.17811584472656,22.777347564697266,11.79604721069336,-2.490717887878418,8.972358703613281,-0.0011705532670021057,7.618696689605713,1.4384204149246216,5.583922863006592,-2.7156612873077393,4.988712310791016,2.105389356613159,3.52980899810791,-0.0817851796746254,3.1731042861938477,1.668266773223877,3.0327372550964355,-0.8857600688934326,3.414482831954956,0.0805169865489006,3.0045156478881836,1.1959105730056763,2.8503355979919434,-0.16123507916927338,2.828299045562744,,,,,,,,,,,,,,,,,,,,,,,,,,,,,,,,,,,,,,,,,,,,,,,,,,
324293,AZ,Geococcyx californianus,Greater Roadrunner,Geococcyx californianus,44100,1,False,True,False,False,True,False,22,429.96583557128906,1.859070179521295,1430.813638425067,0.5048155492319958,5.611397238608121,5723.921193008882,20056.72254211949,0.13662926335117984,0.2842011910912339,0.1641180724721974,0.24905966403278937,21.543025719398596,3.6013712324563216,0.8809542802517544,0.007325238357721405,0.0047687266805124555,0.25834964056179477,0.09770688786267367,3204.826405109023,649.6867655253626,1954.0936659487127,335.46897039557984,4945.002448683169,763.3417880631409,-225.59254039417613,21.480107047341086,23.377954483032227,14.955031611702658,-37.12975354628129,16.737545490264893,21.800836259668525,14.855009165677158,-0.5482867698777806,12.65215795690363,-0.49720615631138737,9.720597462220626,-1.677382962947542,8.071133071726019,-0.47246080162850296,7.176408876072276,-0.2560494658431377,5.842025106603449,0.6354045919777657,5.422428434545344,1.6442963225259022,5.058702176267451,-1.5232541994615034,4.569328080524098,-0.9670596610416066,4.438768300143155,12.405105952925384,0.0702114722665283,160.61535959238256,0.3188939803185583,5.1375204533732095,3752.053684318094,13039.326820203116,0.017588434443464415,0.05242895458179561,0.02606288808505718,0.011355477042855222,16.343504244697645,0.9188454608230501,0.027357745582504922,0.0018400809611597165,0.0017081979303276412,0.031647050952184765,0.01518896837237504,193.11017392562223,113.85425339897614,103.2167667925247,40.2013957765519,182.87098819845718,86.8452712851961,9.068242314075983,3.3680880276401677,4.038733497642755,2.8813931234060624,4.972685814578383,1.8387295959451924,5.477864745962674,2.231807397701367,3.4756773237761127,1.8838806341247512,2.482514649660338,1.6792548340852462,2.1463254673338343,1.5195555420524591,1.5778229365570478,1.0729783107454234,1.1668740042405155,0.8332067801751598,0.9788927578946306,0.7537001526480176,1.250799584090649,0.6795487823832349,0.8890705453006323,0.5996130451734413,0.9152209291579402,0.5148106603336953
34088,TX,Tyrannus vociferans,Cassin's Kingbird,Tyrannus vociferans,48000,1,False,False,False,False,False,False,2,463.4055938720703,1.8842644971543376,926.419387755102,0.7216759452803343,8.180922181636998,22323.660272030003,270378.5845913978,0.1947769170848146,0.43618997470193405,0.2540526554479878,0.26116315690164826,17.963448588267635,3.421267045378281,0.7376874427163576,0.011786904884502292,0.020068385754711926,0.259857106264637,0.05995363590989834,3639.1733954640404,578.264259403504,2374.095949972678,567.2614807877733,6169.703949474897,1698.4313893277638,-221.86212921142578,40.37054443359375,25.6027889251709,15.763847351074219,-20.376713752746582,17.348576068878174,-6.540607810020447,15.56737995147705,0.3758493661880493,11.593342304229736,1.8292442560195923,9.462320804595947,-1.708756148815155,7.924772024154663,-0.542143028229475,7.919216871261597,1.5598632097244263,6.905275106430054,0.6447824835777283,5.56002140045166,-0.9691847860813141,4.212088346481323,0.5234062671661377,4.780958294868469,0.08475669473409653,5.157086968421936,25.78973887446435,0.374424538099653,401.6525896763286,0.1834847197521331,6.052509314225581,28996.388949083866,372331.36326500325,0.08412806033061178,0.1883255592265302,0.12850763500611614,0.024170187682821483,5.970665837587108,0.6208660722559636,0.1531687517638223,0.010985003459914839,0.02359751850569836,0.026414945669050716,0.004216689894348307,280.00886041213965,5.100818289678281,265.6889706441978,98.59814233750947,734.1952400487858,175.26325556718587,24.010847850889412,23.91641733103857,10.891740995189451,4.756233416528549,4.476552324606867,1.967745994130435,4.540501737852446,0.3136696592600207,2.1122665261499263,2.256671070042316,1.2124412570985874,1.534649024929945,0.5455293352810003,2.0705974543137518,0.7080718860655303,1.9230983202162986,0.8099931389604313,2.4190446699162336,0.0015821083994019402,0.6213929039573364,0.652401815546499,0.326948613939257,0.1176455940665198,1.244681910335481,0.10844397819578801,2.1694127636962715
34329,AZ,Antrostomus arizonae,Mexican Whip-poor-will,Antrostomus arizonae,48000,1,False,False,False,False,False,False,4,434.47740936279297,1.611744405374363,1093.304172335601,0.48260741675484303,2.988696044905858,90191.31164056655,259247.9195044705,0.29823438500772204,0.40635660957419095,0.33233869842719854,0.3024807886701355,36.19104993715927,4.929382886662854,0.5769881792865352,0.01376860891468823,0.02436638716608286,0.27997355047936184,0.04418343640103994,3557.030831959791,527.186746268665,1839.429832066064,264.65016138802713,5142.861388159579,990.9438222174969,-194.30648040771484,27.30309295654297,23.0422945022583,22.880749225616455,-42.51587677001953,13.086822271347046,-4.304025650024414,11.365330457687378,-1.6607872769236565,10.438661336898804,4.038344621658325,7.5195077657699585,2.447948783636093,6.680215239524841,-1.1316979080438614,6.039710640907288,-0.6138195991516113,6.157053709030151,1.2446873188018799,5.105171084403992,-2.1994756758213043,4.355578064918518,-1.4043474644422531,4.188003361225128,1.3097812831401825,3.8262630105018616,9.873226950725847,0.05616663022470221,64.97324009641017,0.1117234286650656,0.7679881817167984,57516.32971999131,169384.58192568185,0.012557415817522908,0.032462289042050625,0.015871332208042987,0.00592850298452612,15.023779823325718,0.8910213913164912,0.047634997258290575,0.004656884808643247,0.007551692691972059,0.00838678231363549,0.0020020160716315676,89.87982904736113,61.0463822574974,48.43304433682103,25.608034703538024,141.68784758961831,106.61304586993825,6.7813736153872854,5.089266511066534,4.647896108363212,4.164984856268708,1.500666605167879,1.8416065572460285,1.5541112141988778,0.8160036238549236,2.0668098845489262,1.1530995375680209,1.2714155085950265,0.4914916298461065,0.5131390769240403,0.2624397103158469,0.47740611902765623,0.3136069055141754,1.002149584187605,0.35220084163705456,0.6114461688943349,0.3770791221336166,0.509871997449164,0.25035356989872665,0.5849788392166446,0.22355735632883925,0.5575310191870657,0.13059677048415244
345878,CA,Columbina passerina,Common Ground Dove,Columbina passerina,48000,1,False,False,False,False,False,False,5,436.23333740234375,1.8881724619040559,675.4372244897959,-0.42194930614001513,0.5253474322222138,32105.78426236821,10727.319180406625,0.19594366112365663,0.4402020584797784,0.2847360794267887,0.39962536940222854,55.90206743136791,6.688872700492053,0.8854428670780582,0.008899923227727414,0.006811998272314668,0.11508891978922717,0.059287991444424114,2134.319381661507,466.92689389327717,2311.528957753674,216.46179120500173,4015.8364818135246,742.9666344275472,-233.723046875,20.761557197570802,43.89396743774414,9.569050979614257,5.606369686126709,14.89235725402832,13.967899131774903,10.707242584228515,6.556292724609375,8.462533664703368,-3.639234495162964,6.7507932662963865,1.2606511116027832,5.985533618927002,-0.23873210474848747,4.6299091339111325,-0.6573346078395843,4.479709529876709,-0.804630646109581,3.384450340270996,-1.0248224854469299,3.2690564155578614,-0.9495543360710144,3.362887144088745,0.042944876849651335,3.1581470489501955,21.833029856849645,0.35680987267843073,75.67613782180258,0.4239375217093712,0.5117914638106585,19404.723967677997,8183.3897590258375,0.03403472231216151,0.1301048130927787,0.06187612382552762,0.02346089601330855,9.250390310293835,0.4444228775112848,0.01679642934476478,0.002116874964432516,0.0024943900597628947,0.020131250718162144,0.012598273278797617,183.60472547272676,90.78631150552303,77.16364055986081,17.693176162761464,381.5895576201571,205.74575884461342,7.17137233502403,5.9232706366338075,3.58535103868774,2.0809213605370602,3.6589915827592323,1.8121045236840856,2.3987031075072154,1.7347113254648765,1.353386713670546,0.7571030010511602,1.1907414547010273,1.3215804171224252,1.396613662559846,0.5900352096369197,0.39709140477825644,0.45625168346494416,0.6501953741475258,0.66177518985145,0.8019945842770204,0.3640713081511739,0.3372902392693687,0.2852289557160523,0.5195172394686665,0.3777306818262232,0.1345550407805659,0.6076884300198564
348974,CA,Aythya americana,Redhead,Aythya americana,48000,1,False,False,False,False,False,False,1,410.6749267578125,1.1977345469668723,601.61410430839,-0.26879267443670696,0.5763016608587528,575146.0190862298,331457.6060356942,0.36002132472991033,0.5458691434024492,0.4703525658057176,0.4006033982349698,69.6736386210702,7.011971788826993,0.895738387755787,0.04194604232907295,0.027893321588635445,0.07996894409937888,0.024533051164913118,1640.2504143777574,154.69604757893453,2067.477575791203,208.1545334769992,2873.6795176630435,576.0758988895237,-150.26014709472656,47.776954650878906,59.956886291503906,14.030763626098633,8.436895370483398,5.827975273132324,0.6684784293174744,6.706638336181641,-2.2862274646759033,6.365096092224121,-2.7092952728271484,4.436708927154541,1.9372247457504272,4.392659664154053,0.8979703783988953,5.059042930603027,0.9502751231193542,3.927102565765381,1.509727954864502,4.753194808959961,0.03377148509025574,3.847154378890991,-0.578323245048523,3.7536587715148926,0.11826431006193161,3.2713470458984375,,,,,,,,,,,,,,,,,,,,,,,,,,,,,,,,,,,,,,,,,,,,,,,,,,
34952,TX,Antrostomus carolinensis,Chuck-will's-widow,Antrostomus carolinensis,48000,1,False,False,False,False,False,False,5,415.0704650878906,1.0839271300244897,703.6755192743765,0.10250605121661241,1.2287458523828174,912491.4080731816,1120591.4564674196,0.3509707613871431,0.5605131386588301,0.376883662696477,0.47482724191366843,136.07358157539602,10.274890275098112,0.6806919135708009,0.030704690143465996,0.05168419629335404,0.27109306389051524,0.061119857050726686,3219.816325445472,681.7298862400241,2047.3575594385384,469.7861823599318,4958.40075883709,1510.791289922819,-185.27679138183595,28.589031219482422,41.956749725341794,26.397890090942383,-13.997207832336425,9.533613586425782,-2.0912975430488587,11.998474502563477,1.938810980319977,18.161974334716795,-16.98266944885254,9.724438667297363,-11.907315254211426,6.482080268859863,8.243241882324218,5.600734901428223,0.49008961468935014,4.811282730102539,-6.441089916229248,6.518022060394287,5.43711519241333,4.262475299835205,1.9304539442062378,3.8973668575286866,-8.66182746887207,3.8867136955261232,1.107557413344518,0.014073728072721696,22.4085790020044,0.011933560180319934,0.02995074466347655,175209.50234556614,211967.82881467478,0.016757185308143827,0.05359845110906685,0.01633495971529163,0.023646133439888983,104.54164632186925,3.531612967203395,0.0471947450556798,0.004321853365484825,0.004791946840861297,0.005819821524260452,0.003460661213223761,73.11515639930798,50.3674586633334,92.60775092897232,31.168996822630223,316.07083750984395,156.7056156739313,4.656301985603371,1.00617842427411,3.349560748421264,1.3824473932861292,1.8665213170474122,0.5521897362915452,2.029960482968575,0.8066264931592946,2.4432509291813727,0.8951581937525496,2.028898281368805,0.6494708560085207,0.9596483613807807,0.5273242163880781,0.38871236877728876,0.37210154618568514,0.37821077577301904,0.38379084813054176,1.1757747737504134,0.6800515214427483,0.47597293045814565,0.2154155844310655,0.5060692162223727,0.27437737909781673,0.4884766987503696,0.19820288258219393
357823,CA,Callipepla gambelii,Gambel's Quail,Callipepla gambelii,48000,1,False,False,False,False,False,False,4,554.08056640625,1.8379282370621879,1500.278276643991,-0.2082493544645574,0.7299467174567624,83694.2814124557,56406.670365642814,0.14758775788394432,0.36959102533021326,0.2058431053642882,0.47085991311366104,220.83080334801204,13.336216595387224,0.8624143114535194,0.01827326137572527,0.008442582213319838,0.10174746368193793,0.059171729070644,1525.7205084989032,741.2112713660008,1573.5984103856438,458.79073770729036,2710.87646484375,1588.7868643379918,-217.15794372558594,43.162503242492676,61.743703842163086,23.205260753631592,1.974129319190979,14.5704665184021,15.559459924697876,10.714447259902954,-1.276560626924038,10.619380235671997,7.866593360900879,8.809078216552734,-2.044358417391777,7.765922665596008,1.8085767328739166,7.095769047737122,0.21599611639976501,7.129096031188965,-0.46684208046644926,6.583160161972046,0.3162045031785965,5.8154826164245605,0.7996568772941828,5.319257199764252,0.0928381197154522,5.487141489982605,39.103340558660065,0.14423683938485285,68.24851877447564,0.2768955186206032,0.43810459584409983,15824.285319730887,23226.594932041084,0.09817619016784215,0.13912268056737853,0.10119227505537803,0.07654521231614722,45.50380870183217,1.3215812995746965,0.08018420262270913,0.0009639179763312583,0.003080106926479695,0.023954109055534568,0.022871207620128297,259.29867568092686,158.64709475353956,235.8422454363161,62.723727271619985,738.4728757473042,267.91098361646124,8.011458450379358,8.438033482332726,10.333085013269976,2.95015997794501,1.1603295521483905,2.06871140703125,5.226435511808731,0.9722431759433474,1.1114176879759998,1.0798765518803046,1.0701688227615702,2.438514409715908,1.8078622471111498,2.2307906376753617,1.7832725566537435,1.7788320826346768,1.595941646579814,1.1377177470940338,1.6825556234968417,0.8401483051584373,1.4407390527503812,1.1681159367858323,1.9108088570376347,1.3461649578026627,1.2415245558228483,1.4825400011444367
361084,CA,Branta hutchinsii,Cackling Goose,Branta hutchinsii,48000,1,False,False,False,False,False,False,1,493.3484802246094,1.5772146479104108,1111.2516099773243,0.026256384385084108,1.0539287425643418,328090.92074569286,345784.4515482852,0.2850422834881886,0.4383124869342775,0.33040237365374614,0.38209972849839735,42.509931835321915,5.586847404058579,0.7925962899793157,0.028379207476973534,0.023625323548913002,0.1185334181059719,0.027824724526767736,1947.7783202085996,371.58131744124347,1874.4237645791088,345.83623718742086,3197.6806640625,1040.2256931793602,-180.0220947265625,55.807613372802734,61.11994552612305,16.653411865234375,4.546794414520264,15.26109790802002,5.547003269195557,7.81137228012085,-3.229579210281372,8.491315841674805,3.0150046348571777,7.633360862731934,-3.425415277481079,7.401183128356934,-3.4445512294769287,7.350179195404053,-2.3283307552337646,7.171135425567627,-0.8804525136947632,7.413036823272705,2.6016829013824463,5.866203784942627,4.409300804138184,8.486923217773438,2.951845407485962,9.60716724395752,,,,,,,,,,,,,,,,,,,,,,,,,,,,,,,,,,,,,,,,,,,,,,,,,,
361916,CA,Bucephala albeola,Bufflehead,Bucephala albeola,48000,1,False,False,False,False,False,False,3,394.61248779296875,1.6736602778896579,600.5308541194255,-0.14017717519286288,0.8771386870320629,61899.84071517156,55584.16751112465,0.2821254470091927,0.5232595511392399,0.40587884770115507,0.4033988955115026,58.45360337283207,6.688620613703151,0.7267597824100847,0.012198667662839094,0.011118113218496243,0.13301299643832942,0.022135516896284287,2357.9770988886644,227.47760727837314,2414.0952049354123,280.2120958377488,4757.896548411885,852.8149656302738,-178.73786417643228,27.67675272623698,49.458839416503906,9.373161951700846,0.7520395119984945,6.679146448771159,0.5398651758829752,5.610978126525879,-0.1402895450592041,3.221179644266764,1.6649084687232971,3.763698180516561,1.6838197310765584,3.3963900407155356,-1.150920033454895,3.353503704071045,-1.3512394825617473,3.322786251703898,0.14222346991300583,2.3787104288736978,1.787842373053233,2.8886562983194985,1.5604716936747234,2.4333646297454834,-0.5868078569571177,2.490642229715983,5.21047382600951,0.6543354594419634,73.69416467288127,0.32792325095111496,0.6424309599469978,14300.362121772445,43010.340217854886,0.02248913826517345,0.19286899977727465,0.0989079883304153,0.039146626818517265,3.7250352675424963,0.43178668065391607,0.0658429933098483,0.002572544158199468,0.003228815708034583,0.0038521095353366342,0.003664620506344493,79.54273386980313,65.18695821944678,141.618465297308,43.54228201509611,435.169791679951,60.8007495389708,7.05308321910942,8.22808094289977,4.4241997708226,0.8996917470153196,2.732003335933939,3.0491341242191115,3.0740596321906692,3.268753373787589,1.2963813214492588,0.7658660123488836,0.7417178002122152,1.0057165240852943,0.5838076996933075,1.232026132675952,0.5681569678947007,1.0632525087945517,0.7429592645521462,0.8390581267231336,0.20294687552050372,0.33213052905852164,0.7310770622900034,0.659555422747107,0.26531256885767907,0.5686627308931099,0.5301712206448206,0.6734699397569509
361920,CA,Bucephala albeola,Bufflehead,Bucephala albeola,48000,1,False,True,False,False,True,False,1,417.66656494140625,1.051438697644058,599.45641723356,-0.18099990167166213,0.6934802426055017,4752.259342240557,3295.5979615812435,0.3544619524914897,0.590980889150382,0.40824322118016376,0.5028594389378584,227.50142075966252,13.046098070543156,0.529468242264384,0.004166452679783106,0.005441165994852781,0.09000875538793103,0.011564973662867073,1766.0792294941011,238.13861186929623,2224.776535160895,409.0241281609425,3000.6889816810344,886.8818382334059,-283.6366882324219,56.88067626953125,57.01926040649414,12.415331840515137,22.229690551757812,6.715655326843262,0.6435002088546753,3.3745577335357666,-2.967627763748169,3.271423578262329,-0.6514052748680115,3.464226245880127,1.959611177444458,2.9381816387176514,-3.2262935638427734,2.805525064468384,1.0937343835830688,1.9595869779586792,2.5758864879608154,2.5143961906433105,-1.5672188997268677,2.2329556941986084,0.8915552496910095,2.515080451965332,0.8912930488586426,2.219012498855591,,,,,,,,,,,,,,,,,,,,,,,,,,,,,,,,,,,,,,,,,,,,,,,,,,
362097,CA,Melanitta perspicillata,Surf Scoter,Melanitta perspicillata,48000,1,False,False,False,False,False,False,1,411.91607666015625,1.9941045612708712,799.4299319727891,-0.5280476719369747,0.30885968856244644,49582.010974296936,15313.884467821154,0.36094795762397447,0.8910029636231873,0.424124616410695,0.5680602455246131,673.9390676196609,24.847100389473724,0.8695451161233057,0.015381325036287308,0.009443149901926517,0.12943109856828194,0.023946815263835016,2323.7355560610717,359.05827387297273,2244.6965041933777,241.34581084893233,4542.984129783866,866.6223698187575,-180.1241455078125,48.54835510253906,47.374427795410156,9.725762367248535,-4.754850387573242,8.213882446289062,9.7074613571167,5.093145370483398,0.4236913323402405,3.7934834957122803,-0.2159005105495453,4.859124183654785,0.2534267008304596,3.6267786026000977,1.4054452180862427,3.330075740814209,3.2226860523223877,3.938483476638794,2.5238242149353027,4.906065464019775,-0.5187700390815735,2.598083257675171,-1.5822055339813232,3.490438222885132,0.4933375418186188,2.440096616744995,,,,,,,,,,,,,,,,,,,,,,,,,,,,,,,,,,,,,,,,,,,,,,,,,,
363092,TX,Tympanuchus pallidicinctus,Lesser Prairie Chicken,Tympanuchus pallidicinctus,44100,1,False,False,False,False,False,False,16,458.71639823913574,1.2139848193908385,764.1068424036281,-0.4332596603238347,0.5744416127570532,130742.91423979496,67444.37892667134,0.33492483045166327,0.5819364239295886,0.4163320995502501,0.36529283927751743,158.9314789151572,10.115836574038036,0.7512020406917573,0.012636981278774329,0.01405992238142062,0.09350571643552401,0.034116613874714215,1895.1499043166516,565.5746366671447,2111.086828360664,616.9875697154073,3659.137963466957,1823.4290803038991,-272.9148635864258,38.59639036655426,42.17199444770813,20.97739887237549,-0.396704742917791,13.906873762607574,-0.8405435438035056,10.702369928359985,1.4355321880429983,7.30167219042778,2.1132087164442055,6.275502800941467,0.1776199024170637,5.839715480804443,-0.07535750772512984,5.72903835773468,-0.626191811170429,5.476201310753822,1.0364415775984526,5.179118454456329,0.40733540104702115,5.112926319241524,0.894256534986198,5.557704210281372,0.39706596996984445,5.897057309746742,38.49010613191556,0.27519790636265234,252.59953891813103,0.4313767414756491,0.6825326421448161,179162.9921925676,112417.15393301773,0.07784731420965546,0.11178601839039268,0.09530081410611238,0.03675729994953206,92.53277144135376,3.0798839727747604,0.06693553403713778,0.008622202030307958,0.008952481795041546,0.01116968552854149,0.008404317846486105,241.38386974024482,63.45901533793945,282.5057414796859,68.8664365334576,802.9096149939627,206.181865408814,17.699670099385845,15.790377011494613,5.9720353433254605,3.955405771317341,6.033485046863644,5.295528133844592,4.5664783825070225,1.7298964956098892,1.8917209305806069,1.2026702645674123,1.338366534128034,1.0120070998495139,1.3139286811026745,1.0387240944041067,1.290266404782582,0.9521839941124252,1.3349315828277086,1.1547557041657683,1.1926940634788437,0.893596670221147,0.9104386552817471,1.051019033184495,0.8655949236491267,1.3630283402439107,0.9248917074793748,2.000681807506714
363448,CA,Fulica americana,American Coot,Fulica americana,48000,1,False,False,False,False,False,False,6,439.7150472005208,1.9840780482139015,927.329977324263,-0.6596361869408013,0.2124234568873806,41304.45235377134,8219.17897355207,0.2589926545832227,0.44894696570127784,0.2561549682924878,0.5109881937025663,118.98798724898272,10.06828562487586,0.7858759190763749,0.009229709394276142,0.005331807071343064,0.07925517479020296,0.011917433360591694,1554.7357949757588,233.50728157963556,1794.6333380430133,205.50123438939772,2775.2785604508194,638.1472234245297,-228.63630167643228,22.892724355061848,65.48606618245442,7.836872736612956,1.3567206487059593,7.25279442469279,5.3667863210042315,5.462769707043965,4.522178332010905,4.3899253606796265,3.4828375577926636,4.53089435895284,-1.6604172587394714,4.1864984432856245,0.915769562125206,4.146185874938965,-0.9809768920143446,3.5621703068415322,1.4277933637301128,3.009694814682007,0.3333148217449586,2.84061865011851,0.7480337992310524,2.961921056111654,-0.13068077464898428,3.080344835917155,51.02121239070681,0.180076948468653,111.13704732754076,0.13426195954346443,0.10911887859638142,40982.862388982074,7761.688934549544,0.039516071684496654,0.09998133894660481,0.10241484176658798,0.025881333389691393,22.106032015421057,0.9477340508855587,0.15472445468065424,0.0024376713198178543,0.005200023508770706,0.008202796083300592,0.0008579067207399755,150.05299585416546,56.154723258896844,115.21047262200806,55.149174033574496,336.38432994754714,165.42215399436654,17.58078099373359,10.372472555114925,4.450927146821572,1.4545325360072,2.9641858846723372,1.6579875477391808,0.7914695230241503,1.5831097138384047,1.339486470241678,0.48458065987188975,1.472045006230989,0.6815547488869594,2.509452362416324,0.5213048483565137,1.0393355680944907,0.7062412540507483,0.9212908004821881,0.21028689438048795,1.000443557958593,0.30188042105237156,0.7300882390602813,0.18847447523539645,1.129028720477588,0.37878536622246606,1.1643295322838316,0.40241836793954144
375491,CA,Streptopelia roseogrisea,African Collared Dove,Streptopelia roseogrisea,44100,2,False,False,False,False,False,False,1,407.86181640625,2.1963196346443454,549.0524263038549,-0.9976774572441732,0.0011626214969811927,34722.065914322564,40.36862025158935,0.1360498037788932,0.344904057993494,0.24516745193456502,0.3245241598610369,27.242207620594016,4.609707728270573,0.8582323309328013,0.00771361542865634,0.0073641459457576275,0.11390458776595745,0.0808043282130736,2086.7437865052398,1072.9367113136625,2241.5713483284217,634.7500484550417,3877.885534408245,2751.978034437659,-339.3852233886719,24.09426498413086,17.218841552734375,6.099038124084473,-2.4800353050231934,4.633915424346924,5.504601001739502,3.7187697887420654,-2.8639955520629883,5.316566467285156,3.3027851581573486,3.1341795921325684,-1.3214720487594604,4.301847457885742,1.4940659999847412,2.8740999698638916,-2.036173105239868,3.7377939224243164,-5.334678649902344,7.4743146896362305,-1.0624350309371948,4.235289096832275,-0.2954523265361786,5.888405799865723,-0.17124494910240173,5.68088436126709,,,,,,,,,,,,,,,,,,,,,,,,,,,,,,,,,,,,,,,,,,,,,,,,,,
375492,CA,Streptopelia roseogrisea,African Collared Dove,Streptopelia roseogrisea,44100,2,False,False,False,False,False,False,1,467.00238037109375,2.131335674953475,991.8918820861678,-0.8217711553604271,0.09783272949247643,17303.311786348397,1692.8302213178017,0.2143418516623531,0.6229450476099863,0.28785257867684644,0.3850329366476124,50.03981105226637,6.092410326974145,0.781070087283433,0.006967797875404358,0.008238939568400383,0.15452897281390135,0.08926891130954087,3010.2320364107277,750.1545130366399,2654.675153174796,356.26107523365954,6158.689216647982,1387.5692269975034,-288.177978515625,66.76515197753906,17.066879272460938,11.581485748291016,-8.238076210021973,15.647592544555664,5.903334617614746,9.711577415466309,-4.842662811279297,9.530255317687988,0.7770489454269409,5.57780647277832,3.003176212310791,4.376821994781494,6.993814945220947,5.810107707977295,-1.409912109375,4.975891590118408,-3.9906373023986816,6.907028675079346,-2.2106151580810547,5.378561973571777,-2.654470682144165,4.963712215423584,-0.22571250796318054,6.530412197113037,,,,,,,,,,,,,,,,,,,,,,,,,,,,,,,,,,,,,,,,,,,,,,,,,,
377125,CA,Meleagris gallopavo,Wild Turkey,Meleagris gallopavo,48000,1,False,False,False,False,False,False,19,401.777542917352,2.0841284848034927,589.5504809643156,-0.8058657666889065,0.13949498490873505,139090.92272270555,42147.4949666886,0.1754158136259897,0.4493630695481357,0.28821445410205676,0.43082150147913,114.71975456027185,9.363997479708367,0.851352543139769,0.014427884873983107,0.011677220007282142,0.08742798257811536,0.03409416069177606,2071.3764273334764,356.1845339837787,2468.259482908331,208.53699190250978,4600.377880817246,911.6136154375197,-212.58624669125206,12.697078478963752,35.56378866496839,6.1216262641705965,2.737184217101649,6.242420936885633,6.010349976389032,4.479993757448699,0.920911867171526,4.6481023587678605,2.4721316020739708,4.74750468605443,-0.8413393277870981,3.9763220360404565,1.9660323387698124,3.8554473299729195,0.47992052316763684,3.506361120625546,-1.575911217614224,3.52128277326885,0.8860413886998829,2.9520578133432487,0.4621674089055312,3.014609330578854,-0.37818835165939835,3.3340123452638326,13.718148154534026,0.26371962579840913,83.03827680215453,0.25097069723337084,0.24986345447646005,152174.14378176208,162161.89412310265,0.11064661439634906,0.15308478293781985,0.13058913583776488,0.033933050465624975,48.4374687820335,1.8536366504124004,0.11382483199788292,0.0066527917431151795,0.009634506022844002,0.01444697378597363,0.016535761041751494,194.7978062592082,117.43327690905072,127.8688698770548,76.59111729893257,556.4774565211982,313.2684692987168,5.678497235266212,8.473068969477803,3.17197028702906,1.5511134884005802,1.7600703420730812,1.8903181421319364,1.6596996598498006,0.9326437834235729,1.095582821416102,1.18946442811804,1.1934846681283666,1.1349834966406696,1.3340340693493802,0.9334930436506884,1.1738124095584082,1.4616754023261742,0.986689818986416,1.3200111071316192,0.8535870114392133,0.90477527328267,0.5184967846466086,0.5683150345261259,0.5081819728812531,0.9266894661119934,1.2114569930976364,1.5963931428454659
377681,AZ,Antrostomus ridgwayi,Buff-collared Nightjar,Antrostomus ridgwayi,44100,2,False,True,False,False,True,False,1,439.22467041015625,1.8635176265942963,970.2853514739229,0.9687016480415732,62.901128169834074,100.36606955201631,6313.139004793859,0.39492955134835084,0.5330612671869597,0.2637980304963501,0.6257795650788707,236.06472998452824,14.417570830632082,0.9885800251960053,0.004511476028710604,0.00035482028033584356,0.38455979215456676,0.009926960906250669,4125.454464996426,225.69221031356633,1295.8096607074651,89.64601529721168,4515.139520363729,31.83421225658293,-298.2855224609375,18.91341781616211,-3.9321844577789307,14.275001525878906,-43.96474838256836,11.087608337402344,29.72562026977539,17.693681716918945,-2.2719597816467285,12.160417556762695,-26.294170379638672,6.850400447845459,15.007633209228516,6.670490741729736,4.456849575042725,4.545110702514648,-7.78005313873291,4.792169570922852,5.956494331359863,4.8138298988342285,3.556178092956543,5.121540546417236,-10.228590965270996,3.800626277923584,6.160177230834961,4.813718795776367,,,,,,,,,,,,,,,,,,,,,,,,,,,,,,,,,,,,,,,,,,,,,,,,,,
378274,CA,Dendragapus fuliginosus,Sooty Grouse,Dendragapus fuliginosus,48000,2,False,False,False,False,False,False,5,384.5730224609375,2.1819608929079726,487.8176235827665,-0.9905760348609247,0.0047422151652578935,961495.3847473217,3309.202745610237,0.1544843425875587,0.42605073461828163,0.2738070190698971,0.47780048158305843,59.052654196925005,7.133923018971009,0.5453904559906332,0.0218211455270648,0.048493003472685814,0.10763365412763466,0.040695034278928996,2354.145134702093,555.187914449812,2686.595574218724,294.2121363072646,5374.163037909837,1349.80596607257,-202.88695373535157,6.261695814132691,32.84046936035156,3.9772218227386475,3.0382354259490967,3.029549980163574,7.422708797454834,2.633626437187195,0.008143770694732665,2.4924928665161135,0.3480521313846111,2.58794960975647,0.5820151686668396,2.2535558223724363,0.9073293089866639,2.0022778034210207,0.6708392143249512,2.1003283500671386,-0.1497870015213266,1.9538863897323608,0.7649625539779663,1.9144591093063354,-0.07123058438301086,1.9085155487060548,0.6118711113929749,1.8756031036376952,7.113731061145532,0.028814031694917502,29.384340776113362,0.006245310847561599,0.0031573215100278865,642030.5445412948,1661.5269678157017,0.05515995482837561,0.205235229454788,0.22122533934005115,0.00565031298298905,7.471065303572826,0.4132888097114149,0.06200400556494934,0.008768094278778662,0.01697820199641299,0.009690657715209846,0.005302875714128681,186.9201998558575,127.30785372025424,100.25219539036338,88.48859878940598,448.37107598809183,347.28135436424253,4.389480669185845,3.4476920679091045,2.1629237616842016,2.1881802423085785,0.7216365572144683,0.752925601855572,0.7008470481238458,0.47342781953608615,0.43685456463089567,0.3489806531850163,0.3913819124919294,0.3989233774707159,0.277365348502436,0.3356202071845881,0.2036150997087945,0.26144087910113495,0.22187867706071915,0.2408545927117398,0.1522676399154462,0.21867354823928764,0.15104820275401407,0.1458817397823967,0.2236329554600354,0.22247246684324432,0.06739060171885075,0.19545469551953826
380363,CA,Laterallus jamaicensis,Black Rail,Laterallus jamaicensis,44100,1,False,False,False,False,False,False,2,455.46868896484375,1.328564161737602,903.988299319728,0.26969021139627497,1.7449442897798528,224149.873992807,400004.6414484804,0.3442032732680971,0.5436490470476596,0.3588488627468451,0.35741937034826615,115.58617533662982,8.777869822347304,0.6218582625984883,0.017726445570588112,0.031721181236207485,0.12450428589724824,0.053876920013298246,2519.4745507419257,485.5789136606064,2648.8191191713713,723.987839080688,5629.911428983094,1797.8122112613255,-236.32279205322266,36.29277038574219,39.63199996948242,20.197513580322266,1.4487226251512766,21.52767276763916,2.6270740032196045,16.49258327484131,6.493896007537842,10.647305011749268,-7.22427773475647,11.376058101654053,0.05393874645233154,9.829833984375,0.29907481372356415,8.500393390655518,0.9471032619476318,7.660810708999634,4.0807390213012695,9.418405532836914,1.1211870312690735,4.525261163711548,-0.15479600429534912,5.285273790359497,2.982334017753601,6.568579912185669,1.8240454711955716,0.025807317054543942,62.74297966724391,0.04979434501459427,0.1871571559686491,94846.48047702777,207453.0774413307,0.013032572097418184,0.015588829626619463,0.01873874072271904,0.019325496327918735,79.32361488468496,3.0311313866438896,0.046608960097882415,0.006079580164753219,0.007913388226373202,0.00661829099734234,0.015292232761732456,30.539686296035615,49.0551725327059,17.06150890089816,86.3211230266777,127.42644019108462,64.68964232012203,4.169325401197614,5.142568288718809,2.2923246064842275,1.2957896846019732,2.1338669203548393,2.562826451975026,2.240565916289333,2.643095630726206,1.0406218741238018,0.6219977955271647,0.0951787107056056,0.9284856318009291,0.697993621014128,0.6025879916761397,0.8620466252872353,0.6373918476520718,0.328024201513255,0.25326041270196226,1.3562788415848082,0.4378376467209954,0.14691607459515357,0.5729816850585712,0.7854446227515641,0.4588277888037849,0.19997246625569848,0.040913125961283145
383873,TX,Amazona finschi,Lilac-crowned Amazon,Amazona finschi,44100,2,False,False,False,False,False,False,2,439.0098419189453,2.0985855408347476,876.8131065759637,0.5506175598634725,3.5145567936678956,12380.19253069227,43528.63616460326,0.15616821693511213,0.49468987589338537,0.26767532100170105,0.25161434448586867,21.102367533841658,3.5925980875134433,0.8319140421489319,0.009860333986580372,0.008100415347144008,0.24835047844701405,0.08069594695144222,3606.338746219213,507.7379279499675,2589.427911914374,283.20890181119444,6464.449122694672,760.4738054066331,-187.26981353759766,38.30040168762207,11.446235179901123,12.295077323913574,-14.04928970336914,9.67236614227295,11.053667545318604,8.760505199432373,-0.5718914866447449,9.42420768737793,-3.3356136083602905,7.555426597595215,0.4380197525024414,6.022738218307495,1.5267336964607239,6.66465950012207,-3.4912925958633423,5.5559422969818115,0.3207540288567543,4.790147066116333,1.9845598340034485,4.026116251945496,3.129440188407898,3.9688923358917236,-3.2543184757232666,5.900079011917114,8.500537859049938,0.0359646553674201,49.548206788629145,0.07567094633133244,0.7602005648899117,46.6887286377683,9575.519543699715,0.014089815541480108,0.0359358309196345,0.003455405452092828,0.027740994050742103,10.532528993323638,0.8735474959262967,0.04641574013176849,0.00020713068700678873,0.0015415529236945864,0.0005215391195217703,0.014621404882077277,74.422702369104,104.11959153463708,68.85939905716185,7.6677507102849445,319.3238483031097,4.457046684345515,3.1505935886660072,0.8184580806027534,1.0969287150352038,3.447903527208039,1.4283776008710602,0.28691821157318603,1.2495137936361638,0.6969180334401299,2.0433086343084033,0.4742552212327125,0.3398882021942836,0.16472202227294502,2.1253932464123415,1.0017688861177312,1.6257974010998477,1.034595211961532,0.673384413343405,0.6733323198386456,0.5606361460965935,0.5880931847110611,0.6745093127301608,0.620753114796941,1.3145178896188798,0.04256797982121489,0.42664816420353513,0.9061103756886776
384977,CA,Larus brachyrhynchus,Short-billed Gull,Larus brachyrhynchus,48000,1,False,False,False,False,False,False,2,483.0888366699219,1.8891208652348563,585.8763038548752,0.2933450909107402,1.8733777366294517,51286.540798748276,88249.26834282986,0.21869099656119095,0.5063542872593083,0.26195992753429065,0.5153495815171951,91.70966292974092,8.97716123822844,0.6698162030113568,0.011323207523673773,0.014213216491043568,0.1386655856630562,0.07114258011257166,2704.128156219929,792.5471265052495,2907.4917532409672,364.83914146180905,6306.417096247438,1468.754956368787,-208.84363555908203,38.90468406677246,28.812637329101562,12.799242973327637,18.967243194580078,9.65999698638916,7.41094708442688,5.8780834674835205,4.081215023994446,5.859004735946655,5.887042045593262,4.440560817718506,-0.2514358460903168,7.1160149574279785,1.8705865144729614,6.013585805892944,2.1973304748535156,4.021193981170654,0.13856366276741028,3.9956037998199463,3.319493293762207,3.6405704021453857,-3.593927264213562,4.091789722442627,1.2064278721809387,4.754478216171265,8.074025239111213,0.09914320594986072,62.06835810915675,0.12245485025191069,0.49792202096156285,31449.885920541128,33380.81806043742,0.04312618356375684,0.012171376117891052,0.011785694190472476,0.004695042430370586,14.413686651426497,0.6565140390316782,0.03251214865387942,0.0019393997465744406,0.0025330295467717793,0.013808253556703136,0.001689701242572911,229.93733896097277,34.19686425111779,156.2577700410542,8.871793221010737,585.5340313859525,24.35680264845499,4.841214950118036,8.288951238631183,3.1834802687968757,0.48963174026863904,1.2810591924600216,0.46539022170432515,2.159587996133594,0.4714529615689202,0.3026303881106533,1.3651435039384074,0.033139561221933844,0.4504466350963025,0.5444322949611102,1.871513612212057,1.1391269827012813,0.001773876560126508,0.3354383379285034,0.9182065212113042,0.8681891280626373,0.2362054375709379,0.20541901919506428,0.15332618878517545,0.7731830929953808,0.31998291999216455,0.23059206740516597,0.7996872229751535
392829,TX,Elaenia chilensis,Chilean Elaenia,Elaenia chilensis,44100,2,False,False,False,False,False,False,4,414.13002014160156,2.0225475503046417,675.5269047619048,-0.007840136737759476,0.9909769398306607,311504.98100103193,309541.2533265825,0.23289388820218757,0.35823193411795556,0.28207086555896627,0.4125630110491263,121.59834877417177,9.21377041379094,0.9673724601580818,0.0354843707755208,0.009036506759002805,0.14319676705210774,0.025110464296515755,2095.779145142729,136.7792540021411,1910.4640893099604,176.82283981750786,2861.5269395171617,174.59172885747648,-124.8070297241211,8.168878555297852,78.21386337280273,5.897250533103943,9.934176802635193,8.383877396583557,-17.695510864257812,4.899311006069183,0.6336009353399277,6.760507941246033,9.402568578720093,3.882973849773407,-3.270247161388397,5.249445915222168,-8.100372791290283,4.128092348575592,1.8306614756584167,4.2642436027526855,5.092598557472229,3.5155140161514282,-2.9230499267578125,3.7452017664909363,-4.177094995975494,3.4053800106048584,0.6414130516350269,3.2757803201675415,2.075716843911166,0.19217003267797433,33.42826971257582,0.06683218861316804,0.13142549008008347,27077.294449921454,56057.070205812786,0.01251127679707312,0.07367081828564677,0.027837486702118153,0.019971845381911175,48.97578885024365,1.7616108398696722,0.014950731561624393,0.0016852304247406231,0.0021300641769275252,0.006217867600112041,0.0008455284951487025,33.06079395758295,8.030183420344937,35.315216499107166,43.60601333059983,32.61306933913213,19.061373885436716,2.182285381500153,3.1035535069312323,1.148177826803924,1.6058689585163124,2.6815037059633755,0.8702809149211178,1.8033512323111982,1.6855109186100254,0.38577950075959094,0.4389458831473748,0.5136413302521848,0.1945496839934483,1.321093136549331,0.5158085803608332,0.8871895741623779,0.24968214683818057,0.47603354738837966,0.19281347036696941,0.15338101153990913,0.2018665923104114,0.7538900212339281,0.11910901622678487,0.729132364892219,0.21604445752183765,0.865914477207297,0.06570607616289725
395208,CA,Cygnus columbianus,Tundra Swan,Cygnus columbianus,48000,1,False,False,False,False,False,False,2,414.7135314941406,1.1012926589470806,489.21208616780046,-0.6387331966197413,0.22796058193251512,1461658.4716450996,423713.33286357264,0.5024854815596664,0.8388234367170739,0.5758731877481681,0.449061661818886,196.9522829001332,11.688026912444917,0.7651224354304453,0.0401641670614481,0.05188393406569958,0.127594065610363,0.029972810000811187,2516.1131916754375,459.8725744307537,2579.542939431257,442.17929524554165,5457.746662077356,1523.2558489428925,-162.5654754638672,24.005847930908203,39.30519485473633,8.298274040222168,2.1010106205940247,9.958564281463623,1.806523472070694,5.853393316268921,2.341975212097168,4.8450257778167725,0.08144068717956543,4.9715845584869385,1.894288256764412,5.373286128044128,2.148054748773575,5.692096829414368,2.582042634487152,5.060943365097046,1.5712354183197021,3.656197190284729,0.09755191206932068,4.093125224113464,-0.8264063000679016,4.639925956726074,0.823437362909317,4.478533387184143,16.858912037849112,0.24431554893485619,79.03244305401486,0.18118631880595978,0.1357692990769406,1333332.611954804,502395.62431594497,0.14629998202034283,0.07652751356330702,0.0021621334863279485,0.032075390723518865,184.36128802231835,6.039246000133394,0.004593858142465769,0.01997588607590892,0.0275958413575042,0.0061379898547129766,0.0006197183063567032,7.2545906834527445,60.162776510697626,87.90714877371767,82.70091242063432,134.66516059371253,107.7363837997915,3.7534836889522727,10.945853502579983,4.338851489851225,0.7264390348363124,5.666470052980141,1.1260215044505157,1.6271898065341022,0.4750034120874779,0.007891575915179798,0.9765192149370368,0.9325239742378489,1.3480049094599376,2.176554020340836,2.108600930441237,2.244039280221964,2.701715322096492,1.4896146958275696,1.9385786890869559,0.5093272997525679,0.3831770617124288,0.8835810728451188,0.6640645650258881,1.1122874481010587,0.6367977456754622,0.802782276795551,1.5509701391346975
404749,TX,Columbina inca,Inca Dove,Columbina inca,48000,1,False,False,False,False,False,False,1,386.6838684082031,1.742951444004249,1801.361088435374,-0.9910420002436455,0.004499151577545007,5539025.712662541,24920.91627318803,0.20053461058569777,0.2786147331758295,0.21641405732222474,0.37276098241994193,39.82491179965319,5.69652498359771,0.8344924284490862,0.09550260007381439,0.09413330256938934,0.0739991949648712,0.027271671368218606,1228.4424349250637,242.76093586923426,1128.9334813603919,225.79754907184085,2110.2286917264346,696.7745811016251,-190.1583709716797,22.94418716430664,91.36607360839844,5.2581562995910645,-28.568761825561523,6.111512184143066,11.552373886108398,6.556270122528076,-2.0806570053100586,4.726757049560547,6.322996139526367,4.753317832946777,-2.4787631034851074,4.630079746246338,-0.008375538513064384,3.938626289367676,3.0597636699676514,3.4643349647521973,-3.078918218612671,3.6847009658813477,2.5041277408599854,3.1071603298187256,0.6883705258369446,3.4272515773773193,-2.6127240657806396,2.9523119926452637,,,,,,,,,,,,,,,,,,,,,,,,,,,,,,,,,,,,,,,,,,,,,,,,,,
408852,AZ,Mareca americana,American Wigeon,Mareca americana,44100,2,False,False,False,False,False,False,14,402.76999119349887,1.2711764837688944,564.9139034661483,0.42327995259089374,3.7202602099117645,22040.76770994912,97833.33018922228,0.30705968877884204,0.5639938891249795,0.391688494745601,0.4014327961532476,47.57992788072445,5.93417688449511,0.6971495994035798,0.008212861405419452,0.012617917910184977,0.16058727377990129,0.015827365033809,2797.3563484127176,130.59881916553007,2535.606590528172,271.5634810247576,5777.068791623976,790.0659991145752,-197.07740347726005,17.715988329478673,55.40353965759277,5.072727884565081,13.158847059522357,11.573026588984899,0.43364391050168444,7.0070585523332864,-2.6767699207578386,3.253344620977129,-3.6180231230599538,3.6931199516568864,-3.142402274268014,3.5679714509419034,-1.3207737281918526,3.294714706284659,-0.9893145476068769,2.8505259411675588,-0.7393797550882611,2.3933504053524564,-0.12517075626445667,2.1585261736597334,0.38070798239537645,2.097277658326285,0.6923837534018925,2.1061622330120633,19.14342224038895,0.6060754251206993,128.00132735062348,0.32169491314107707,2.6504988473447466,16945.014958924035,125723.80810953415,0.04751814300532943,0.09939761256507662,0.06619963683028084,0.021280928107208736,23.1530917880821,1.2623239221672533,0.17175218278670393,0.003359027825662008,0.009550458321568577,0.0082053217787578,0.0043356449872937585,136.2903120334098,21.16927049394824,120.37073016408878,108.20789990334345,462.97145504218827,235.73127534406473,7.167019373494898,8.478588116036587,3.6153870032457682,1.6298579470536978,3.7957333102252715,4.968487021883258,1.9927879413554528,2.746618547019135,1.1463202461775324,0.684148661674446,0.8665072880690519,1.0217333094580192,0.7570548853666696,1.305430173437233,0.7336867512149444,0.9226094181720076,0.4752882918470429,0.7771768637812968,0.46323122823347435,0.3680589362442482,0.5047873438197632,0.3146657022658212,0.533222829474884,0.36032485114584845,0.3155574747030953,0.2994052592507805
416763,TX,Chordeiles minor,Common Nighthawk,Chordeiles minor,44100,1,False,False,False,False,False,False,6,496.5052083333333,2.017510948132481,958.2652305366591,0.9149359759869787,62.83009226014383,28541.11401208259,979045.2110707834,0.21584189681921329,0.3928030594646172,0.24236603715494445,0.35295121935701074,83.3461987988778,7.875738283942929,0.661012530417668,0.02759792407353719,0.047620417550206184,0.2571481173155738,0.05165283359484632,3761.778502122261,477.08515487616546,2601.8306437970127,585.0154180482026,6838.292256339652,1414.0832134093132,-182.36827596028647,46.84294637044271,12.241326570510864,19.535656929016113,-16.20979118347168,17.953745047251385,5.032098929087321,9.091055393218994,5.405064582824707,8.369052966435751,0.02978569269180298,9.019010066986084,1.4889578844110172,9.637089252471924,-0.24054027100404105,9.888241052627563,-5.83574899037679,7.512632846832275,0.621826263765494,5.970223585764567,2.494728902975718,3.6354013681411743,-3.6437243620554605,4.438866138458252,-0.959768628080686,6.187432845433553,13.002100662775199,0.07395012614307707,84.58495420529175,0.08384172649558297,71.39871779531138,16097.900344944628,518493.0016425482,0.013574909930293,0.07513374602213477,0.02588102961876913,0.01540136680991241,33.28285233445982,1.472296129202088,0.05633151030612642,0.005115639780567023,0.014339906710339684,0.04133287728038463,0.006566688186066921,245.23963488079826,82.10696784446108,80.78765148708283,59.137454117157034,338.8093576815381,158.57335300859495,6.640889781060482,4.120085157102879,4.272687746989801,2.1954764297870972,1.9422169330205934,1.636797340588408,1.1077247084666768,0.7760050591074784,0.5081069451367308,0.9352780298895088,1.7822951807544616,1.313268250108165,1.288511406945552,0.7137654980500181,2.257517825957228,1.2052652583401307,0.9583101549946376,1.4109979824273602,0.8687132134178135,0.8911586244984847,0.7222431962858725,0.4817106846809025,0.6091517265443152,0.60913878403996,1.032809442825765,1.5591272591509457
423314,CA,Chordeiles minor,Common Nighthawk,Chordeiles minor,48000,1,False,False,False,False,False,False,2,432.19384765625,2.1963549813072363,331.8660090702948,0.7800307221286411,8.195251500227123,14848.31248393748,127433.73712130851,0.1320761159610805,0.3281677344482527,0.22154522143285232,0.20311960253041605,8.818353295423623,2.298507246972069,0.6117052126314919,0.012629145290702581,0.015212725847959518,0.4287618239534543,0.025451815614204565,4861.0515353279825,295.306831642277,2835.5777324212686,223.0724613220082,8376.579910028177,687.8719203961944,-139.69602966308594,19.27369499206543,6.060516119003296,5.156507730484009,-5.300735950469971,8.443545818328857,-0.3048556917347014,2.4517822265625,-0.9061473906040192,4.243658542633057,-0.7840148210525513,3.394870400428772,0.14285171031951904,4.845534086227417,1.1045582592487335,3.377041816711426,-0.4094284735620022,3.1568918228149414,-1.6996999979019165,2.0477259159088135,1.4065707325935364,1.9299280047416687,-0.9801622629165649,2.046395182609558,-0.3217443786561489,1.9838457107543945,28.07521208925465,0.00015535670501219285,86.3975774955167,0.032935714901274324,1.3767930903246768,8349.957596203882,88873.05654798947,0.01751195354750824,0.07402773303497384,0.03872606280594741,0.005234499250084251,0.26760191276806056,0.0727736726091359,0.03259205804373352,0.004079819545666098,0.0061183420944930815,0.008180482592561121,0.009165658404813438,112.48677740766378,143.88221501111073,54.365196699395796,89.85547821444679,205.3764047238144,306.18468454825785,5.603208392008562,7.368763478365079,1.3680641119528185,2.5937079536411405,2.0699423237004986,3.638437628208208,0.4195777109717463,0.46786137572621583,0.7284150055350487,0.9917510859888738,0.6411287558284416,1.2933814136780606,0.9636500962127204,1.3780653905170595,0.6176635400668499,1.4594664650318478,0.7414693649269265,0.5805586768964657,0.38798888311322055,0.33976799938233054,0.059355153876801,0.16950796550875108,0.208373681863072,0.12013116231060125,0.2795741284885188,0.14027010664086473
428179,TX,Contopus virens,Eastern Wood Pewee,Contopus virens,44100,2,False,False,False,False,False,False,3,404.8144124348958,2.0078910643604586,611.8333938019651,0.8836331441537948,18.45391838708047,26588.140223979848,407685.9747530369,0.28251710611308894,0.4199817875042642,0.3286984687878297,0.3040145305826653,53.97595350099286,6.0667342405590885,0.8302777877534221,0.02586182641486327,0.026875216513872147,0.28354999146174864,0.06658011705827266,3966.284821256648,225.56258880317102,2673.317525137873,469.02437439974057,6922.605420722336,1239.9046555629209,-148.79337056477866,13.511678695678711,6.423499743143718,6.896342913309733,-13.130396525065104,10.828028361002604,8.080032507578531,8.322702566782633,5.686759154001872,7.5544007619222,-2.0019197861353555,8.12025006612142,-1.5019233922163646,8.275760809580484,2.5180480082829795,6.551291306813558,-0.8354302446047465,7.203060150146484,-1.769625465075175,5.578954696655273,1.5397043029467266,4.841850916544597,-0.334807684024175,5.4385701815287275,0.6881490151087443,4.482719739278157,3.1670161115095894,0.019547583620541625,23.071972827596664,0.05317179769137501,7.567628455906413,16626.625185044944,63472.18914668681,0.0031985281695270586,0.019068658952425866,0.01842313810383583,0.02410098652827858,21.831083147918893,1.2794016205557628,0.019577655258885787,0.003805790418749815,0.001323068207770435,0.03173560726188941,0.019518706694636782,140.39615960767912,28.35473184778933,37.30771744378701,45.72548180103661,168.45381874460713,151.81326610614582,4.439152060681553,1.67323810440336,1.271945489983833,0.8244190181966544,2.4872945832270825,0.6520287463402152,1.0482572572138902,0.7718666067145008,0.33297130135907355,0.7367218170614217,2.6899231167343336,0.3663081904264879,1.1447623751125093,0.4600502676356413,0.7328238130658239,0.6013585241722755,0.2827552638984694,0.5045158365596313,0.53501554872405,0.8852209790670444,0.8548803610423161,0.4291613764946925,0.8551192766895807,0.6108195650868016,0.19827445918092398,0.49896348356361975
445707,CA,Anser albifrons,Greater White-fronted Goose,Anser albifrons,44100,1,False,False,False,False,False,False,1,498.1474914550781,1.1357038567351816,1850.727619047619,0.0053886484613361,1.0108356866287518,1290485.0134330608,1304468.304637722,0.40702920313406377,0.4918599717696126,0.40541159883895095,0.3306793881316067,20.100692475063365,3.9042500864289256,0.6742078769641924,0.03536304458975792,0.05598217993974686,0.1155762862265808,0.022138912339590172,1625.8823846174175,196.43443887971597,1337.1992771821654,212.47208671188932,2528.8149974385246,303.94298117847757,-197.2197723388672,47.16157531738281,83.53941345214844,11.513167381286621,-8.070626258850098,9.316025733947754,-1.0463265180587769,6.509610176086426,-5.097452640533447,10.690086364746094,-0.4597157835960388,5.750288963317871,-0.854802668094635,6.224664211273193,-2.3296501636505127,6.486082077026367,-2.024174690246582,6.897826194763184,3.081327438354492,5.766399383544922,2.5689585208892822,5.588886737823486,-0.8631218671798706,6.191474437713623,-2.6956124305725098,7.069825649261475,,,,,,,,,,,,,,,,,,,,,,,,,,,,,,,,,,,,,,,,,,,,,,,,,,
448002,TX,Bubo virginianus,Great Horned Owl,Bubo virginianus,44100,1,False,False,False,False,False,False,15,403.08433634440104,1.3274564675852902,303.6498972033258,-0.702118950476276,0.1837651333381775,37277.1881348049,6295.690072920956,0.39156024621985164,0.6465354255488052,0.47875404918762077,0.5709090074430049,164.99519623385444,11.735691304544428,0.9163811947104321,0.00990603193640709,0.004553111921995878,0.0535615943354801,0.019481590044558954,1506.0569834500432,290.62167131060284,2379.3722468575065,242.23637130023815,2805.7326620133194,1127.4036616114392,-260.2946075439453,20.856077734629313,34.22657101949056,9.4413805325826,21.12417278289795,5.994655640920003,8.964724445343018,3.6583414872487388,5.112760702768962,3.788910913467407,1.7484168569246927,3.4729434967041017,2.259758762518565,3.316621955235799,1.6052747130393983,2.9669161399205524,1.5630822281042736,2.819280234972636,1.0859859397013982,2.7974642594655355,0.8624422485629718,2.94827938079834,0.23547845880190532,3.2406675497690838,-0.17169366582141568,3.437156248092651,11.558946941152856,0.630027105389382,37.40943965449705,0.15135003789949802,0.10598594196154994,11271.396270535957,3665.5814117524565,0.06937763051255384,0.08003650528829388,0.07606108501288471,0.031030650091583956,38.70498627686397,1.333347904512485,0.029417343225220594,0.0015328703522273013,0.0011351581563618957,0.005038368890519973,0.005456258029349228,125.80244811149403,134.28223907374647,112.88144077818963,66.07123664690734,529.8417444707928,363.15598316427383,7.1824056923846635,5.742306470066465,3.41618632948376,2.400028885634813,2.8039373222848853,1.8823828631837467,2.148391589228139,1.1545512761719119,1.071071073778343,0.8877663039589995,1.259487516064557,0.7202087145971564,1.13038170223424,0.9801674743937997,0.5819291006864429,0.5455002312647029,0.8792801993215478,0.36857376189065594,0.7867813618385268,0.4939357455384691,0.7011847252343406,0.3952315140308367,0.5213314602117495,0.6113251475065973,0.7082812808020065,0.9192588272415166
449497,CA,Calypte anna,Anna's Hummingbird,Calypte anna,48000,1,False,False,False,False,False,False,11,461.3126775568182,2.0807956102196212,815.3976417233561,0.9912097617213947,343.31700282133306,477.37080746993985,158835.9386363859,0.13408888450219625,0.4703435737474372,0.25581949183926267,0.24463786818511588,124.09142866557805,7.34009466944086,0.707282395406719,0.012987534811889584,0.017716137184338135,0.5227997300471046,0.09064825647715692,5816.901168380095,878.4786552597235,2702.6323033804993,550.2678778292244,8930.867343226062,496.3901812241273,-197.04642417214134,30.153160268610176,-13.678266915408047,25.208731391213156,9.368668772957541,10.743255095048385,0.16776683655652133,7.051293633200905,-4.49898251620206,6.655784780328924,0.37401303174820816,7.598326032811945,-1.3715996579690413,6.867568319494074,0.8689867715689946,5.575311660766602,0.25712117044763133,4.451392065395009,0.9916881024837494,4.034267078746449,1.509346674789082,3.724160519513217,-0.7054362987930124,3.3334870771928267,-0.033157598565925255,3.060720443725586,13.622968801417013,0.07708001934178474,180.2511273065158,0.007986766974370575,174.60652763771483,55.027844068006516,74509.76295425657,0.03471799207622153,0.12472154281857654,0.07863592136839762,0.03326910377739286,209.4464823221697,6.857405164007259,0.03941831693895046,0.004055084830383152,0.0044264095103666535,0.018960819038922702,0.005866214539601696,211.78184368756425,83.61840459378165,134.81232648267115,50.898460136109684,74.61373179712201,79.35493060765019,7.932106653546156,5.352052226327498,7.234929171202155,3.109936120599657,1.981622263613858,1.0988366516977153,1.70869940982405,0.8885167221080289,1.3189940075134203,0.7432397057205135,1.507409717473954,1.0959930157607387,1.1649659751099288,0.9494081610447898,1.6392220760928333,0.7181006010431664,1.2773238338699564,0.6208084553883028,0.9562944464192383,0.33344620277584913,0.9521516468436301,0.30698852445728547,0.4977370554614406,0.2327596274468643,0.4098570055621151,0.34764674620853925
450846,CA,Aix sponsa,Wood Duck,Aix sponsa,44100,1,False,False,False,False,False,False,3,427.9930826822917,1.9012018736325367,1375.484081632653,-0.6121769214462297,0.4382892595796142,1677843.2413687112,137341.77529317085,0.20098226822636892,0.38072562051055203,0.23847072603231834,0.3084849511754329,39.2986886520285,5.0421817841982906,0.7586758407411945,0.04495502449572086,0.05065725619594256,0.12191631903786104,0.05225434796253151,1981.150376744136,559.8329698227835,1862.4190905632975,341.1482513265503,3747.668256915984,1140.6299035932916,-185.50765991210938,27.324086507161457,44.63758087158203,13.848642985026041,-22.70878028869629,9.649633089701334,12.922740618387857,8.966152826944986,-6.562132438023885,7.89747969309489,-2.347147842248281,7.446190516153972,-2.003459133207798,7.009472052256267,1.804133951663971,7.1292033195495605,-2.3977424713472524,6.363782564798991,4.462200562159221,4.846827507019043,1.16469011704127,4.653934637705485,1.9751862684885662,5.000019073486328,1.9238798568646114,5.110061168670654,23.27011349012955,0.195996656939432,170.33295626026964,0.6424251049665635,0.7443274389281092,1644063.8408022604,196430.77227726235,0.10457498116619968,0.07591048400168457,0.06362102984286434,0.05021567223367958,20.668993407583176,1.3316199508825506,0.10347780753441974,0.03138314759685786,0.022193604522955743,0.040076156254801,0.015085009760988175,428.7512340483269,235.79652430705616,175.70076276667612,102.54654685015525,725.4882852185768,565.2870545353699,20.833981402132217,11.134342883160846,8.681660714719763,3.3109047437446373,4.348407805723691,1.471421778884722,2.1368651902778923,1.6099567474121925,4.598534353225617,0.6348608804994142,3.9852636008169005,0.9933163509010382,5.036651288484856,0.5437332392875839,2.63544976724634,2.0195238395694872,2.033092529046248,0.8598113497279312,1.7888022020605752,0.4308885591592339,0.3999697427953093,0.6895621583034578,1.106045983409469,1.5748853866399535,3.0231666698777455,0.3619901423099336
452094,CA,Fulica americana,American Coot,Fulica americana,48000,1,False,False,False,False,False,False,1,570.2952270507812,1.8119472080486556,1694.5028571428572,0.3999292347924373,2.332940239653578,50647.455362272536,118157.48665070398,0.16787848876446088,0.2555515078903363,0.16977405458606198,0.3613981293135634,41.892230548050605,5.654042300510969,0.5605479387786686,0.008930578827857971,0.018079807981848717,0.11045790947014052,0.033458648721110665,2064.795475890157,420.32290786651384,2008.0941199265526,423.41667308801976,4136.694736168033,948.488184487088,-266.64007568359375,76.32439422607422,52.900386810302734,18.80010986328125,-14.028046607971191,12.374470710754395,9.510103225708008,6.775418281555176,0.03839375823736191,5.156082630157471,0.47364237904548645,6.101290225982666,-5.293238162994385,4.7440714836120605,-2.667118549346924,4.055598735809326,-3.2772345542907715,4.2213592529296875,2.7893974781036377,3.9414844512939453,-1.0139548778533936,3.837561845779419,0.6160969138145447,4.434165000915527,-4.68112850189209,4.075681686401367,,,,,,,,,,,,,,,,,,,,,,,,,,,,,,,,,,,,,,,,,,,,,,,,,,
452502,AZ,Anas carolinensis,Green-winged Teal,Anas carolinensis,48000,1,False,False,False,False,False,False,3,430.7445475260417,1.6942312293311135,731.7036583522298,0.224288331924677,1.6107846160025796,206540.32023450654,326120.7079618527,0.22289392174633263,0.43072279575254807,0.27155315472356234,0.4293899512826724,66.77875323311396,7.441713291096633,0.7851397283557727,0.028819951539238293,0.02451408530275027,0.11958202210187353,0.041649892039173284,2090.3109899870583,337.19948671062184,2262.9167603651254,263.6045515336854,3792.3315829918033,901.9274666979262,-148.2089640299479,38.257904052734375,55.47726821899414,8.65735419591268,6.276300112406413,17.213097254435223,3.595340689023336,7.590860843658447,4.075411955515544,6.557196935017903,1.39255486925443,4.149485985438029,-1.0296773463487625,4.175829331080119,-1.5833514134089153,3.7244745095570884,1.3572856783866882,3.2823777993520102,-0.9872887879610062,3.294485569000244,0.0059755245844523115,3.377833286921183,0.27991294860839844,3.8561426798502603,-1.6247452696164448,3.359142859776815,7.77881876044276,0.1680879894843351,12.109061716153255,0.10216847523478675,0.3703468399558249,30977.23243577392,35739.766323189535,0.003271031109264947,0.04838021025296788,0.024324767713751062,0.007157057544215458,5.367027913600853,0.348886787559192,0.049063771099116534,0.0011936289072083306,0.0007592856240357926,0.002587386650323809,0.0028761938991992073,18.004413896320706,33.76979137298975,20.51351410346257,32.461119741772954,57.533870518336975,157.45215845412577,3.8005170931684824,8.45188120531641,1.8303794238337794,1.8682637910099094,1.702061849540481,0.6444903448602218,2.2522451281544775,1.6649143500463393,1.1222167985667721,0.35008740513181646,1.3133747350210412,0.6578809082165261,0.754626871734519,0.7738266438852643,0.32433545616540943,0.5365604843246559,0.567875077129522,0.5533936944100943,0.7433216099236305,0.27257796944343626,1.0546718560652897,0.5313074209226396,0.703407519127431,0.7908510404859956,1.0137891679471445,0.4597380317243407
452506,AZ,Calypte anna,Anna's Hummingbird,Calypte anna,48000,1,False,False,False,False,False,False,1,476.4476623535156,2.1401160689275964,845.0867120181406,0.9703577699340483,66.4713068331958,7189.991730508845,477928.1464467938,0.15479991359104417,0.33059644365656327,0.19938429057995277,0.303078805213026,25.01284930054398,4.194117753063612,0.6445874527171956,0.03010387159883976,0.044497426599264145,0.307522067775974,0.09368376839836981,4103.0952948344675,881.1383468765147,2674.3488198726495,401.67146788397923,7360.207297585227,547.6332783675165,-148.70628356933594,70.85606384277344,14.66053581237793,25.453855514526367,-5.455096244812012,7.0347137451171875,2.956453561782837,10.096123695373535,-3.7054829597473145,11.580411911010742,2.039064645767212,6.954581260681152,0.3226836919784546,4.145378112792969,0.04883548989892006,3.106705665588379,-0.3753208518028259,3.0082459449768066,-1.5841175317764282,2.4993491172790527,1.0685731172561646,2.415660858154297,-1.2431414127349854,2.4609375,0.8446509838104248,2.955160140991211,,,,,,,,,,,,,,,,,,,,,,,,,,,,,,,,,,,,,,,,,,,,,,,,,,
452515,AZ,Anas acuta,Northern Pintail,Anas acuta,48000,1,False,False,False,False,False,False,1,421.8662109375,1.5201597096158135,517.8300680272109,0.021275411643376197,1.0434757885854278,269621.9685668091,281343.9962702065,0.4947643260779272,0.7185827839681245,0.5701147148496833,0.3870043956681517,45.55809102139037,5.926621862801881,0.5360758599013317,0.02010861597955227,0.04056727886199951,0.2138696660850254,0.0469523016123491,3322.285672661905,298.2180870670002,2915.2214409784983,377.1875459250881,7099.070778473984,1088.5642428265787,-157.8789520263672,56.687835693359375,28.66542625427246,8.702628135681152,1.5768241882324219,10.667004585266113,2.157026767730713,9.570283889770508,2.651404619216919,4.501294136047363,-2.4414165019989014,6.900964260101318,-1.2739015817642212,5.457149028778076,0.5042570233345032,5.09520959854126,0.31474268436431885,2.9139182567596436,-0.6300122737884521,3.6287343502044678,1.0254969596862793,3.029060125350952,0.43430095911026,3.2746469974517822,0.2980748414993286,3.15877103805542,,,,,,,,,,,,,,,,,,,,,,,,,,,,,,,,,,,,,,,,,,,,,,,,,,
452611,TX,Sayornis phoebe,Eastern Phoebe,Sayornis phoebe,48000,1,False,False,False,False,False,False,6,464.21311950683594,1.8767205483616882,450.8343990929705,0.9819819616197645,245.58894302848663,682.781753068392,172259.47612766703,0.28923787525044187,0.44581692855106003,0.29965219781307817,0.31863694504607015,45.937608307879266,5.623382675590137,0.4035140203460074,0.0073150122771039605,0.020189046549300354,0.36872819696526155,0.03404973523146815,4580.223529147847,213.32976849711926,3129.7248053187577,480.61631200183893,8526.543288934425,848.7193211150343,-225.2803700764974,20.39156166712443,9.05625613530477,11.006073474884033,5.184031049410502,10.645005702972412,6.998939911524455,13.151955763498941,-0.5985064829389254,6.430026372273763,-1.7062878708044689,4.541361212730408,1.3563372194766998,4.524037003517151,-1.9426961938540142,4.216725428899129,2.43114827076594,4.105354030927022,0.4907687157392502,2.837362368901571,-0.349295715490977,3.014149268468221,0.9144818335771561,3.17938240369161,-0.04982699205478033,2.634310324986776,22.039925326842337,0.24474140713301895,111.60880167729604,0.018134463815515638,226.6385881458513,55.388535035529294,158345.7681253233,0.03338481521470022,0.09156291405532059,0.03595038617098084,0.02670871621844574,25.85197019733263,1.4299723217360147,0.07039095252167564,0.0036345038001326245,0.010263228765030727,0.00974880958861866,0.006066309513368016,54.1962954381178,59.93423939720489,85.3878257796057,119.206654201289,154.41583225769358,206.7503957153983,1.8154191506165354,8.126722920940892,2.099471415270637,2.3829365663960402,1.24039135025471,1.827221326524107,2.7973689761997242,3.164378026026756,1.779737845005564,1.0826343535782628,0.8541380930701093,0.6355502782158403,0.9551112689263302,0.638052861560909,0.7764416811788966,0.6270016102395829,0.47150062620803246,0.7864860207477372,0.5319035911033497,0.24591846879439555,0.549657180341818,0.46734057123673883,0.6936869365361865,0.3444222619373165,0.39379928725943714,0.20667020806323025
452706,TX,Mareca strepera,Gadwall,Mareca strepera,48000,1,False,False,False,False,False,False,1,419.4250793457031,1.1418028080436053,799.1778684807256,0.36404618230537444,2.144882449562347,16455.88858170567,35295.946610853905,0.28883079352127605,0.46503300003846704,0.33751338480844684,0.41112710708522293,50.57287298327241,6.363817660621665,0.5847856286879217,0.006463788915425539,0.009089774452149868,0.11708458357728337,0.02364131540191203,1985.2682669827918,211.94974511501871,2054.761925538299,325.0002864664917,3531.344454405738,599.0394954986837,-235.32745361328125,39.284358978271484,62.065696716308594,12.592817306518555,0.8008379936218262,10.310358047485352,3.5081992149353027,7.849164962768555,3.924811601638794,4.679305076599121,-0.6299400329589844,4.254849910736084,-0.9296758770942688,5.254518032073975,-1.7892869710922241,5.03678035736084,-2.710738182067871,5.011062145233154,1.145655870437622,3.2909042835235596,1.4557174444198608,4.566543102264404,1.0529382228851318,2.8684723377227783,-0.403656542301178,3.7465012073516846,,,,,,,,,,,,,,,,,,,,,,,,,,,,,,,,,,,,,,,,,,,,,,,,,,
452764,TX,Dryobates scalaris,Ladder-backed Woodpecker,Dryobates scalaris,48000,1,False,False,False,False,False,False,3,509.05104573567706,1.769126811792056,715.726379440665,0.8865199276622141,19.958583506422332,1819.1963753025286,38120.50077865552,0.12733330441906934,0.4540365147035977,0.1871438040094282,0.2987403331567258,18.457332228822775,3.74327077614096,0.36361647308950173,0.004474903844917814,0.009825842610249916,0.2324245432035519,0.07671224915681103,3324.559920001738,735.3948828385738,2690.889043401266,186.38841740647695,6306.051485655737,816.9121179964736,-225.01343282063803,29.44385528564453,35.91241963704427,15.6370267868042,5.624582290649414,11.013015429178873,2.564887762069702,5.705097675323486,-7.79207722345988,6.271892388661702,-2.563964327176412,6.221861044565837,0.512458990017573,6.876726150512695,1.541382114092509,5.715806484222412,-3.559847911198934,4.133889516194661,2.988883097966512,3.695174773534139,0.9314301510651907,3.1233813762664795,-4.384942849477132,3.069103797276815,3.418498675028483,3.069717804590861,31.112813728297777,0.1066744934045069,28.012069770703327,0.05818708028518715,10.159029717532624,349.0187037141732,26089.48902942638,0.03677253050317678,0.12896624194005812,0.050881377397075524,0.006330404117855356,0.41645779854481296,0.025325604457503103,0.012939698183872306,0.0011077731900113485,0.003540051728348462,0.006437064935217273,0.009393765690644746,62.0609694947667,153.00156618977095,45.032321549040574,64.74567768353515,98.07228404283654,183.30379069084637,1.1340914620270903,11.784926294534285,1.8942032808672553,3.2249808211762505,0.8166609671369216,1.6391461217164394,1.9064711506562635,0.20565645961617612,0.3328457392806938,0.17122240914418468,0.8289636314208947,0.16485100811385098,0.5487531574619503,0.34200358826328836,0.5432285159961876,0.04159291840912811,0.16186913072194387,0.331209004362001,1.2711021067994364,0.27418868867387,0.5140270847218776,0.21415959232772666,0.18572383558848657,0.20335031762927266,0.9270615675474307,0.24030753330637172
452766,TX,Limnodromus scolopaceus,Long-billed Dowitcher,Limnodromus scolopaceus,48000,1,False,False,False,False,False,False,2,425.81304931640625,1.6073713022342395,920.5585941043084,0.991837176650612,388.2003681040837,1451.7605544279986,451601.80877105135,0.32326656348444677,0.45448333980592165,0.3721318880820466,0.30893643530686216,24.38989414575942,4.268666629352582,0.632233488374669,0.02011572103947401,0.03184957429766655,0.3298093987851288,0.023755244678041625,3910.421501820997,224.8734967865371,2120.4285154022336,427.17068955535217,5757.421274654201,983.1018562727558,-183.03338623046875,26.92006206512451,16.448939323425293,10.124956607818604,-28.30305004119873,12.357334613800049,10.90824842453003,7.041115999221802,6.099184513092041,9.238906621932983,-9.10304880142212,6.844786167144775,0.8265694081783295,9.892605304718018,4.334637761116028,10.738399505615234,-3.9233060777187347,5.681177496910095,0.4163968414068222,3.8623485565185547,-0.5822356790304184,3.446756958961487,3.2854140996932983,4.335515737533569,-3.8280494809150696,4.741360783576965,0.9078795318017708,0.12386582548888869,109.52561326723233,0.007026385654039716,335.0154433022857,668.4597686194031,226865.87746964503,0.06288609459625086,0.005893423263353279,0.047684174385647295,0.047414881951328446,6.436514490813135,0.6079545587502951,0.05238521393054488,0.008337493523692105,0.006240826104621804,0.019005047232930294,0.00401705847665926,121.5229074967432,83.40874606845153,177.4779571792608,5.296272167431707,363.7367855517441,70.00729749359981,5.7298350580242685,11.42402804354942,7.408173816295858,1.421904519289363,2.704609799064826,0.9576998041399523,4.6488007624994925,3.2419487372747042,2.5536391133492273,1.9767981256662108,4.34993442513565,0.22133164614404935,1.657218677454841,0.8706493660507637,4.090578735202042,2.3652824871305254,4.254850334104951,2.5224452192419506,0.17574867044118342,0.15428882280516426,1.1014296823548035,0.7435740889795075,0.9905637249726249,0.26876977860439505,3.864216862688218,1.5172418707327635
452798,TX,Recurvirostra americana,American Avocet,Recurvirostra americana,48000,1,False,False,False,False,False,False,4,518.811767578125,1.7133936748748813,1181.5216099773243,0.9729193313063262,143.5660327458902,3768.3340063119663,524271.3603182511,0.31581529213586934,0.5148486760162365,0.36067770150559364,0.25752761783072087,25.830544949942475,4.010911216259602,0.5765229844104077,0.01689414237625897,0.0342223453335464,0.22899904630781615,0.05898227484502145,3055.821800902234,619.6276212893913,2161.960320611302,427.96374250728854,5080.821052926486,1116.2320805305362,-191.78510284423828,26.257601261138916,37.6261510848999,15.059720516204834,-18.998969793319702,17.371915817260742,2.1325129568576813,10.819090604782104,3.4875143468379974,9.094582557678223,4.272582292556763,8.763875246047974,-5.518488705158234,8.490863561630249,-0.3563696891069412,7.364645838737488,0.4558699280023575,6.118823409080505,1.5809937864542007,5.174796938896179,0.08553820289671421,4.033527851104736,0.5117027461528778,4.575593650341034,-0.16181902587413788,5.3249980211257935,13.36244172967339,0.18560126847736003,48.335399850644286,0.02527497593207662,134.61998234992393,355.7422586689616,486424.4829119621,0.07702730179152842,0.0963343030757982,0.06085901688063731,0.012243482091362277,9.980662540340683,0.499566849967125,0.05098554273495808,0.006696414291650654,0.016950638058441145,0.016365845246070324,0.005269791619127817,171.6612806505166,89.045764153567,107.59610294048603,70.94826592369593,297.1810185381417,160.61166948322293,7.490116795136509,5.2855412874411245,3.8906942691920494,0.9620279748316034,3.074256236487124,2.2426736742238442,2.7095771888348037,1.464217919853977,2.318657683452673,1.931300059146198,0.6468368883275366,1.0074608444266464,2.4030922020814183,1.441031272411393,1.1209114512156346,1.2477366350793937,1.911891141956328,0.39581467094608735,0.6181269733900514,0.9653519412408309,0.3261401103910551,0.17529034787453684,0.15065545401084887,0.6752066152174385,0.5438453960852507,1.1136687551833815
452826,TX,Larus smithsonianus,American Herring Gull,Larus smithsonianus,48000,1,False,False,False,False,False,False,1,483.5107421875,1.253283198992405,980.4157823129252,0.19791327507772594,1.4934959498223952,903147.3580145892,1348846.9212875857,0.2968624858065373,0.46999322808418176,0.32871752860190706,0.39451251884181393,59.075537339344706,6.881249706430498,0.7462231619174748,0.04663580656051636,0.05699772760272026,0.12304958015927978,0.03419958384528949,2056.6891766833874,194.93415056648288,2005.5446660150349,378.3607896516437,3601.890500562673,539.9761294213191,-155.09852600097656,55.93656921386719,60.67692947387695,16.38105583190918,-4.555607795715332,10.359701156616211,1.2757502794265747,7.467270374298096,1.7717658281326294,7.582094192504883,-0.5391411185264587,8.015693664550781,-0.6721150279045105,8.271384239196777,0.6029404401779175,5.325528621673584,2.756237506866455,6.834432125091553,0.5370312929153442,3.812854051589966,-0.33886459469795227,3.1459133625030518,0.5397348999977112,4.942528247833252,1.0404479503631592,7.18178129196167,,,,,,,,,,,,,,,,,,,,,,,,,,,,,,,,,,,,,,,,,,,,,,,,,,
452831,TX,Nycticorax nycticorax,Black-crowned Night Heron,Nycticorax nycticorax,48000,1,False,False,False,False,False,False,1,457.6912536621094,1.6742012950770038,1311.425306122449,0.3290315843418472,1.9807662377642623,109324.24712667437,216545.77767751325,0.13390631866563196,0.3524881634924114,0.1570510264276639,0.3894701307971662,35.57814278323376,5.3639878504135385,0.5253478931311503,0.012995149940252304,0.023787571117281914,0.15042264344262296,0.028368517627740064,2417.868868579713,399.99004613093496,2111.319785879461,141.67371586475195,4673.15893954918,519.8209251155371,-177.25962829589844,44.05769348144531,54.149234771728516,9.67266845703125,-7.430970668792725,5.701056480407715,11.687941551208496,5.131730079650879,-7.826676368713379,3.9319448471069336,-0.4360707104206085,3.3514292240142822,-0.4666706919670105,3.6976377964019775,-0.8109392523765564,2.657958984375,-0.05982746183872223,2.577244281768799,1.480864405632019,2.6932637691497803,-0.6245077252388,3.278001546859741,0.09684490412473679,3.106668472290039,1.2952940464019775,3.113910436630249,,,,,,,,,,,,,,,,,,,,,,,,,,,,,,,,,,,,,,,,,,,,,,,,,,
452954,TX,Hydroprogne caspia,Caspian Tern,Hydroprogne caspia,48000,1,False,False,False,False,False,False,1,492.6005859375,1.87180474043088,1396.528344671202,0.9720625254772225,70.58843217447597,6808.757711348737,480619.53189998056,0.3834570312146768,0.6338824050086194,0.4465055145230854,0.29960715504420965,34.476374703742124,5.112315522709469,0.4946248331960181,0.013891887851059437,0.037119168788194656,0.18423411885245902,0.0795831457409274,2440.9490862686835,614.1174007296449,1913.3250364734026,187.02122196041614,4118.162061347336,566.3074745889119,-197.1530303955078,33.994319915771484,53.720916748046875,17.798246383666992,-18.110504150390625,8.824161529541016,5.140687942504883,6.289900302886963,-3.3756518363952637,6.409383296966553,0.296644926071167,5.958662509918213,-1.0256441831588745,7.610504627227783,1.4898293018341064,7.140298366546631,0.27427440881729126,4.956396102905273,0.26277828216552734,3.4358508586883545,-0.8265655040740967,2.5283803939819336,0.3454643189907074,3.8322219848632812,0.23976771533489227,5.322136402130127,,,,,,,,,,,,,,,,,,,,,,,,,,,,,,,,,,,,,,,,,,,,,,,,,,
452962,TX,Gallinula galeata,Common Gallinule,Gallinula galeata,48000,1,False,False,False,False,False,False,2,554.64208984375,1.9997768764848776,939.0105215419501,0.5087173382918778,3.079366825078324,132130.85058557862,405610.20552151225,0.25170691665709194,0.4553967052271755,0.2880200074525518,0.42730119464008703,92.55678415675698,8.479238051870318,0.4145744534097683,0.012639995664358139,0.03574497438967228,0.14160613656323184,0.031343844680586055,2452.520332118782,439.8297249767923,2411.0405937466408,238.14137755592947,5266.784467853484,678.4637930042484,-213.6756134033203,42.43889236450195,38.48882484436035,10.083824634552002,-0.282041996717453,8.969685554504395,14.75989055633545,6.3887224197387695,-11.178906440734863,5.107014894485474,2.127736508846283,3.777889132499695,4.160037636756897,3.7520421743392944,-5.475970983505249,4.878052711486816,4.512102127075195,5.346574068069458,1.9339964389801025,3.8079577684402466,-3.1975181698799133,4.091077446937561,1.6347563564777374,4.818610429763794,0.7501999586820602,3.3303680419921875,13.424152932579863,0.0468200708374503,2.6420459631926496,0.03151000266192887,0.26164338686466854,9701.390555350657,4697.023023245302,0.04493595267030617,0.04298865473928758,0.0472243421266387,5.617716134757143e-05,47.1857009229628,2.193508973775584,0.04344053448411166,0.000940254043429535,0.0008537133925465098,0.009884177049665592,0.009283004722226382,30.731361698519045,19.926022539979943,24.857860105163038,23.717415889330766,14.370464641669907,0.12971375569931726,1.826009177161391,9.867093788175643,2.1150920508740967,1.2907300397319372,1.5781220240292342,0.951388566456537,0.2807721895359334,1.298118213688503,1.1474718901190442,0.7821575057425025,0.7962454270320569,0.47784292956535385,0.8958799868559313,0.06334519602532734,0.9928425207779119,0.5653834512090272,0.06927795500911482,0.042340724014044144,0.556298950893595,0.2308371091824083,1.6941235116821927,1.3869062820480986,1.8211494347938426,0.4687784911498129,0.6350000350725028,0.4203379380444841
452998,TX,Ardea alba,Great Egret,Ardea alba,48000,1,False,False,False,False,False,False,1,406.98016357421875,1.1985662089019138,993.1160090702948,-0.06626025611686334,0.8757146658393293,1884418.1015982642,1650212.5681427072,0.403643925078352,0.6439271395903523,0.4912451687705459,0.43040166703339144,39.862920232062834,5.883239871926864,0.7982166330233469,0.05093232914805412,0.060773566365242004,0.10435382208723654,0.03006688815470339,1833.8673498970907,364.5658230107697,1851.4771033167751,419.7125381768708,3356.5069480020493,825.061572227109,-151.60769653320312,48.91858673095703,69.56832122802734,21.492107391357422,-2.2335495948791504,8.033951759338379,11.984064102172852,10.342374801635742,10.024754524230957,9.060704231262207,-2.669330596923828,6.39013671875,-4.276379108428955,5.641829490661621,-4.201651096343994,4.220781326293945,-1.278626799583435,4.3423752784729,3.95200252532959,5.82394552230835,2.831019163131714,4.199077129364014,0.20277731120586395,3.3643293380737305,-0.9072784781455994,3.534011125564575,,,,,,,,,,,,,,,,,,,,,,,,,,,,,,,,,,,,,,,,,,,,,,,,,,
453003,TX,Calidris minutilla,Least Sandpiper,Calidris minutilla,48000,1,False,False,False,False,False,False,1,516.2308349609375,1.4835129527589013,1335.6214058956916,0.9977028807624821,869.6557184036808,1102.3563344797433,958670.4899988293,0.3142411392570499,0.4698270038320427,0.33597414539946613,0.32613593824695397,77.71868703235354,7.279939261557356,0.5634118121772091,0.02154628187417984,0.05143045634031296,0.2632304778981265,0.0929755326007779,3209.9609977067153,733.4554194423384,1909.4810933157212,528.1312136550056,4575.35180263832,555.4491560614923,-244.19593811035156,54.74230194091797,29.205398559570312,20.24169921875,-20.502370834350586,20.336503982543945,19.570049285888672,16.11994743347168,4.210178852081299,7.626981258392334,-12.9004487991333,10.572748184204102,4.28602409362793,8.010814666748047,2.48494553565979,8.353456497192383,-6.146069049835205,8.934048652648926,2.613269567489624,5.362627029418945,3.734315872192383,4.983973979949951,-3.2853500843048096,5.825315952301025,-0.7037693858146667,5.995632171630859,,,,,,,,,,,,,,,,,,,,,,,,,,,,,,,,,,,,,,,,,,,,,,,,,,
453004,TX,Tringa melanoleuca,Greater Yellowlegs,Tringa melanoleuca,48000,1,False,False,False,False,False,False,1,496.04266357421875,1.6031696275318321,1144.6833560090704,0.9964646588305571,564.716264468837,1278.0524523021322,721737.0066592966,0.3976242831289786,0.4583731183864813,0.37753254662703517,0.32274183559584724,43.477163222540604,5.359595840508308,0.5730462737022983,0.023539265617728233,0.04756859689950943,0.19886251100352112,0.040875582578976444,2784.588222395266,306.23635642271074,2138.256304373235,460.81280953829963,4845.213330765845,881.5750970876919,-217.04531860351562,43.389713287353516,42.54130172729492,14.226961135864258,-17.2860050201416,16.509449005126953,-11.489591598510742,6.284149646759033,-3.092592477798462,4.406355857849121,10.785406112670898,15.579682350158691,-0.19383303821086884,10.086613655090332,-5.54123067855835,9.252313613891602,-1.6467554569244385,6.484055995941162,1.2255464792251587,4.023698806762695,1.5752216577529907,2.9222445487976074,2.977869749069214,6.071868419647217,-0.8679454326629639,6.392695903778076,,,,,,,,,,,,,,,,,,,,,,,,,,,,,,,,,,,,,,,,,,,,,,,,,,
453026,TX,Numenius americanus,Long-billed Curlew,Numenius americanus,48000,1,False,False,False,False,False,False,4,450.92821502685547,1.2758140131087292,755.2528004535147,0.91719778051128,44.721987621384564,23568.06637559399,551780.6634135061,0.39874532258391504,0.5511499429958073,0.4272891478093141,0.3103662354748108,87.70289848884757,7.50979939468309,0.5767322641292005,0.014220639481209219,0.036030778428539634,0.1958216504134953,0.04310286491624247,2894.87193114817,259.32909258982147,2539.5240730177943,577.5326485474494,5764.727182857326,1389.7159553862573,-238.1275863647461,32.07096576690674,43.217750549316406,9.013570666313171,-2.0213584899902344,17.27338409423828,-5.174628734588623,10.356699228286743,-0.746475875377655,7.43331515789032,1.1268235687166452,9.46522307395935,2.454279124736786,7.762304425239563,-0.7296930104494095,7.205327153205872,-0.858130294829607,7.278647243976593,0.528127871453762,5.244290709495544,0.5483418367803097,5.015065908432007,0.047405071556568146,5.464166164398193,0.5965455563273281,6.759985506534576,34.49514246669867,0.236453581089682,170.63143735643828,0.07686699490334206,34.234373828602465,33197.82215271381,411268.6064359762,0.01962914203739322,0.05697976997701857,0.027391028068639158,0.04124882518787735,41.77301609324281,1.3449520954307719,0.0412561134848952,0.0069230991590939865,0.01840028385227525,0.02156211210892713,0.01957859337527158,67.3620872426055,73.4388135112872,114.00627177770431,73.41001450653881,283.1607472062593,161.68147676301888,8.938300080705941,2.256541575299718,1.203807064639664,1.3177720120833774,4.101507990235345,2.9802620412381127,2.883212171829355,2.7091651007038164,1.0514293958412486,3.171116185277331,1.9785185014555442,2.190403737331891,0.9191322474935892,2.104205925237798,0.3950260909749966,2.092737326435857,0.912666810731034,2.528895306525538,1.311172218697098,1.5872535210862164,0.8106465711154098,1.817602234299501,0.23352364768439246,1.2233146999126225,0.8933888100539015,2.3370920077148387
453180,CA,Antigone canadensis,Sandhill Crane,Antigone canadensis,48000,1,False,False,False,False,False,False,2,392.1188659667969,1.868613867454636,453.35780045351476,-0.742859127958313,0.15548485745465207,130189.78149095073,11039.415878962576,0.29256633994461334,0.708142443106005,0.4498887023761381,0.48475442920974854,230.2907722633465,13.314515273077497,0.5653692753208506,0.009703019168227911,0.016185099724680185,0.1627926256952576,0.03515845468624501,2966.521942790172,461.4541155373563,2904.936024867886,348.75561982393924,6625.494284707992,1238.3762193170019,-212.72058868408203,29.06533908843994,26.991230964660645,11.950228214263916,9.744590282440186,6.926821947097778,12.320291996002197,4.966703653335571,-0.004730701446533203,3.8478314876556396,-4.6750524044036865,3.6461082696914673,12.016847610473633,3.9773746728897095,-0.13837212324142456,3.0145119428634644,-4.679429292678833,4.372830152511597,5.903219938278198,3.214828610420227,3.07901269197464,3.901480793952942,-1.600700855255127,3.5175414085388184,2.8290493488311768,2.8178818225860596,0.40875294950059765,0.38620826830715216,19.41234196117041,0.20438407249439602,0.13550303468808939,135836.4225479467,3479.396319614307,0.009783685339118569,0.03819672713646709,0.0026207633075269977,0.05383776375646612,13.211866638335586,0.8202168902023824,0.14980503220515654,0.0034521462871285927,0.011630856827411969,0.02350807259202613,0.0032252400973738628,178.2828278655331,73.09852617024617,22.80731524350843,34.84621523935391,292.0805853099686,211.77623089394567,0.9593566810486126,13.578135263502658,4.226179813964871,1.2427109551117175,1.578711026237174,0.5825689129830413,5.492403990098634,1.3425885336641055,0.7523941599673823,0.21892185793359048,1.7277783602740207,0.5369601223354623,2.5954096747966164,0.09550121839041097,2.6118620342876318,0.42340066523207376,1.0707973317836614,0.9643687842735281,0.2776732160586244,0.3236357030589067,2.640045800474261,0.021619815999542245,3.210048630573779,0.08565352294214355,0.2879739058346869,0.29615241749452886
453885,AZ,Anser albifrons,Greater White-fronted Goose,Anser albifrons,48000,1,False,False,False,False,False,False,2,434.79124450683594,1.389602761916708,483.8668934240363,-0.04281258824867648,0.9182441752522801,266987.6419751422,249524.19859214724,0.3647369636373539,0.7471252098205567,0.4805849580736357,0.40056129999454904,45.77597026920009,5.975702815893577,0.5879435316338482,0.012837432324886322,0.0263429032638669,0.2161930986533958,0.03746744647015625,3487.6725216353657,503.97211154842466,3117.343444366823,469.64562103593073,7637.554831582991,1452.0703286133116,-186.22724151611328,37.23280143737793,29.812744140625,15.433349609375,10.345314264297485,10.293316841125488,1.7835410833358765,6.182748079299927,2.467706099152565,6.071897268295288,-0.9769990146160126,4.319283485412598,0.6458668261766434,4.561041355133057,-1.033665657043457,4.492328405380249,0.10152043192647398,3.5856385231018066,-0.3893653154373169,3.5223896503448486,-0.34800292551517487,3.785984516143799,-0.7479539215564728,4.038047790527344,-0.1674841046333313,4.205256700515747,0.7047978082377268,0.01997344150577901,0.7555941033250555,0.02003462975434758,0.03685351736514388,236848.57219406616,227324.25553383012,0.12564022164290164,0.08417958980090921,0.07932657585228392,0.02380605950898704,23.95530838879502,1.4996091706439758,0.11624152229254957,0.0018080905814942421,0.013589059336778331,0.004186867536253947,0.0018837683584305516,57.88981121172737,23.16600054539275,101.8304311267477,56.75422808803076,283.0589288475802,34.44224186425005,13.20271811095066,8.70830496346924,4.963450251693694,1.0880684359538497,4.014366274913733,1.5637991340592317,1.5389151289362177,0.6306810578447731,3.1045747724026898,0.4352990577414872,0.6213718726799294,0.4391492566466544,1.3378012206557228,0.8905683038318003,0.5519448442676316,0.8224546133659504,0.13739234386141544,0.29880598307677475,0.013665694161172281,0.19180997039829065,0.9530703732260914,0.28985196940433233,1.4676107113038506,0.030390237999871207,1.2477492736764066,0.12365581895787031
453887,AZ,Anser albifrons,Greater White-fronted Goose,Anser albifrons,48000,1,False,False,False,False,False,False,1,456.95391845703125,1.6844539168283708,450.96068027210885,-0.027720842078548122,0.9460537512842823,51564.07365923701,48782.38531682022,0.187452350987255,0.46848860101414813,0.21946674516500353,0.43401437565062884,35.58218268338768,5.461662422407417,0.5217760174917694,0.012141852639615536,0.013293377123773098,0.10162154054330065,0.025996067682805265,2503.9261262824466,412.69878773382305,2887.2506331881614,384.8209596134799,6178.657082950368,1253.510223810851,-204.74078369140625,54.46181869506836,39.58872985839844,11.525126457214355,16.47898292541504,9.080567359924316,0.004241943359375,8.146824836730957,-0.0645890086889267,3.9317877292633057,-0.4215112328529358,4.177978515625,0.5785738825798035,3.795138359069824,-1.3163961172103882,3.39552640914917,-0.6631234288215637,2.8689186573028564,-0.5646295547485352,2.7488396167755127,-0.0894421935081482,3.171480894088745,-0.11654259264469147,3.802811622619629,-0.11578316986560822,3.118190288543701,,,,,,,,,,,,,,,,,,,,,,,,,,,,,,,,,,,,,,,,,,,,,,,,,,
458919,CA,Anser rossii,Ross's Goose,Anser rossii,48000,1,False,False,False,False,False,False,3,454.76307169596356,1.1889835461060054,1112.7826152683294,0.37551576525749236,2.2580455487873827,75881.4459443508,192520.7573403292,0.2962420853156039,0.5425743581319137,0.37947331750953345,0.3180540966270464,33.102091270499734,4.802956265463421,0.6086567560888922,0.01258073840290308,0.018495232953379553,0.1527927705405933,0.028721123451283356,2167.963775375975,213.35588569511722,1812.0461789678202,359.46499775299793,3385.6969614497953,531.4540987536889,-218.7948201497396,41.743673960367836,72.10388437906902,13.686577796936035,-10.189016580581665,14.844551722208658,-0.4012977033853531,8.511491298675537,3.015814463297526,8.53856372833252,1.6629477341969807,8.285022099812826,-0.7605026264985403,6.761698246002197,-3.577674150466919,7.139923572540283,-0.4487779637177785,5.983496030171712,1.396808882554372,5.165132522583008,1.860792617003123,4.969438234965007,1.3031809826691945,5.100114186604817,0.8014977971712748,5.3556467692057295,12.378047281279752,0.03408001640151566,290.6608512491129,0.09752113183520407,0.5338232321196265,62540.94209891529,183286.08696045782,0.023492224211759748,0.04854800949574724,0.020652743224557235,0.01982611819371171,4.146940479528734,0.1477511027571685,0.09886163817128127,0.00803465560849246,0.011474564745457412,0.011624782173561641,0.002114818318858392,70.51528566392759,15.695514434957847,217.3767683888367,21.37264573719012,103.48349606746916,66.82225947288592,29.46624118111826,3.212305050337803,5.535719672130832,1.571862206923527,8.977319367175062,1.9496479197337524,1.8157913859676045,1.4901541777483138,0.5511855816601413,1.80607688491202,3.3851567517073042,0.7957293751746778,0.9618618705499515,1.035474647233114,1.95116474192008,0.9249505532722712,1.2226093446620288,0.3904274109562705,0.8662214786632857,0.7484654175845086,1.095749037851108,0.8565186970073411,0.9270350572811972,0.499921111133357,1.4617285773282855,0.514221607457188
461828,CA,Phalaenoptilus nuttallii,Common Poorwill,Phalaenoptilus nuttallii,48000,2,False,False,False,False,False,False,6,391.79896545410156,2.0998872853078954,289.50502645502644,-0.45044429767089716,0.39611957121075886,602999.8942909633,264962.2259042354,0.39756668446530935,0.5806802877832629,0.485796654031909,0.5030400333126244,91.51320726284393,8.785341762355793,0.9448729501756513,0.04119356752683719,0.013781170360744,0.08907263917349727,0.011769532682758882,2180.922869338394,181.89114203414047,2743.464926700852,241.8459575822266,5392.504082351435,1036.1437148556683,-137.23882039388022,10.684295256932577,32.555797259012856,11.93314520517985,14.501931031545004,7.002517620722453,6.956343571345012,3.3105904261271157,2.0675970713297525,2.3927631974220276,0.3454955369234085,3.4426980217297873,-0.6338134706020355,4.222599347432454,-0.5235192024459442,4.521620750427246,-1.1552666425704956,4.2970945835113525,-1.0793010058502357,3.230228821436564,-0.2565546991924445,2.419610023498535,0.7442217040807009,2.243281821409861,0.9747655739386877,2.484606444835663,4.208351636609906,0.17485424829446278,51.57632478262311,0.1790376979770018,0.16829263671014646,275041.0496099245,189687.1648035922,0.07329730741335364,0.035502893315688316,0.024871452288741106,0.019416536534344494,14.360120706018272,0.7586338712941995,0.02729837733595896,0.008366967465672835,0.007282702306800837,0.00585853679324569,0.0025336116009764477,152.58216449379944,25.44645505767456,136.44581937009065,65.95072117654284,597.2848854468758,302.3197119779366,6.388296039072959,2.2461065344849627,5.408647460281789,2.4401989767316827,2.201012800062306,1.404913203466893,1.5016370299558215,0.364745881873419,0.6316771607627961,0.353008930781695,0.8609687497320354,1.0856991625476915,1.3509070650391113,1.332624421069905,1.3386754488783728,1.258468801860835,0.9537694548393778,1.0963811960858971,0.8018064254691265,0.6479171368917381,0.8672710817606116,0.206520146256576,0.8658895218802887,0.3000084114253618,1.0288011628785454,0.5790797669681825
465656,CA,Geococcyx californianus,Greater Roadrunner,Geococcyx californianus,48000,1,False,False,False,False,False,False,16,445.37724113464355,1.699020497148169,909.1514200680272,-0.846469584591659,0.0884342104355891,572720.8788390965,37069.37568299367,0.19587493774012893,0.4763082074767455,0.2799198101036593,0.30137486814795417,29.53241030716833,4.607730287318484,0.9184105089611604,0.03576305171009153,0.020139693544479087,0.07489749810176376,0.04427669691514219,1560.6348790399354,506.26574078771785,2015.1957307419875,318.08167620025324,3580.790135117828,1322.6853488233614,-215.85264778137207,18.33176100254059,20.563699901103973,13.91244900226593,-13.127734169363976,14.129270434379578,20.139613926410675,9.214035868644714,-1.7440646216273308,9.347555249929428,-6.2886930499225855,7.322525590658188,9.599026307463646,7.659083813428879,-1.9706949405372143,6.98254856467247,-6.162147745490074,6.397180885076523,7.581310227513313,5.797388643026352,-2.580543707124889,4.937557503581047,-2.9175891131162643,4.7758456617593765,4.856103911995888,4.097467869520187,28.84340422127448,0.20506326904672667,200.5501168451032,0.12620907927698202,0.08285817215948268,384056.6542073267,35503.61762819403,0.06748953606868906,0.1697237609023797,0.10602196179289577,0.030618225882308597,5.166027418882083,0.4388603064518711,0.040470249307613074,0.009853974443342225,0.01371808746318578,0.015655684656904863,0.01800520211027758,180.40441828452276,170.70079325513578,92.8489298400834,81.47857845262884,524.723677654911,378.99526816402175,9.98067494813132,6.824492795931134,3.4405661031196404,4.7748403928884455,6.387669242059349,4.940743102621929,1.8903666771951095,2.421622447976772,2.8858397926013257,2.967807256562562,2.3070936763304606,1.9625031831878403,3.633793984526112,2.103008407775413,2.2245686649811147,1.4677571310114892,1.4338933030449135,1.3482695604558457,2.046323523558853,1.4035611827342847,1.1987828366514695,0.8198921980454075,0.5850574084336991,0.8326219981381785,1.2857333758813103,0.6066232014397255
475180,CA,Callipepla gambelii,Gambel's Quail,Callipepla gambelii,48000,2,False,False,False,False,False,False,4,409.9622268676758,1.328359733916666,486.2035941043084,0.0009710125323257015,1.001959966742321,533999.6906360199,534976.1136892515,0.49529690263001724,0.6221664648330767,0.5072669529940788,0.3214772887126515,26.997491650002623,4.416345454905878,0.5005147493927834,0.012420776765793562,0.03770834067836404,0.3233362416752049,0.0574095749610442,4250.914240820368,516.6868379660999,2790.008226329407,275.26418506824507,7685.5948026063015,1162.6994097072156,-186.19941329956055,14.63364315032959,21.38611650466919,7.391048312187195,-3.5354812145233154,3.4818409085273743,0.47406357154250145,4.560749888420105,-5.07859206199646,7.678232789039612,-0.7697026208043098,3.943392038345337,-1.2894471138715744,3.6051031351089478,-0.38578319549560547,4.223581790924072,0.9200881570577621,4.150465965270996,0.40525277331471443,5.566168308258057,0.3047432452440262,4.647376358509064,-0.6707983240485191,4.289359629154205,-0.4515986703336239,4.711489677429199,6.389490145152152,0.08742741379135335,24.197583338707016,0.0032701890854209396,0.006539296510877985,426853.3447175661,427724.8613587555,0.026177403706200128,0.06616799653866562,0.02540187913719197,0.009707757160363092,6.475264562643926,0.5095590917531121,0.04229851019708075,0.005021954785433735,0.01485800817581332,0.005606319339756639,0.009253744079907415,52.776518885773385,86.25229555231388,29.494243624841637,55.80490565384856,121.4880095468378,233.2501973191005,2.489050786581362,3.3036362032931117,1.0977955915435995,1.1801813896236737,0.7155969057556044,0.4177576375382167,0.4943204321980963,0.709860152591524,1.167345689921291,1.6208088271815717,0.5550179308399804,0.3089359306295969,0.4703909136592191,0.5659657410616413,0.5552027210045126,0.5030461453456623,0.25617466418545054,0.4763359295298188,0.3598576239846649,0.9529580586695928,0.519593181381759,0.8272388303290182,0.22069161643681762,0.6491908806700835,0.1715414865335767,0.7184310514555734
481134,CA,Streptopelia decaocto,Eurasian Collared Dove,Streptopelia decaocto,44100,2,False,False,False,False,False,False,3,469.75840250651044,2.0342833976407184,880.0587906273621,-0.1468107918896533,0.8724464285537703,218143.64679370323,198823.2987250674,0.45726178006987467,0.7027909604165131,0.4859639233853776,0.3720767176117839,45.83436489801884,6.011446449347112,0.7094263236777819,0.021551455681522686,0.028921880448857944,0.1232027743218189,0.08972690046892294,2487.2473122114575,846.2662390091464,2552.7854121933465,356.7618966340173,5272.995645491803,1544.6175802860287,-216.54881795247397,26.775944391886394,27.057052612304688,12.599363327026367,7.12637843688329,13.043766021728516,10.32926336924235,8.747857411702475,1.1152436931927998,8.817319552103678,3.032815933227539,6.777514298756917,-1.2111965417861938,6.663379669189453,-0.7089504972100258,4.418357769648234,-0.3582097788651784,6.011449972788493,-1.0082879389325778,4.148735602696736,-1.2359478150804837,4.722179412841797,0.08827555427948634,3.647190491358439,-0.22558298707008362,4.309286991755168,15.6830352066569,0.1271068800512879,151.59378730613562,0.3741282392360827,0.601157487467105,33087.9059894933,143041.31852427116,0.13914793832784442,0.05271384825439224,0.10595523592135901,0.06661559847579236,16.12176616851489,1.0537576695039619,0.061861499135049056,0.003234280883971296,0.007755692569159728,0.023124500724696153,0.024271400066492792,213.8685974585994,150.5415931571647,52.1782088574675,38.343156114767325,255.66695142525714,85.65587147559208,5.645726192855485,4.921711679985746,3.7920043172507873,1.7554342382922952,6.5865995523753265,2.2292218008498543,1.7874532473093168,1.680884830327315,1.4718012412508474,1.27810247467877,1.2623642711668448,1.6816561892504902,0.43552430916126456,0.9658429366951768,0.6649924929829014,0.7086338740107913,0.49165115054218883,1.3145001055900296,0.8941658785462168,1.5059401592061674,0.9740642692263826,0.9284269994580786,0.2593658098955438,1.0514430929960454,0.4324425158744196,1.1811632910568088
48224,AZ,Aeronautes saxatalis,White-throated Swift,Aeronautes saxatalis,44100,1,False,False,False,False,False,False,3,477.15268961588544,2.044780231221154,952.9133786848073,0.9844112910636995,182.57929362287177,306.0682698933581,53350.99140366712,0.20391731426751306,0.4182104765548574,0.27397046819421206,0.24275636741656959,16.312505091941336,3.299651240180573,0.7865654479198226,0.009346991311758757,0.008679964734862248,0.3689195452771272,0.05778280290901861,4437.948381533032,447.59472092958345,2160.731141638276,422.2912197334214,6638.420930455942,751.574746163467,-211.32364908854166,35.81340662638346,-6.190033912658691,19.53979269663493,-27.6502259572347,13.132371584574381,9.848068078358969,13.009479840596518,-5.182393709818522,7.614986896514893,5.7243655522664385,8.673744201660156,3.881932020187378,7.853355725606282,2.66532293955485,7.176718393961589,-2.209074378013611,6.596277395884196,-0.1153854529062907,4.494541962941487,-0.16228356709082922,4.239989121754964,-1.688845952351888,4.623842080434163,2.3121454318364463,5.063503583272298,33.785042816172655,0.022859698888355318,66.89317641050295,0.011961968276862533,114.84893842274897,36.32407418182748,30142.40373072511,0.046950632305069455,0.015762929716426545,0.03420061031204979,0.019194712773069732,2.7786905048556445,0.4105145684554988,0.021272266237321383,0.0032802308183917566,0.002220687095978922,0.011514211790484284,0.002944507761526888,170.25754570836196,114.83768702201706,96.18561460242745,49.359305249912694,36.70157602886651,35.177522823312366,8.013698817304942,9.90536913551837,8.507274893270496,4.522915460960718,2.6138092522727336,1.1223246962045061,2.7416576262498777,1.2574216785494268,0.4403700625831364,0.9057195063848842,2.125741785579602,0.6105257809225906,2.2424362001564084,1.1573745729641316,1.4710472191249404,1.5132369999127033,0.7074170383025132,0.740504259541694,1.2971618667268452,0.2525115852841939,0.22123719225179397,0.17819656369674977,1.3817810817064144,0.5260872756493319,1.2483008903661885,0.45421328017894175
486226,CA,Bonasa umbellus,Ruffed Grouse,Bonasa umbellus,48000,1,False,False,False,False,False,False,4,385.833251953125,1.8154072386388662,675.8276303854875,-0.4684874047768557,0.36739550488096007,490145.1331005277,179742.26130129423,0.35023663438661806,0.5677889215519576,0.42604251020222583,0.4045081267874153,37.19784241735584,5.409404823508548,0.8780295065658166,0.03199181752279401,0.024703834671527147,0.12019866300131733,0.029390619263128137,2272.848564958671,301.2798031422425,2382.23757382209,238.3728407520142,4384.730004482582,889.931175627625,-135.65590286254883,9.51456618309021,51.657132148742676,7.764569044113159,-0.6230314373970032,4.918863415718079,3.1153271198272705,4.657819628715515,1.4328736662864685,4.505407869815826,-3.7365574836730957,3.882268726825714,-0.9134031554567628,3.67448890209198,-0.32864829897880554,2.853825032711029,1.879547119140625,2.85735285282135,-3.9386162757873535,2.769254684448242,1.4775254726409912,2.6779038310050964,-0.5500958971679211,2.826061248779297,-1.5219566076993942,2.965619146823883,4.076983258828411,0.20111413765217445,38.544972016260395,0.1069733695926164,0.09981453547082215,92188.7927537249,56047.97429303635,0.06771873684310448,0.06649494298904265,0.10080964241308922,0.032395347648848404,8.994904233919316,0.5805937398352311,0.018408945017056637,0.0032488261246717666,0.0025612804807920056,0.009404198658731664,0.005759136963026987,48.98755083087624,27.105214871442257,54.06467703307688,36.646052914603594,164.5447595559028,80.44112611448622,2.774585891862592,2.6422165221694778,1.3998920312365941,2.0821421201654076,1.4162831544356442,1.9904538406588461,0.3608866922812661,1.3859038853111465,0.4435773851710896,1.0081495819110393,0.6440209475509794,0.6157117514994477,0.8884050829549189,0.9850912616712648,0.30795019372187143,0.2828867037841411,0.19959717822540074,0.47281788892369864,0.2986869077694721,0.5707300471088566,0.3547947045229344,0.5475538559140398,0.6308816188000259,0.47061720404085583,0.5968713703399148,0.6929134447564351
488173,CA,Columba livia,Rock Dove,Columba livia,48000,1,False,False,False,False,False,False,1,386.7152404785156,2.195374295105116,489.07868480725625,-0.987294496124219,0.006393367415126512,561562.3792254511,3590.2746169009165,0.307210618618304,0.4322840944754671,0.29821048938579797,0.5110034190530469,61.53956997075611,7.310869707071013,0.831312821509497,0.03069642186164856,0.02966476045548916,0.05310144357435597,0.012215368890910724,1136.1920889618548,272.2631032114374,1672.7381810332429,318.3093700868482,1653.1145940061476,540.642335257538,-236.76258850097656,30.280406951904297,67.120849609375,4.926544189453125,17.899866104125977,2.928226947784424,-4.526040554046631,3.135047435760498,0.14961786568164825,2.3854711055755615,1.6726417541503906,2.1990976333618164,1.628819465637207,2.0118930339813232,0.29427868127822876,2.02097225189209,0.7306228280067444,1.8216556310653687,0.3611088693141937,1.7759218215942383,0.6288678050041199,1.9818259477615356,0.8903800845146179,1.921481966972351,0.018336378037929535,1.8528753519058228,,,,,,,,,,,,,,,,,,,,,,,,,,,,,,,,,,,,,,,,,,,,,,,,,,
490945,CA,Chordeiles acutipennis,Lesser Nighthawk,Chordeiles acutipennis,44100,1,False,False,False,False,False,False,2,438.3432312011719,1.3052204141586472,700.861768707483,-0.34783576354148926,0.5759401253212626,69832.59193949762,20169.208592684343,0.27205950336545054,0.4164282422299726,0.2771816335493314,0.37307870057072834,76.42990670751661,7.429139118528657,0.8321557537085902,0.011737186927348375,0.009552620467729867,0.12429330723067916,0.04504670882371731,1881.8615479474752,394.45071893412165,1905.1637802749913,362.25849439157,2951.965131915984,914.4210030404788,-240.57652282714844,18.755308628082275,60.15078163146973,8.92862606048584,1.5570650100708008,19.99516010284424,-5.525359392166138,11.988038063049316,10.07995867729187,12.455292224884033,10.731085300445557,10.76499319076538,0.25826599076390266,8.18217158317566,-3.5992045402526855,10.577786922454834,1.2041866183280945,6.145044565200806,3.1929315328598022,6.316910743713379,-0.5932610835880041,6.050701141357422,0.07244837284088135,6.776244401931763,-1.2303707003593445,6.13810133934021,14.952693024699245,0.02812415772642064,30.882768412067122,0.46074892021295644,0.5387249179040587,74435.69990586268,5249.94897252496,0.011732285911097564,0.07761235045001973,0.018625160451290323,0.056112648207518816,42.1788759217769,2.375837482215139,0.14357355578369246,0.0038018650310038,0.008698532483023408,0.010434016741564533,0.01465932782428154,183.3056730653677,174.77672515194226,69.88916643798967,180.19728626603168,408.648944897112,385.1379974449938,10.465668051174392,3.9050579175385476,12.619796850314067,0.13658411185749597,7.979146951141794,3.7358089865607442,0.8150091196954099,1.462352681217874,3.5772859227667815,2.334109329272716,2.653262799286186,2.0076513046501256,0.2601429245751624,2.048802476011798,0.39813700129767365,3.5177762585433396,0.3826299113250604,1.0409135303154973,1.663403432445875,1.9113123754987122,0.774020690486728,0.6822212587769871,3.422048795870122,1.4895987643188324,1.4847903989596185,2.2700127392321363
491895,AZ,Patagioenas fasciata,Band-tailed Pigeon,Patagioenas fasciata,48000,1,False,False,False,False,False,False,8,378.36009979248047,2.1972245060720876,198.58311933106575,-0.6348294413446611,0.28724261404646156,63907.32673338913,325.74323998421335,0.009125542035061607,0.0554820654639879,0.021577773810832188,0.262370260813097,49.86845279722857,5.154909331422121,0.8552281809686101,0.0062853981798980385,0.008485383350489428,0.23803782407237997,0.06577487072873835,3722.5847735610687,628.4474730526329,3167.516251502873,221.35928744142853,7661.830114145748,1192.589697871135,-255.3429889678955,7.978004038333893,7.635442316532135,2.982450097799301,0.056797707453370094,2.980374038219452,0.4742683470249176,2.448864310979843,-1.748914711177349,2.177768737077713,-0.26525424502324313,2.1489827781915665,-0.6168654672801495,2.111249476671219,-0.5076066479086876,1.9715777188539505,0.4531251492444426,1.931479036808014,0.04989946447312832,1.9068962633609772,0.017730979714542627,1.8178726732730865,0.04149269388290122,1.8111897706985474,0.2174885179847479,1.7424426972866058,0.9489521409290612,1.5382293532104123e-07,22.978992182102623,0.38716173365456397,0.30871403288019905,76000.92507243503,18.819468726571852,0.0029838009292618086,0.01210740151238759,0.004622736321393673,0.011986805292737024,48.03757324419083,2.0500513616378364,0.14619755888108196,0.005314695175642654,0.009060836753624969,0.04430558213967729,0.037956080370382596,387.96630903017984,484.3084734667757,88.44111707942652,166.10188106947928,636.7811057661843,1073.1164668670785,2.8128833885689057,12.14354808181296,1.4325102328176034,0.35305365203533895,1.842897434194964,0.5427706965277784,1.0381369624532064,0.21773054520184523,0.425730904836417,0.19450016105041723,0.7536957747092643,0.12874933297879967,0.5850055006278367,0.12279631469688765,0.7638038112202135,0.1510073562106533,0.5534033869087324,0.10542609465618957,0.4206240556717543,0.10728932265307779,0.3883702404831342,0.07017078346025939,0.4375974985920364,0.08529083670036902,0.31637127394513104,0.0644511025015044
491896,AZ,Patagioenas fasciata,Band-tailed Pigeon,Patagioenas fasciata,48000,1,False,False,False,False,False,False,1,385.55120849609375,2.197213563411635,435.14807256235827,-0.9908064073683324,0.004618024433536318,80150.24565183054,370.1357927740915,0.13938605064002685,0.4179219223064191,0.16785446914746383,0.49023999690197073,56.31931877941501,7.020318081535663,0.8002400318449251,0.010089313611388206,0.012590769678354263,0.09865225226873536,0.04758954198280209,2495.131487129617,692.1432207721431,3009.4389917740027,424.52549962411047,6248.436299308401,2143.1669190757107,-265.64154052734375,42.197662353515625,25.634511947631836,4.2255353927612305,16.062652587890625,2.7771530151367188,6.45259428024292,2.90054988861084,3.0779471397399902,3.0357086658477783,-2.077496290206909,2.3824541568756104,1.5901310443878174,2.511516571044922,-0.10965025424957275,2.272489070892334,0.25780150294303894,2.010702133178711,-0.18449600040912628,2.1524696350097656,-1.0228358507156372,2.3822999000549316,-0.09384847432374954,2.1086089611053467,2.107306957244873,1.9153376817703247,,,,,,,,,,,,,,,,,,,,,,,,,,,,,,,,,,,,,,,,,,,,,,,,,,
495180,TX,Selasphorus platycercus,Broad-tailed Hummingbird,Selasphorus platycercus,48000,1,False,False,False,False,False,False,7,480.76531982421875,2.079176702471402,1052.538905085844,0.909950671654747,39.50546282048028,2816.715743349932,113514.11950920455,0.2834762408993476,0.4507570778299888,0.2988090060116037,0.37914204394029244,33.96951723962111,5.235612950790277,0.8182458979921122,0.014314746816775628,0.011341633607766457,0.4387900491907829,0.10175949351598725,4604.574615163529,878.4415153102178,2297.514608512557,292.52273546883345,6636.938076331967,718.4399019765466,-194.65609305245536,27.155003138950892,9.228966764041356,20.75943238394601,7.714062520435879,9.454186235155378,15.255347388131279,7.68334606715611,-18.323911666870117,8.963700022016253,17.04913820539202,10.3999422618321,-9.052043506077357,7.334648881639753,4.8487131255013605,4.743386268615723,5.684217112404959,5.431119169507708,-8.98606538772583,6.119858877999442,8.328699725014824,5.247259208134243,-3.887230328151158,3.7687386785234724,-1.6902308272463935,3.455465487071446,9.124427640134275,0.0631036254934541,128.9579106571781,0.10412343054643054,23.85675277636488,161.77768541596961,72658.62908765858,0.051858458338825984,0.04719777125946649,0.09455312028016916,0.01665871073282581,5.904211630644069,0.4396097925940065,0.05899166532378542,0.005028443767648784,0.0047441905782556045,0.04282766791921476,0.019685357240796852,407.4633156560493,127.53608153660649,110.92108307661665,70.19427045382322,190.5807353214084,165.39077302758602,11.921395110429085,6.427345955500115,9.73031020897665,2.7078541149939888,3.3628913122190727,1.7693409898176673,2.794344598360772,0.7082098260505808,2.3054467398241636,0.7235710014312424,1.2309284648008807,0.8264390755911375,1.6395128106210508,0.6947302196110708,1.185235500493548,0.44665979998181815,0.5811234266579669,0.7203670313265922,1.0060490087502438,0.628231246507004,1.0650481568854053,0.48399748056799213,0.8484631056458056,0.3149119091553792,0.9189620110820168,0.31853609388972554
503346,CA,Callipepla californica,California Quail,Callipepla californica,48000,2,False,False,False,False,False,False,2,456.9363098144531,2.058560938109908,1023.6322448979593,0.7344636623206233,6.552738221923858,22720.75390246755,143945.71720414198,0.16428730803325203,0.3844497357690647,0.21225986810529685,0.29369617268473985,22.910695855779515,4.159642629905202,0.665511250865209,0.011538125574588776,0.017592248506844044,0.26054264399151056,0.06853777379079384,3519.1439435046505,451.60408645894245,2557.5250614109655,250.37966221890753,6337.405745709529,532.6054422998919,-194.66355895996094,56.93197250366211,29.812978744506836,9.93955659866333,-9.461866855621338,14.639972686767578,4.855716943740845,9.713190078735352,-5.155363082885742,6.309009075164795,3.6733001470565796,5.979828119277954,-1.3778725117444992,5.576624393463135,2.182731568813324,4.4903388023376465,3.1017212867736816,3.7041057348251343,-2.89027202129364,4.59799337387085,-0.022440433502197266,5.1064488887786865,-2.46483838558197,3.5804383754730225,-0.7531991302967072,4.1386919021606445,10.177305382809042,0.057301221721286044,136.8845206472149,0.019712774913144056,0.5606970023306467,17611.77713795272,102665.90660406163,0.001288512316102,0.008299877082112665,0.007563133415875749,0.02487784589188075,6.675096258663877,0.7428810235766825,0.018245464010021424,0.004796981758848867,0.00657473846321641,0.01750835124807012,0.0040547856977291175,92.6525075286245,17.616886053881107,53.840912382707934,7.553914426850082,4.689121837169898,14.10460050561932,15.748943425059426,9.299539605680911,1.0180412785656052,0.5346614332176782,3.069611622412811,1.0063399647198288,1.7721863029138272,1.1763812564496365,1.093714764955157,0.7029817848290894,1.196639560654883,0.10306320595023556,2.320606427313917,0.6791684782456461,0.530102914376437,0.3898293516939943,1.2665846159822283,0.16287312432246911,0.41657186424894466,0.07411708756774163,0.4907724025767379,0.9697972983617312,0.20487802224757845,0.012155825460118013,0.13297006174453532,0.17378123447927063
510630,CA,Spatula cyanoptera,Cinnamon Teal,Spatula cyanoptera,48000,1,False,False,False,False,False,False,6,442.4311065673828,2.116743665810641,748.0687603930461,-0.007696604180147261,1.046659439773367,40287.36713673767,40783.556232641284,0.15922643141543008,0.3066893669495474,0.19598222004864133,0.4358859482784741,180.46023299949525,12.041026442416786,0.6434837830221362,0.009267695325737199,0.009774993018557629,0.16696931718384075,0.056191657874054134,3147.7650257252785,586.2687823272104,3019.0495580931542,600.3649886974298,7023.829125576332,1902.7172525100505,-221.3270034790039,50.58057149251302,29.351333300272625,16.948394616444904,0.6850372056166331,15.050848801930746,2.28898190955321,6.442451397577922,4.306705753008525,6.144943475723267,0.912120156455785,4.690017938613892,2.7620492776234946,6.678647359212239,2.254315654436747,3.907094677289327,3.1522090435028076,3.436487396558126,-2.8880510727564492,4.280704776446025,0.6513815829530358,3.6741077105204263,-1.5753413240114849,3.544883688290914,0.2911153311530749,3.1354311307271323,14.048687889067288,0.0466386868587828,96.86226925093841,0.19768947071243584,0.3814234430618872,39000.13683510683,42191.69949612166,0.017546044728271277,0.05945491055608908,0.01909542551645374,0.058120341846309986,43.323911587029755,1.523618136612127,0.0823101533755504,0.003957333117688506,0.0040664536999578055,0.02790669583906457,0.008539477816013894,231.94491449440594,59.73827139902362,116.93288296501115,56.67671782940119,384.8867205905721,221.98875854322083,12.702421382861019,10.509100629603635,3.594974629249925,2.110212857926513,2.7109120361289927,1.3423955814360113,2.759805442217102,1.6596885079778263,1.340034045301126,1.734669756769571,0.7240721035602935,0.8477565809393168,1.9180312422215184,1.2283659068196193,0.5864840281936471,0.4069055536964206,0.402466093945544,0.2797211706994191,0.8760710516429951,0.4712393717618096,0.4624868439920142,0.6267660541097164,0.07311437061147158,0.149070707675794,0.4053171796779678,0.3526989551614153
511453,AZ,Branta canadensis,Canada Goose,Branta canadensis,44100,2,False,False,False,False,False,False,1,490.81842041015625,1.6919363801959257,1815.0599546485262,-0.7737049818053632,0.1275832342559599,7599650.404782346,969587.9778567466,0.23404183458796368,0.4844944518708013,0.2111942898751522,0.39975779999989003,63.70544388351242,7.158207417027106,0.9728553354024952,0.15724754333496094,0.027881287038326263,0.050927620023419204,0.051301771689131886,1076.9011484323476,530.3060887507829,1575.9471441897367,337.8128141516199,2359.902904072746,1370.6630678864726,-130.76748657226562,28.028026580810547,63.26502227783203,14.292244911193848,-5.818853378295898,9.550065040588379,31.88924789428711,10.518099784851074,-10.49179458618164,9.090949058532715,2.8099145889282227,7.452561855316162,-0.8213435411453247,7.843281269073486,-2.5295867919921875,9.053622245788574,-4.894965648651123,6.88392972946167,-1.9949814081192017,6.4624857902526855,-4.653003215789795,5.6934919357299805,-0.40991947054862976,4.843696594238281,-1.6907858848571777,6.628542423248291,,,,,,,,,,,,,,,,,,,,,,,,,,,,,,,,,,,,,,,,,,,,,,,,,,
511471,AZ,Anas platyrhynchos,Mallard,Anas platyrhynchos,44100,2,False,False,False,False,False,False,5,448.3427978515625,1.8863079501423488,1544.538866213152,0.10214247905876464,1.229331513298558,493764.66716180946,604660.7330861221,0.24828773480570732,0.49638229881554263,0.3159057766547074,0.3812094178152444,29.157646714215343,4.848548761207679,0.7902542512874484,0.03410064391791821,0.026941776648163794,0.19582936914519905,0.031746961973326146,2953.190535596053,340.9145725717679,1929.8328409176115,184.2016004978824,5080.514696465164,593.3822428367796,-105.33698425292968,26.836222457885743,58.50497970581055,10.5276309967041,-7.929092025756836,7.515705108642578,14.645955657958984,6.200514030456543,-10.447123527526855,7.225859260559082,3.9171160221099854,4.884288120269775,-2.4816712975502013,4.840714740753174,-1.4646658897399902,3.973616027832031,-1.2891698390245439,3.9925520420074463,-0.8996400207281112,3.465837335586548,-1.1758028626441956,2.976922130584717,0.7387471407651901,2.981560230255127,-0.25208328366279603,2.92338228225708,14.895543355354787,0.06595298570447128,80.04583940367631,0.028386352103348715,0.07143362411014798,241903.86322528974,284508.85405504605,0.022717823490053385,0.0557815795833946,0.04357083366846606,0.03595842746863208,8.001795622961112,0.730375241013056,0.041306279388006566,0.006643975450704277,0.008324308427821801,0.010255524540847015,0.005132707207199027,106.12119688946578,34.117896614263536,71.96146741363184,11.253041810091375,190.2623980282308,46.341483941958884,6.343985724605058,5.84409357126992,3.889123604480771,1.2711641466500294,3.4614358521908604,1.0244810879053705,1.1161683549249692,1.4051766885713777,1.5106941232946427,0.5870313341928673,1.5298994729637194,0.24996167499235616,1.823724440354094,0.800757156082639,0.8661968565521414,0.34356531777314114,0.6728371264659329,0.5019280251311622,0.817881629748351,0.45010689757639877,0.6275488457961507,0.16348810765421656,0.7595942057043326,0.19100936273234856,0.977943236084733,0.18809798398287994
527676,CA,Anas platyrhynchos,Mallard,Anas platyrhynchos,48000,1,False,False,False,False,False,False,2,467.0722198486328,1.549805139943696,1644.0208616780046,0.20914521439660538,1.676022336082981,59515.36420288908,129654.79597742742,0.25186888964958554,0.3774160266855847,0.2795954987760464,0.31064915893287537,27.969820287546725,4.396936282108032,0.758713393076156,0.012483576312661171,0.015159807167947292,0.07978995901639344,0.046913138244850994,1443.0075524003314,433.43506865069946,1515.154196352792,323.21653923015685,2352.981517353996,741.8331486012332,-284.44407653808594,79.33417129516602,73.12727737426758,27.38850975036621,-10.515693426132202,15.291918277740479,-10.732820987701416,11.209771156311035,-7.836719512939453,9.903206825256348,9.728554725646973,10.284132480621338,3.171322226524353,6.587428331375122,-1.9002056270837784,5.327688217163086,0.12007898092269897,4.561111211776733,-0.2823782116174698,4.43427038192749,0.02384170889854431,4.096379399299622,0.6294248998165131,3.424448251724243,-0.8601854890584946,3.439111590385437,34.66102873569831,0.3877035851509192,466.00293048613105,0.26223611275693265,0.887330655184335,67406.02515768871,165783.8108625415,0.009714044149314389,0.007418690574001588,0.018282565878714626,0.012303858113067915,6.8400346233102765,0.5126115685445641,0.024835540525741225,0.009875327975822367,0.014177110606448549,0.005094103027887203,0.0024397897413992098,38.93456624747779,131.12336431811116,16.371572703576234,21.959662828332245,49.6547692643304,78.70853100217559,27.79181263376994,31.166921472929115,7.540938412153903,0.007895284837848756,5.663656076492463,3.1461961550797746,3.452286125103596,2.420798990338651,0.6837742858509166,0.40123395172625415,0.3451253695902473,1.6271090953192038,2.0047888592866596,0.12294707755331111,2.140123211718686,0.7576405153763214,0.4087133736098459,0.027246757450534686,1.0335216263628384,0.26228219850681017,0.9484186887762168,0.5511207890855466,1.7289698095345751,0.7266767430619139,0.8345534773603059,0.3062617605783519
533394,CA,Phalaenoptilus nuttallii,Common Poorwill,Phalaenoptilus nuttallii,48000,2,False,False,False,False,False,False,5,387.4006652832031,1.6357206623692346,315.25552834467123,-0.2998687117761036,0.5519909738120007,1297666.7348926016,769129.572879713,0.49920755135271994,0.7151639067903478,0.577605944496212,0.40568312362811565,62.53141753902744,6.9021544067755,0.9326501896093689,0.05652028247714043,0.030795062892138958,0.10903034433548009,0.020315611099388474,2708.22947900107,214.96956972677896,2946.829644013783,209.91924904540852,6471.332687628074,751.9495950085613,-113.03225708007812,6.064229488372803,23.90401954650879,6.575171279907226,3.6221123695373536,3.492691898345947,1.462427055835724,3.751672697067261,-2.653692102432251,6.068711376190185,-4.50659875869751,6.645459747314453,-2.9979343891143797,4.9308751106262205,0.45334571972489357,3.9872696876525877,1.213299161195755,4.265838479995727,2.1099181056022642,4.792426109313965,3.010108470916748,4.714524650573731,1.8940524816513062,4.243272113800049,-0.28573142010718583,4.000677251815796,1.3095861861741185,0.4274260280617936,66.26796240686083,0.13934493801380868,0.1565121702906259,435608.38942009176,434301.35617376387,0.04669130607618879,0.024312928762314136,0.015905414852294464,0.023937173419845897,18.91519934541826,1.0668155807592326,0.03026490701774255,0.005643105465079378,0.013150651332778955,0.013534118786765326,0.0019451226044978778,232.05545516928336,61.612380593371185,118.11352969007888,45.27649796090955,533.2862002972923,180.92961892339727,7.037178850078315,0.949095368538871,3.0056208151644253,0.9453755845481803,1.5722085088614206,0.29834995503537814,1.119740344669973,0.2633371832958138,0.7710683549840704,0.5547316425475896,0.4806424215208624,0.44028584376905644,0.4657553827767173,0.2570941349287495,0.7234416691995493,0.2475888480953014,0.6171687053623824,0.29353392346174284,0.8630373735913062,0.33422475637998217,0.21813298883520874,0.2284675817649792,0.23421318297679125,0.2646510695781851,0.38896500957369023,0.19813575219764767
534824,TX,Geococcyx californianus,Greater Roadrunner,Geococcyx californianus,48000,2,False,False,False,False,False,False,5,378.99339599609374,2.1972242856029336,124.9189909297052,-0.8058925557802692,0.11877126428310902,52154.9028972217,1689.5976236960566,0.010868275072406952,0.2958278992592083,0.14962223361446209,0.27550486808230046,47.03910230758338,5.608528179592751,0.8819033146749689,0.008134517911821603,0.007832105434499682,0.19482216042154568,0.04937029816227757,3689.776681767001,415.98806446529017,3325.5121109306588,109.6316352478746,8061.794233478484,513.7781352682664,-214.74386596679688,11.070878791809083,3.530584192276001,2.511850452423096,-1.168817937374115,3.167792463302612,-0.8722872704267501,2.9788747310638426,1.2312097191810607,2.528098201751709,1.9422185659408568,2.6178088188171387,1.207394826412201,2.7798972129821777,0.30513911321759224,2.424319696426392,-0.44172595292329786,2.543667936325073,-0.355358661711216,2.4742766857147216,0.2803575281053782,2.1348044157028196,0.6755292594432831,2.2758833169937134,0.7292673110961914,2.073468494415283,0.9435956141843009,5.448164016052875e-07,8.68938508352676,0.19835145265407295,0.1285467516859437,51319.051853688674,178.339989651813,0.0050929523914930806,0.08040838745815615,0.058011413488008944,0.02542923390838075,9.948088266331263,0.6438119204221898,0.0916063404726376,0.003504900630343153,0.006749739599539806,0.02198028359298028,0.021276604380725688,203.07890504162378,215.79733551952557,41.477654563273546,59.38251904622379,234.15834527663122,337.00625888967306,7.943721664162486,15.500207182304939,0.40257383180763695,0.14589318482960686,0.7456948378034032,0.29317546559213337,0.5422218616184284,0.26661115467168073,0.46453288751770533,0.19854463127346,0.5298757084660666,0.25017276259751686,0.2652040980053739,0.14075592631394304,0.18387558042263402,0.4100353450974982,0.32966486517371574,0.3504193436303859,0.32977051172423183,0.20887368189282998,0.34206730061521134,0.24305336212168005,0.13861958245306702,0.3296719370474361,0.2038781725977648,0.2746135940291248
541633,CA,Streptopelia decaocto,Eurasian Collared Dove,Streptopelia decaocto,48000,1,False,False,False,False,False,False,13,400.6553133451022,2.1799465006470973,468.253221698936,-0.6917034995547315,0.47998489931651833,34159.169434393356,410.9232564244902,0.16006033507106002,0.5429155780385714,0.3449820222801595,0.30820156918630076,69.41630134774913,6.40451710564381,0.8231226526691985,0.0059253456733691,0.006571773175472537,0.2504748229485678,0.11027474957529336,3484.633707138216,894.5661857511867,2606.8784488945753,311.80707539793724,6338.351290343237,1596.8831666955498,-285.7476337139423,9.981557625990648,10.08629633830144,8.053216530726505,-15.534166702857384,8.296190958756666,5.038801605884846,6.806541699629563,1.7883039254408617,7.784570767329289,-0.8176361689200768,6.321944530193623,-1.2989845344653497,5.322407832512488,-7.263097121165349,6.266194086808425,6.410787343978882,5.614957332611084,3.419701407735164,5.106297199542706,-4.5554369779733515,4.716923970442552,0.12255186644884256,4.80068012384268,-1.101870989570251,4.530824422836304,4.329628608108624,0.02361041522021823,36.35208116504955,0.5151971566991628,1.156272129532358,30951.21586045391,226.98477341733758,0.03068597792675584,0.13153455483001283,0.08203041569563475,0.034575614310355426,69.31936885212647,2.907562901728057,0.0869574605476083,0.004234634947063513,0.0042863557770273465,0.06468982674878983,0.024579430533043355,607.7699258641061,393.2602737694715,138.90569156826646,82.6616743755426,922.9487722283571,644.4600131214822,4.138677545671854,1.1387963227709432,2.63198040010508,1.3953245659605242,3.452105296113941,1.3201155342412831,1.963570279206184,1.00008385644406,2.143966735864406,1.2813660607739656,2.800822752198869,1.1345061875788591,1.1768203378713704,0.4416212681778223,3.441484855501844,0.919557778990909,2.279588592639316,0.5151445807972191,1.7036919184927017,0.9041091125321384,1.8704630032266876,0.5860596883096167,1.5584753125541984,0.4512784403215255,1.0774136331671527,0.5271200159029817
543757,TX,Sayornis nigricans,Black Phoebe,Sayornis nigricans,48000,2,False,True,False,False,True,False,5,402.05784301757814,2.126781755318766,1000.6165260770974,0.813741988159036,13.21140907187429,573.5253490109365,7185.690242418559,0.1784219527860729,0.3781385211769047,0.26718078613800555,0.24706184470283357,35.85503669548885,4.39891144416471,0.8880005121438964,0.003958330582827329,0.002676500822417438,0.3977273766832553,0.045130707603176654,4558.479340280287,274.0188218337329,2400.5512301045137,327.62429374499226,6935.264792520492,531.5936516174108,-228.18919372558594,11.060645866394044,0.10204398036003112,6.929446411132813,-8.013099479675294,6.259681320190429,19.543536758422853,8.573598480224609,-14.17883014678955,7.115232276916504,5.4371260643005375,5.590841674804688,-1.2604535043239593,5.7514935493469235,4.32565541267395,5.932939338684082,-1.4274463891983031,4.532155513763428,2.6715566873550416,4.202416038513183,-2.209656572341919,3.9469807147979736,1.8365328788757325,3.590642309188843,-0.6651060804724693,3.300988292694092,7.7083193964069725,0.04862611058090483,52.10704770799006,0.11157840809463344,7.857508455964752,245.82725765899426,3597.7967866949057,0.04879132956857953,0.02588988447317736,0.021521316621235558,0.016210798831931616,21.897143323131075,1.2429972454383296,0.042168458995744534,0.0010104483231756546,0.00112855674300743,0.024047432439756603,0.014408008033420143,163.17712827255366,56.32519649636897,88.6070856980348,65.39138092740932,173.33341858430643,135.63851866521276,7.452034514664543,3.268126458975105,3.6469405166810676,0.6736057460774428,1.2624903374702356,1.2044734600000253,3.320851159832146,1.3235901270617312,0.8186855289674982,1.004805692744117,0.9838132699593269,0.8702251110623079,0.835496767336909,0.766250569370282,1.088501727803543,0.7780635685873272,0.5841005530950223,0.6587877255776257,0.8491290648869053,0.601614057765609,0.2466277231671146,0.6832289660499902,0.4386377751375078,0.44198030821084394,0.5885223616602758,0.5870113087086689
547258,CA,Archilochus alexandri,Black-chinned Hummingbird,Archilochus alexandri,48000,1,False,False,False,False,False,False,1,401.36114501953125,1.5735682559294764,765.7337868480726,-0.7641575307437454,0.13368560638506397,8645.997667013018,1155.8454409184837,0.3033370125379792,0.5661347564238934,0.43793143236138576,0.30544767497370573,19.423528344233578,3.807199052058018,0.5565734607265909,0.0028642036486417055,0.004790815059095621,0.19514897723946137,0.11257226245125666,3019.334123854054,856.6663226943309,2436.8133554758974,443.07588159118905,5204.781954405737,1242.815872970091,-320.8872985839844,20.584762573242188,19.115259170532227,7.840839385986328,-11.563509941101074,9.145466804504395,15.006967544555664,12.418996810913086,-13.777368545532227,12.574341773986816,-3.5963430404663086,5.46905517578125,16.36427116394043,14.980607986450195,-3.590252637863159,8.524100303649902,-1.6572378873825073,4.0879645347595215,4.057055473327637,7.128193378448486,-6.264403820037842,7.282932758331299,-3.4061498641967773,4.473295211791992,5.886041641235352,5.506385326385498,,,,,,,,,,,,,,,,,,,,,,,,,,,,,,,,,,,,,,,,,,,,,,,,,,
551487,CA,Columbina inca,Inca Dove,Columbina inca,48000,2,False,False,False,False,False,False,1,386.9453125,1.1504320611131467,718.4030839002268,-0.8606567444675388,0.07488928624088426,214244.7529181683,16044.636626896228,0.6490841301033263,0.9887403849421504,0.9070816704420153,0.3101059779942279,190.7534723962127,10.749353994924563,0.6986536796615342,0.01357347797602415,0.02276024781167507,0.21207072416569087,0.06851179518948264,3072.127903444589,663.305307831398,2393.6531059309805,297.97884592180026,5599.011030353484,1351.4822843258548,-193.9166259765625,6.317381858825684,34.96129608154297,4.554162979125977,-11.393765449523926,4.502691745758057,4.350945472717285,3.40167498588562,-1.3416690826416016,3.2854344844818115,2.001380681991577,2.847585439682007,-0.22586332261562347,3.1705055236816406,0.2911554276943207,3.1528396606445312,0.20576417446136475,3.239197254180908,0.2347327023744583,2.56364369392395,0.6174033880233765,2.349728584289551,-0.122573621571064,2.6402268409729004,-0.08149439841508865,2.551732301712036,,,,,,,,,,,,,,,,,,,,,,,,,,,,,,,,,,,,,,,,,,,,,,,,,,
552939,CA,Aeronautes saxatalis,White-throated Swift,Aeronautes saxatalis,48000,1,False,False,False,False,False,False,1,560.91748046875,2.1152624207067765,676.8422675736962,0.9948945671118956,390.7395534979864,608.4261604258323,237736.16626128397,0.2034340405182563,0.5231575327168025,0.2513402809398313,0.3424677081568127,37.81064166889392,5.367949833578537,0.4828230441074463,0.009841644205152988,0.02597569301724434,0.31031245425936765,0.05740406344126523,4238.265656585826,480.8066979835022,3077.0944306552356,647.4445583712894,8193.509861680328,1194.581552238501,-241.91470336914062,58.21398162841797,13.746138572692871,17.95720100402832,6.265182971954346,18.4825382232666,3.4891762733459473,7.335897445678711,-1.4929033517837524,6.011682987213135,0.8812194466590881,7.265242576599121,2.34312105178833,5.337327480316162,-1.4357757568359375,6.029162406921387,-0.21907322108745575,4.019954681396484,0.9291109442710876,3.5688889026641846,0.17094849050045013,3.16519832611084,0.2580384612083435,3.4757165908813477,-0.1546812802553177,3.4914631843566895,,,,,,,,,,,,,,,,,,,,,,,,,,,,,,,,,,,,,,,,,,,,,,,,,,
56210,TX,Dryobates pubescens,Downy Woodpecker,Dryobates pubescens,44100,1,False,False,True,False,True,False,3,390.86292521158856,2.1846465092116936,611.1744520030235,-0.9043844457444322,0.05068463081412197,7214777.665178996,352820.190373515,0.14685919826219673,0.529737703250435,0.364542751925882,0.5250815589251617,212.94327108350657,13.402823824655512,0.9854400816718861,0.15530244509379068,0.017118242879708607,0.08335963419691646,0.047064698723432837,2149.604788378414,559.0812167137768,2835.399159993136,241.58351604379882,5639.312243852459,736.2440653442754,-102.78037516276042,11.090305964152018,7.710250814755757,8.562553405761719,14.05668036142985,4.490085522333781,14.25252374013265,4.110081513722737,-4.6712396542231245,4.813610235850017,7.526182492574056,4.040235996246338,5.291014194488525,6.8192973136901855,-6.2236067454020185,6.16751495997111,12.58263111114502,4.501576026280721,-5.563701629638672,3.6204280853271484,-1.3479796846707661,3.1402851740519204,5.428781032562256,3.0491220156351724,-2.1119517882665,4.045389890670776,4.0986443659098715,0.012491983380419144,70.15185054636979,0.04930655748655817,0.027607060054877192,699738.4198401287,152780.9163966173,0.020951559016079015,0.05066460644312568,0.04243022619829151,0.032091502780867635,76.75745904861283,2.852113795447672,0.0013060347263390173,0.00573450726158706,0.0002140082636341873,0.027882699867457443,0.005458376893373229,328.63777125713796,43.376577015034876,111.53295654645497,9.759224924920836,318.2398381754206,7.388540676714402,7.239927196442646,1.1174561630939934,5.537519031811235,0.6425971423390072,3.5016493402603945,0.945372623721183,1.3031576657054489,0.4819240375810941,2.592636742391384,0.5833918073991505,1.9448634676478513,0.48706547478055107,1.4276829727952227,0.362666706873934,1.8480275818853917,0.794959757625314,2.4127742930966294,0.6822920181927722,1.3853682315848537,0.3662659882413689,0.371641557432748,0.07955103109563379,1.8279362556017882,0.13158194163024492,1.8347691230937473,0.5803524666477345
562113,CA,Columbina inca,Inca Dove,Columbina inca,48000,2,False,False,False,False,False,False,3,400.63889567057294,2.0956839234307583,699.7037188208616,-0.47653241351794257,0.9142119453555545,141852.70164336803,111712.46049472284,0.25565417581077515,0.6903443910824092,0.4631849774705681,0.43642169301102823,228.52824461154373,13.151240926012669,0.8135736256080642,0.019163633075853188,0.019476027848819893,0.13512811951112413,0.05289228343516839,2616.8841751794757,610.7186914600387,2549.054585827654,370.4166869484757,5334.132460297132,1437.9968769836532,-192.86893208821616,22.364643891652424,28.141703923543293,7.17966890335083,-4.447992627819379,9.607853333155314,6.645372231801351,3.4319103558858237,0.175583283106486,3.9680448373158774,2.850776751836141,3.527818520863851,1.2024422486623128,3.012731949488322,1.0089746514956157,3.1517931620279946,1.728147029876709,3.496692736943563,0.5134920279184977,3.1782493591308594,1.5269428491592407,2.6820228894551597,-0.7383604347705841,2.5914008617401123,1.4113926887512207,3.4681212107340493,32.68184597962634,0.018403563366596386,318.1158020565717,0.8087209086860739,1.532911545662966,34830.19769805421,186210.83919140464,0.09433969938694226,0.27841650073047103,0.2545554268951399,0.06532583566918412,97.17395364282817,3.02882830315962,0.043483696181300185,0.0057553752418550335,0.007302583477185557,0.026369759194107868,0.026312945520021273,276.3833552113099,73.48934280674312,46.93281202371856,38.22116508439651,315.96316562371396,330.2974098363221,20.38788750558967,28.951315957849317,3.9328530352192104,5.250005797271487,7.603615486451954,9.600705554996706,0.7626050876536299,0.5021366108713887,1.64318265648517,1.206479885400388,0.16016267693919528,0.880687578546174,0.052981822716956374,0.059767667387890605,0.1586264608302613,0.2632489245967202,0.592653609634809,0.7611787330615579,1.5425023335797512,0.996314577238748,0.1487199958160691,0.22324470526975695,0.4913570617634138,0.349153903962207,1.48313893021053,2.1099382214000553
565888,TX,Laterallus jamaicensis,Black Rail,Laterallus jamaicensis,44100,2,False,False,False,False,False,False,5,429.90186767578126,1.923266753071961,888.0762448979592,-0.9930177573612987,0.0035111158259094723,758625.937664056,1444.9757069287482,0.26033858213068983,0.4868901996459938,0.3513153188959781,0.3046551304256672,40.63716590153241,5.087375525734739,0.7767016381977141,0.03475871048867703,0.029926908388733863,0.023703710480093676,0.025841199545270265,940.7068465469292,524.9904612130847,1835.9599728606638,554.9068201493832,1859.8131723872953,1646.1069193000062,-287.2945922851562,18.55568332672119,27.35153274536133,10.820575523376466,3.2732910394668577,8.019680500030518,-0.7876897692680359,6.60279426574707,1.7271455824375153,6.2819504737854,-7.599348068237305,6.678965854644775,0.2516328811645508,6.852730083465576,-0.8746792159974575,5.685456371307373,-3.6915570974349974,5.004356908798218,6.946295833587646,4.541327428817749,-4.984898567199707,3.280073070526123,4.0387232303619385,4.580653476715088,-1.742415761947632,4.623649549484253,32.82232168623005,0.11937790584461104,42.60908414609454,0.006193810001442714,0.003122789800973024,642822.551185515,812.0124155408317,0.07841581610374149,0.11409374194195444,0.12291409129775056,0.023613525222998786,23.847850676760366,1.4468315510760221,0.02651894086218871,0.017272336857170875,0.012222797323867081,0.008371784170167495,0.01452116144028586,285.3844721137417,107.18687101455103,308.0268024226238,18.017534661252675,793.2419281775075,341.69601439570584,5.186974642896792,9.783196272612251,2.3542640888956745,1.3195876564829003,2.1395151479997185,0.8877239268469271,1.9615793207510954,1.5220226619678325,1.3310702003239445,1.0853682880569162,1.957033045121319,1.9237276743149316,1.0538601494948416,1.1858216012762959,0.9056237664029452,0.6546216211167104,1.6716228481207709,1.4857638021900175,0.4849409521539337,0.8949539936063969,1.154492519081172,0.46623991458467623,1.327937730555636,1.0530364161672836,0.6386646635290218,1.026704671325455
567440,AZ,Oxyura jamaicensis,Ruddy Duck,Oxyura jamaicensis,44100,2,False,False,False,False,False,False,4,457.1142883300781,1.764984050933053,1692.4657596371883,-0.17303189175673317,0.7120504369701273,99596.9040667239,68774.01889925779,0.14521194143105653,0.4605061790568201,0.23332673728842693,0.27569179191234355,33.5926656404447,4.777500593626888,0.8693461025589221,0.020084639079868793,0.007826548186130822,0.13892058968823184,0.054446223471516925,2338.1275633425853,448.02449531585256,1958.6726003981798,224.70701945435866,4275.072041495901,547.6534107446154,-180.6137924194336,39.44371700286865,40.729281425476074,17.596203327178955,-34.837103843688965,12.338010549545288,21.12712335586548,15.092812299728394,-2.185569316148758,11.677810192108154,-7.646115064620972,8.710999250411987,0.03826518356800079,7.219926476478577,5.549520373344421,6.187316298484802,-1.4822245985269547,6.054992079734802,2.1924414932727814,5.39523446559906,0.3757504304521717,4.23850554227829,1.2168188132345676,4.542015969753265,-1.8414184860885143,4.7303420305252075,6.247622357950294,0.0860918968802516,26.634499859700387,0.08898721187204947,0.12436546485833837,26167.698875103004,9205.583587835115,0.016917182690108692,0.14997263166804947,0.04966174118917176,0.013224975141086065,8.997279858997004,0.7309942210693365,0.02758706393030928,0.002096799282181963,0.00021475451177469006,0.00841335513557699,0.0018867761617657177,108.19502426675575,16.122242524266007,37.07812280744809,12.991037757081,86.17792257916551,67.71903262930527,7.633182032434862,7.723319023152864,4.380828863904086,0.7907963008603205,1.7257080303056604,1.208547516955656,5.134964674894499,1.5168742509627766,3.0412815574657364,1.6381251272809298,2.0738336292089836,1.0718533032805986,0.9851280548943129,0.9608699549250852,1.482389714801846,0.2267560442253646,1.9770576615529443,0.8989351668659036,0.2896947902730789,0.601660903763461,0.306971551690321,0.49747006308672065,1.1378613085639908,0.4529500777902257,1.69856993738106,0.609287351251289
572270,CA,Coturnicops noveboracensis,Yellow Rail,Coturnicops noveboracensis,44100,1,False,False,False,False,False,False,4,456.77935791015625,2.1965292958744675,438.70311224489797,0.18460653878334024,8.510148220050269,38581.76178136007,21993.933829257745,0.23635211078798338,0.35232881211003264,0.23908786722419012,0.27453600991866395,59.757155385663424,6.134407521912177,0.5852157176770294,0.007742685615085065,0.010075958212837577,0.39950440024882905,0.06006669966672001,4590.771161554924,614.2333172744815,2645.37619435072,506.1255815162665,7583.293176869876,1584.4004201897174,-210.87431716918945,23.091221809387207,6.1054757833480835,6.26430082321167,-9.084488868713379,12.280586004257202,6.886803030967712,7.702416777610779,-5.1939698457717896,7.968119263648987,-7.515737891197205,9.694481372833252,2.0023571252822876,3.398755133152008,-1.7586771994829178,2.9457331895828247,0.2938643507659435,3.285528600215912,6.214768707752228,7.0444031953811646,0.46570540126413107,2.4823977947235107,-1.585461676120758,2.643110513687134,2.763481318950653,3.9722169637680054,17.043417515800193,0.0007344056749502248,76.45516277648278,0.805544444411954,9.913619813770707,44671.405793485574,7370.020164751348,0.03502412204118928,0.07087621746254817,0.04005943211943496,0.029656510734072408,32.167038788542264,1.8391931980379215,0.07515586549413497,0.002870512776510342,0.005284634387413128,0.02853010648677484,0.04536857910182985,258.3925537260249,387.38416899423953,129.34819047308648,60.505888585834974,520.1618395616061,392.72317770248964,5.23314531673261,3.748042100784269,1.6080186995624859,4.520580848665863,2.7770113838163835,1.731034427816068,1.8022518395345555,0.9687386145336611,1.4374259552036122,0.9707464623613545,2.0835934239968283,1.0096592084562315,1.1846329199648258,0.9249195383491812,0.8109259491672051,0.5857923043475821,0.46961870307763,0.605237466335687,2.252886841831897,0.7373875727457354,0.6622181425121944,0.27697290032885735,0.5274313238572331,0.2922688953330005,0.8751357600546094,0.45981191703482754
574647,CA,Colinus virginianus,Northern Bobwhite,Colinus virginianus,44100,2,False,False,False,False,False,False,2,434.01983642578125,1.6314837806190798,835.2861224489795,-0.18295008845188432,0.694528421772463,895357.7981124613,633124.9679266912,0.4055605169216164,0.5878909850721232,0.42411161464161246,0.4043745762280937,130.51814095078072,10.072929039508033,0.8502943752779004,0.046458348631858826,0.033313785679638386,0.06853719170813817,0.03967632926622541,2022.2363314232446,363.52421489638914,2473.9437138765697,337.5531451584964,4753.757164126537,1120.4275520088208,-164.63568878173828,26.651076316833496,24.51997947692871,12.787276268005371,0.5448305271565914,8.531524419784546,10.679967880249023,12.185681343078613,-7.531795978546143,8.349425077438354,-3.780611515045166,11.007972240447998,-1.7891193628311157,9.973841190338135,2.35019588470459,5.928215980529785,0.01280568540096283,7.373370409011841,1.9609404802322388,6.494115829467773,1.7319607734680176,3.8932032585144043,0.6452019810676575,3.962395191192627,-2.7957684993743896,4.895213603973389,3.280036338511817,0.1727112072161222,157.93161010881832,0.07963857246540473,0.11407905188005171,197644.16509753905,239411.0587598102,0.08919120028645895,0.15354456961983406,0.10222775545912134,0.048733342427696724,35.13989946413662,1.600919674330649,0.05193050898976874,0.0050749336393331335,0.009952102411652008,0.000856294461354373,0.0010423067074476664,3.0965768975334713,19.759817149980154,7.7667175954269325,47.21151349531308,20.058030672305954,76.79879959885994,5.45311436074199,0.3089047051547731,1.3323718004102767,4.787071422647,0.904624156637994,2.0311372145143363,0.2838485723024406,1.1709810650436328,1.5761592874409305,1.9469649004162595,1.2088599550869197,0.8710728575846012,0.7688719761548984,1.3220657158376048,0.40205834408312724,0.17992995391482794,0.12935238700260274,1.16077916748048,0.45431655872657284,0.030169051338886036,0.14026049715940425,0.1320410187628097,0.1430202727998976,0.38125364813378565,0.06186752751653539,1.8480273651730583
574653,CA,Aythya affinis,Lesser Scaup,Aythya affinis,44100,1,False,False,False,False,False,False,1,440.71746826171875,1.9104643454972723,1184.7510204081632,-0.9550597075550156,0.022986659830039825,183589.60757234707,4220.111857596045,0.14228101674995763,0.5313118738428364,0.2999642756982216,0.2838592576612752,96.52345091950964,7.493194491951225,0.9146015339412368,0.02114618942141533,0.010437551885843277,0.03449529786299766,0.03301403766192999,1535.94699289921,637.5894326868067,2078.961535993413,330.3538227432474,3571.88940829918,1459.7627899174724,-254.52719116210938,36.87503433227539,28.15721893310547,17.670610427856445,-19.19463539123535,17.653837203979492,12.176222801208496,8.966649055480957,-7.8570027351379395,10.852642059326172,4.014353275299072,7.331315040588379,-1.6715279817581177,6.685943126678467,-0.9432337284088135,7.226622581481934,7.647355556488037,6.011871814727783,1.281046986579895,4.196505546569824,1.1550242900848389,4.624377727508545,3.309262990951538,4.638543605804443,-2.727357864379883,4.008659839630127,,,,,,,,,,,,,,,,,,,,,,,,,,,,,,,,,,,,,,,,,,,,,,,,,,
576684,TX,Buteo plagiatus,Grey Hawk,Buteo plagiatus,44100,2,False,False,False,False,False,False,2,451.76792907714844,1.825283936635036,506.0597278911565,0.9390675800507762,31.824955664873876,10571.368244913174,336343.49790220265,0.30949535183328697,0.5808572228478976,0.3163332195557642,0.43004973194114354,53.34012135959469,6.8079402277347985,0.5525134817257868,0.012413590680807829,0.03068387322127819,0.29001790745755274,0.03381982476167668,4120.802472999509,317.3099796834633,2917.0775189397145,256.1422278179793,7991.100273757684,528.5142298821104,-178.8350601196289,19.212162017822266,22.50570297241211,9.772144317626953,3.8348804712295532,5.411710739135742,5.920410394668579,3.621549367904663,2.459433376789093,4.50846529006958,-3.8706138134002686,5.113004207611084,4.655556678771973,7.354082345962524,4.067849278450012,5.904874563217163,-2.7397528886795044,5.510030269622803,-0.29859097488224506,4.124229550361633,2.774901032447815,3.2195377349853516,-1.2947301268577576,4.452582836151123,-1.5026535987854004,7.201370716094971,2.5530982849891357,0.11703273973331958,17.947364224891817,0.0006213254116275168,0.3347147398236238,536.7424766655524,13543.412751660004,0.02976990518768809,0.0939494220544301,0.01051025838554949,0.0024946472765813798,0.5874752150106358,0.03382252809263769,0.0025188692546101858,0.0005585056703195724,0.0005072004433361627,0.02094646649800285,0.0036365009749221968,155.2023020674787,26.21590884211041,28.373242460531607,10.982717350358932,180.73622837792442,46.43057009970054,1.8289115777372453,0.15975880939230214,3.05876066338259,0.4263238020573953,0.16085412169140326,0.12968349264450432,1.2742856881421387,0.43602027461320564,1.203255351465638,0.11197777017247179,0.4931245338984338,0.2788105066188424,0.003377142677480917,0.09292233702372638,0.14901827510517995,0.20545172514950874,0.6142891369345223,0.013402023476888127,0.5075244024530636,0.2658891258023725,0.16517973704777333,0.3088804285700308,0.7648787308458853,0.2954730102965333,0.5874323221264103,0.4694113682270525
578134,CA,Phasianus colchicus,Common Pheasant,Phasianus colchicus,48000,1,False,False,False,False,False,False,6,422.69471740722656,1.9267031680748827,984.5735525321239,-0.20684076159966638,0.8071217508514371,61175.10865188363,107953.2172399157,0.19629421527040272,0.4093779237112387,0.2536692036370182,0.30918459095772316,29.549933146975203,4.5594728005866845,0.8428551766161587,0.0060225927154533565,0.00935639139788691,0.13054109643345044,0.03990257742466468,2305.9492865840066,291.4352295087857,2249.013895732544,249.7850632247361,4398.018058401639,681.3454505222171,-258.09254455566406,27.475238641103108,45.933615366617836,11.624679009119669,-10.690019289652506,10.128766854604086,7.26846977074941,7.698105891545613,1.4760222832361858,6.07251222928365,-4.187438825766246,5.081007798512776,-4.06269375483195,5.4850936730702715,-0.016747680803140003,4.864339868227641,1.7251304195572932,4.291977047920227,1.0382536152998607,4.008933504422505,0.3786657353242238,3.539907693862915,-1.0635542770226796,3.298702875773112,0.27735978613297146,3.8549064795176187,30.470969602113612,0.3253069714592632,313.23004672516436,0.3374335625388226,0.6547835664565553,109680.6017646284,216221.23953353733,0.07900517575120991,0.12543245059771016,0.08735511869899532,0.017942379145213284,11.1651562606362,0.7754812028272581,0.20546413334628308,0.0069324525400462165,0.015148690625946608,0.02015180396664398,0.012098366629909508,156.7556303750895,67.3765711274341,60.32230877865901,110.36818133320325,236.92752490011256,110.77376200948844,17.433446778627314,27.300436558818717,2.5565357135883766,4.277390479112003,4.1019293018253125,2.183564718780942,3.5001486852507595,1.8129809871936864,3.819148270111607,1.1954838326121435,1.878249619036092,0.7552423591691267,3.488981929260124,0.94371334878546,1.6087328822324938,1.0552350980984913,0.9947907304355924,0.3497945831806574,0.9333512366875133,0.2944939693969644,0.6321506476981844,0.38931581920181535,0.409988615101246,0.40280557818492624,1.1479429437558442,1.163295611204076
57994,TX,Buteo platypterus,Broad-winged Hawk,Buteo platypterus,48000,1,False,False,False,False,False,False,12,409.0296045939128,1.9465058322504518,1386.0432350718065,-0.16146517864363338,2.149277135664447,50004.43012052396,75012.85824739342,0.33917263668676734,0.6114122658708372,0.43366181849281893,0.3723540747547238,68.99939648948639,6.942142413107337,0.8135786600494453,0.013214437291026115,0.010857618569085995,0.14826120797960576,0.06713816398764379,2592.456362048387,443.4917112046035,2557.6894285143812,168.56021479115537,5526.449935162654,666.7524529157841,-189.66911697387695,10.87640106678009,24.129165291786194,7.527676582336426,-5.132880469163259,6.526288191477458,10.028430898984274,5.221297840277354,4.457960247993469,4.511273602644603,0.9273486211895943,6.846782644589742,-2.3662278254826865,6.322223623593648,-1.6957198555270832,4.968423942724864,-1.4156548008322716,3.5420391956965127,2.450244148572286,3.7842918634414673,-1.7588877528905869,3.31445320447286,2.1794747710227966,3.325937867164612,-1.0610493049025536,4.532008906205495,9.065289936412547,0.17595495449727722,280.4581140693025,0.5573969554752475,3.547199620857626,44327.08353278785,117023.59689943184,0.12937341072095898,0.11173806572490072,0.09428904736183726,0.07755287499721476,35.20522050360739,1.9076182780038213,0.10177708493209356,0.00539274163820771,0.008985085832323617,0.02901866308480403,0.030614148716792102,266.6172883111914,158.81666737982295,72.6625715897641,40.276118129865836,377.48952726032775,222.4743195060514,7.336419309167266,3.6432285193111604,10.977465921418352,1.8867309673381452,7.264919512198918,1.2006896226752617,3.365089986300327,1.3457316018675083,1.9302101040551876,0.6573218035421647,1.7634618603086125,1.8607635360121617,2.104309999101753,1.8297553286792798,1.96089134154895,1.0363034391652928,1.0164174654387204,0.48719387417970583,0.9356304801685266,0.6846561185218736,0.7302796973758187,0.571959683649229,0.878342873384354,0.6529818471935067,0.7572871177696405,1.4639626833610593
583806,AZ,Anas diazi,Mexican Duck,Anas diazi,48000,1,False,True,False,False,True,False,9,436.8778008355035,1.8878780029265367,954.1991887125221,0.1082248992139214,1.383743606606739,2686.5796856886654,4501.172399978437,0.21743392663847716,0.3585003814828113,0.23222577519443652,0.28811744428028874,36.93454843689309,5.0172232371798735,0.7302656594956495,0.0021582245179969403,0.002713849295913759,0.17029046826209993,0.07953837548506276,2846.8063410717327,614.1284385553079,2510.351263564127,537.609335114762,5503.4984150870905,1280.2728255774641,-311.3884853786892,40.98736360337999,27.42777220408122,25.889292187160915,-9.405484358469645,12.193315929836697,4.48861610227161,15.889630105760363,-9.853918075561523,8.741133160061306,-2.371338506539663,6.035612159305149,1.2622121936745114,5.8079161114162865,-2.013494338426325,4.804529852337307,0.8847697708341811,4.069276226891412,3.398846811718411,3.6010956499311657,1.9842170476913452,3.703501515918308,0.6842204862170749,3.6345216168297663,-0.8648440904087491,3.444444629881117,21.853896994093343,0.1983466295803533,227.03898155959413,0.25537639870725976,0.5640163753407227,2650.267354384409,4922.567540963573,0.06297306165829851,0.052476248339970055,0.055273600027623104,0.020474687187873326,15.777907835717427,1.1080993213969572,0.1251233557308618,0.0009504560465133684,0.0019569281929850426,0.03187821603045668,0.019251195105080863,228.05299994428475,79.97845477220476,94.57855460362691,105.24911547844516,209.06862300653157,308.07870468390087,18.500091858744348,13.389128302722055,7.894632620139674,5.56256132548901,5.560242630212162,3.1408515396389176,6.223250378322587,2.0504370867736217,1.2570632254841485,1.4469425997213476,1.4526318323854237,1.0754356755805388,1.352976439287201,0.4815001527579832,1.2481817301113558,0.6670829953675382,0.9162058828921735,0.5672583717637526,0.7405490605519438,0.3853446936661813,0.6056975290756182,0.5542221894090624,0.6361460793875053,0.8454536526482425,0.5875067826496495,0.5339586372024542
583809,AZ,Aythya collaris,Ring-necked Duck,Aythya collaris,48000,1,False,False,False,False,False,False,1,414.124755859375,2.1652688893301812,1126.8709297052155,-0.00868988475992526,0.9827699575633327,20795.19975751076,20436.897583209877,0.12314446743603058,0.3093791153091462,0.15216207783533875,0.31126870385658056,20.135961114186145,3.8638686868265175,0.8001124721826355,0.009231003932654858,0.007449483033269644,0.22865162279781878,0.04949081909183116,3165.297878053592,471.0479357663583,2403.129970946494,170.72321478298016,5813.567418860109,593.0815727064235,-175.73948669433594,41.53692626953125,28.686660766601562,12.79520320892334,-11.15392017364502,7.431317329406738,10.861749649047852,4.62501859664917,-8.268638610839844,4.466179370880127,3.728208303451538,5.001521110534668,-1.9372239112854004,4.641936302185059,-2.8543214797973633,5.989655017852783,0.6035826206207275,3.8451199531555176,5.185696601867676,3.2381322383880615,4.091655731201172,4.610002040863037,-0.8970619440078735,3.050783395767212,-1.5960707664489746,3.968601703643799,,,,,,,,,,,,,,,,,,,,,,,,,,,,,,,,,,,,,,,,,,,,,,,,,,
584999,CA,Callipepla californica,California Quail,Callipepla californica,48000,1,False,False,False,False,False,False,8,477.4097328186035,1.6845231452917961,617.8729988662132,0.33137401361642216,3.5619074276076823,166295.5261739496,321511.6171235154,0.3375762281684774,0.5776107129924477,0.40277111933115345,0.2812228541386028,37.13020535686494,4.939041058646813,0.6634599308949063,0.016931682359427214,0.026708105229772627,0.28415967597336067,0.07308186843590682,3767.7438620472158,713.9762004834895,2724.4387166945507,554.9234442834078,6911.048764088115,1819.534827098443,-186.33209609985352,29.507416248321533,22.669126510620117,17.1372047662735,-1.9905211050063372,13.575193107128143,0.9099812209606171,11.723151206970215,-2.9182826951146126,9.351839244365692,0.49376749247312546,7.022732436656952,1.0054763741791248,7.628285825252533,0.8277109758928418,7.119166254997253,-0.8535502925515175,7.211463570594788,-0.8914007432758808,5.278806567192078,0.5042586200870574,5.377611875534058,0.20240758795989677,5.9027058482170105,-0.6728285802528262,5.726192831993103,19.407672362842128,0.15008245981864365,86.74964629179648,0.2595624349224438,5.120734924533832,112916.44586761836,195048.49451509598,0.05485963165486889,0.08777926374576446,0.0741266598977682,0.024535047492854727,18.429012324332373,1.3029878164026312,0.07389756531302834,0.006783210668395305,0.007889035545895724,0.023256730950823996,0.01367897761811085,228.82627090816217,122.5471133605757,147.08532485489772,63.85941129559114,501.38384969195783,292.41184750562564,10.18565321246125,7.031893971896878,5.922598674424738,2.4683739835197946,3.8648116272153428,2.59033224997588,4.626160999343627,1.832388952392426,2.7486420686852853,1.4041112242015763,2.1508005736462374,1.4299212091224898,1.0585410560291653,1.8461925449101406,0.9202787539955398,1.6813987695397012,1.0806481127723113,2.126282101560027,0.9270571332220828,1.1649724854458292,0.7397025520061928,1.2032390928762313,0.27220209785561517,1.1102429452747267,0.7792047568074172,1.3228287250401762
585126,CA,Selasphorus platycercus,Broad-tailed Hummingbird,Selasphorus platycercus,44100,1,False,False,False,False,False,False,1,544.740966796875,0.6192414095152017,1859.2344671201813,0.9996385863468259,5532.825251023672,89.68272374427056,496198.8385128804,0.38389441497787125,0.4890665399108819,0.3982983203457726,0.32284455944870494,19.365357218277307,3.881787656616297,0.6063212394543896,0.01811520755290985,0.039032161235809326,0.39881917537061995,0.1835607097672346,4648.3912499968565,1767.000809884334,1653.5938804912246,918.1139567508276,5758.709831957547,1870.9193462098287,-360.3707580566406,23.011350631713867,-2.578122615814209,21.172447204589844,15.458894729614258,15.916690826416016,6.577656269073486,10.213029861450195,-10.123822212219238,16.137786865234375,15.401082992553711,15.872617721557617,-19.33954429626465,16.379093170166016,6.536271572113037,14.264662742614746,-3.8541793823242188,12.015556335449219,-7.926697254180908,10.528104782104492,11.060338020324707,11.858796119689941,-11.051697731018066,12.029038429260254,8.132318496704102,11.419057846069336,,,,,,,,,,,,,,,,,,,,,,,,,,,,,,,,,,,,,,,,,,,,,,,,,,
585340,CA,Patagioenas fasciata,Band-tailed Pigeon,Patagioenas fasciata,48000,1,False,False,False,False,False,False,1,393.7218322753906,2.197209227325385,213.2439909297052,-0.9629169090808983,0.018891829168900007,346763.38752136804,6550.994679082758,0.04149300332636896,0.3805542002744018,0.23741457142772127,0.2400088048979313,24.232174610038513,3.733044204130373,0.7956651011800305,0.022599436342716217,0.025393133983016014,0.22867343018149883,0.13530885485328156,3586.9572732380584,1025.728969821757,3049.744458553542,216.96209448216254,7448.04247246414,1338.5583135176973,-187.53909301757812,39.03636932373047,8.363245964050293,6.211086273193359,-2.109361410140991,6.469697952270508,1.360144019126892,4.65334939956665,2.0274548530578613,4.716381072998047,0.091409832239151,4.149900913238525,-0.9912434816360474,3.8842921257019043,1.1241127252578735,3.075063705444336,-0.2810995578765869,4.145020008087158,0.5884518027305603,2.5966670513153076,-0.14055047929286957,3.182770252227783,-1.5343648195266724,3.3343594074249268,1.4792637825012207,2.9323477745056152,,,,,,,,,,,,,,,,,,,,,,,,,,,,,,,,,,,,,,,,,,,,,,,,,,
608776,AZ,Chordeiles minor,Common Nighthawk,Chordeiles minor,48000,1,False,True,False,False,True,False,5,419.0876525878906,1.5588010914347996,819.7025668934241,0.8392489269057954,65.13840820711557,1652.0006878624615,26178.124144383488,0.28816993520938305,0.4484453359575961,0.3133208690815885,0.29946806795637243,46.74042682250172,5.705592512087856,0.6211146444854002,0.003984241653233767,0.007941281143575906,0.22944347372658083,0.05793604477436851,3460.217774945141,329.87660278028636,2652.4426760754095,632.87061773694,6569.371798155737,1240.0669155239252,-283.7918762207031,27.261991882324217,17.60191478729248,9.213982677459716,-10.26038122177124,21.462059783935548,10.68167610168457,12.56639747619629,5.8101420402526855,10.845781326293945,-1.7449907779693603,9.755019760131836,-0.747156773507595,7.310848140716553,0.20313885249197483,7.5987225532531735,-1.9614189267158508,5.861327362060547,3.0874160289764405,4.280240297317505,4.534982776641845,4.305573129653931,0.2448373906314373,4.108076810836792,0.28878270983695986,2.9914741039276125,8.732815692215807,0.10587789897334811,96.85288164684196,0.1986662471268396,60.023913414779365,2270.532466442649,21321.980139487358,0.018465032250022172,0.050133972775213025,0.02022358020549446,0.02149922458901916,7.106443533531053,0.7134528355911375,0.044765999387599106,0.001310268348182025,0.0034749572499046693,0.031397116746271825,0.009488679457671437,231.28596706076058,155.38189598422895,100.89496966289735,57.53118025755902,309.2756140457865,64.28401198015257,5.692653894285022,3.8287177965788435,4.213924178354367,1.4973263636649394,3.6306468373484764,2.527994815282054,1.746293477493863,1.1666270807233656,1.4170821882592952,1.2896025787655754,0.8972360903993434,0.8238730882942403,0.6981777621975035,1.1137736191914502,1.2828541571084304,0.957568012556679,0.9798652607644308,0.8030476728773712,0.38704701127173824,0.3237927184086496,0.8090297274921632,0.377661387174319,0.5865398826499467,0.40829135658871696,0.49882340817078635,0.3308278091820569
608781,AZ,Chordeiles minor,Common Nighthawk,Chordeiles minor,48000,1,False,False,False,False,False,False,8,455.4364013671875,1.7156578046744184,1022.5289569160998,0.9675862104232016,143.65681731708383,472.5195946315808,73263.85724350523,0.24560224951480858,0.3833629986653928,0.2584558621986509,0.27911352218104035,23.274165352241056,4.008316577368974,0.63935131910322,0.006267151155043393,0.011673671077005565,0.24146050982508782,0.05797983614084695,3477.738276007348,310.6665870710575,2435.8823753684565,762.4054238063547,6253.397256819928,1433.1407168837493,-272.68055725097656,40.45759057998657,17.219816207885742,13.232362627983093,-19.20477521419525,27.725764989852905,8.990228295326233,14.135663151741028,8.523622155189514,11.388516306877136,-1.7978147715330124,11.27482557296753,-4.240781843662262,8.578291416168213,-0.05766152311116457,7.952486455440521,-1.2337790429592133,5.73822945356369,3.221387654542923,5.884854733943939,3.4770046770572662,4.064972013235092,0.21078747557476163,4.50736266374588,-0.2785222257953137,3.4525333642959595,11.70090708336466,0.10474053669613076,113.96637990706809,0.03287869316773217,127.25818337402521,193.9410028297079,99994.88397069671,0.024548971782581638,0.032411049906690664,0.03635746353121491,0.009836386613208428,5.632957096835669,0.4725922599225748,0.08946346640312058,0.002335854215704467,0.008150085276551531,0.01148051319599599,0.009588757221600613,51.16424504973674,64.6700498500463,132.8948368210498,65.60189732660342,226.03975239257707,112.90026897157391,5.999586556985102,4.653407005632785,1.682559557242317,1.9494445056837342,4.877952215176096,2.4109454119863183,2.6412822327995085,1.152952525290429,1.9130325769218917,1.9479143529759964,2.0233196118616257,1.2729958559732955,1.841221218226412,0.8983771485353708,1.1221562716540392,0.8775936494386196,1.040017185364722,0.4330336543468485,0.9186926010233779,1.0957865442053545,0.29144188675188754,0.30390488139528443,0.4385668536426199,0.445947807426393,0.39850781816153885,0.37883022099851255
611001,AZ,Geococcyx californianus,Greater Roadrunner,Geococcyx californianus,48000,1,False,False,False,False,False,False,64,432.74705743789673,1.9664346922590634,576.3281434240363,0.41238942705196957,52.509607081963196,1574.070041250924,88760.82305575507,0.27157427743186,0.5411563552745855,0.3566274799431733,0.2818529004617001,50.05980528936395,5.469324066150699,0.8090449684706925,0.00481711537213414,0.006276566246697257,0.29630631529475265,0.07976674441669188,4075.2461544695566,560.3528934303807,2657.440617931491,424.04619158072296,7178.503943271325,1127.7606191017974,-279.45595955848694,16.932944878935814,12.347550914622843,11.388823606073856,-10.480412079952657,13.93759673088789,1.7162275414448231,11.375778704881668,-2.3531033449980896,9.152883600443602,-1.718294310150668,9.072103075683117,0.4133332452038303,7.569396652281284,0.9931941147660837,6.645925682038069,0.7587694532121532,6.344958823174238,4.091869602561928,6.177779622375965,3.1709359765518457,5.491902597248554,-0.12652810028521344,5.049651447683573,0.06310239469166845,5.128132410347462,35.318358743413114,0.24673970230471653,279.7072320073945,0.37112960348695884,157.388026961184,2582.6734676706005,258473.82511367206,0.13215887827262257,0.12058295402019784,0.10321729054094184,0.029528411280297335,40.10672210729978,2.112971275735183,0.092237909103194,0.00837249326832466,0.012697001320201705,0.03765312690458959,0.018202193982506165,320.3442485278884,205.62752808287186,272.50114124368787,208.82045624810465,700.778506169116,400.08864427019904,16.93963034060298,7.539780786742216,6.161549115052884,4.397915531092541,6.859442134245957,5.163577793241993,6.068888270917509,5.33746065101749,3.4883920684786336,2.7115335131385168,3.055065780923512,3.2698830954235962,2.001764085672355,2.478698173751228,1.8972004760978403,1.7470344034980012,1.6389677481916065,1.8924080719260543,1.940630887554177,2.5454654092618503,2.501581529576638,2.2153935779433946,1.383976621801748,1.5869914651716455,1.7294954995943503,3.1638935634096708
611977,AZ,Spatula cyanoptera,Cinnamon Teal,Spatula cyanoptera,48000,1,False,False,False,False,False,False,1,432.76348876953125,1.8932095835547624,1373.0873469387755,0.025297598338088784,1.0519083533496076,18995.94861359971,19981.99702644543,0.1922958819557007,0.5350253491431807,0.2828355963148643,0.36811761195321613,40.54094001433507,5.6593420044866365,0.850280164372706,0.00834394060075283,0.006387540604919195,0.14065077039930557,0.026735621712073825,2377.914443273444,258.8749567132922,2098.744177053266,309.0393064431617,4351.74072265625,704.7572902198858,-212.0234832763672,51.885231018066406,49.92682647705078,12.00688362121582,-13.268182754516602,12.258707046508789,1.4062846899032593,9.148650169372559,-1.306236982345581,6.880290985107422,1.9777278900146484,6.026923656463623,-4.756091117858887,5.925848484039307,4.139415740966797,6.5695977210998535,0.08829799294471741,5.46464729309082,5.014711380004883,4.7504777908325195,2.5304601192474365,4.116991996765137,2.6819958686828613,3.825169324874878,-2.006138324737549,3.380037546157837,,,,,,,,,,,,,,,,,,,,,,,,,,,,,,,,,,,,,,,,,,,,,,,,,,
611978,AZ,Spatula cyanoptera,Cinnamon Teal,Spatula cyanoptera,48000,1,False,False,False,False,False,False,1,470.1003723144531,1.7461513839264036,1156.3196371882086,-0.09998535318721724,0.8182060281120856,10499.790193077692,8590.991629888327,0.21295381538809732,0.3789829347094249,0.24885719103522208,0.43071477857842266,75.68470976436275,8.101433821792579,0.7794128112744229,0.006020520348101854,0.003464881796389818,0.09785064768735363,0.027754800158578462,1856.2468284555723,402.5607669366467,1848.9603274935212,320.7715401430467,3086.358542520492,886.3708196051008,-253.98057556152344,40.436519622802734,57.37499237060547,13.854716300964355,-2.843522787094116,23.36429786682129,5.57936954498291,10.09751033782959,0.41365286707878113,5.925086498260498,3.5100905895233154,6.504756927490234,0.4177218973636627,6.120637893676758,1.0142755508422852,4.304920673370361,4.604281902313232,5.817719459533691,5.944642543792725,3.7374234199523926,1.858635425567627,4.285634994506836,0.6371268630027771,3.6157114505767822,-0.19262205064296722,3.1432950496673584,,,,,,,,,,,,,,,,,,,,,,,,,,,,,,,,,,,,,,,,,,,,,,,,,,
614743,TX,Myiarchus crinitus,Great Crested Flycatcher,Myiarchus crinitus,48000,1,False,False,True,False,True,False,4,455.3938674926758,2.1837366323107426,595.9303174603175,-0.631180580321721,0.24876675693232453,4639733.987611514,350232.68329387833,0.09633715778074542,0.2285131068461545,0.0956745812514124,0.3723855959399472,69.95088482508773,7.314546362269269,0.8759558951310215,0.08161540888249874,0.06343771913088858,0.13912270610728922,0.0834450763981567,2560.530116693621,955.587246106114,2471.4020970834626,423.6228280597819,5156.439409099641,1841.906080301993,-112.03303718566895,30.729772090911865,31.417024612426758,13.745072841644287,0.24478882551193237,12.314475536346436,10.920998096466064,8.110332608222961,6.709012269973755,6.4706050157547,2.4379936680197716,5.7645896673202515,-1.0899668857455254,5.3242287039756775,0.6144105345010757,5.212727665901184,-1.4202169179916382,4.11760675907135,2.172507017850876,3.837580442428589,-0.6663284823298454,3.21709144115448,0.25249418895691633,2.954364061355591,-1.1012635976076126,3.2348212003707886,28.595274817396284,0.008453761928189724,290.00204054175384,0.2578630435228141,0.19222405687310437,6133636.861210858,276827.0674473081,0.07295317369211561,0.10834536033564073,0.04989464905872763,0.06009926507891128,23.840016661170043,1.1416714770102965,0.0560094211551885,0.055264338845601016,0.06288243831656597,0.07477500772457407,0.058981659059468665,752.9315725170578,453.1721162102198,287.5227256448271,92.79476667231515,1245.8110814660968,540.7746588148276,18.633847512972704,11.948311748272333,16.245433303875213,1.748120894301509,4.574102554477702,2.180969109090935,5.262805027474052,1.7790009120861543,2.510739218296814,1.6835853497429516,2.190049496119847,1.0249742834639195,2.3889677790013115,1.161316179785935,1.133464692119359,0.872858960601805,0.1159897948404186,0.4890344246125213,0.6655242223741195,0.643554230350059,0.11220745016921378,0.2640939842691321,0.6170416098315952,0.38897825793666707,0.30946829911196666,0.45222639858544356
619062,CA,Cynanthus latirostris,Broad-billed Hummingbird,Cynanthus latirostris,48000,1,False,False,False,False,False,False,4,433.37513732910156,2.1276080277690985,691.6161451247166,-0.33909022299514313,0.510891650487075,25441.18239688493,13007.00959543779,0.10834278587396531,0.3749130001445963,0.14660681514790885,0.4665012837622211,107.61818161606891,9.508807241211684,0.9120714093592387,0.00991733348928392,0.002922033774666488,0.13139539803498243,0.07039896020929429,2394.899847192888,789.2667746911931,2414.9977232054307,333.87797030702654,4824.572153560451,1485.660928669373,-195.07908630371094,21.94532012939453,43.28886795043945,14.400593280792236,10.959568977355957,7.24098002910614,9.057831287384033,5.496123194694519,-3.6191253066062927,6.208935022354126,0.49854687647894025,5.483088850975037,-1.5405302941799164,4.215453147888184,3.8811336755752563,4.362289369106293,2.678041458129883,4.188467025756836,1.2203687131404877,3.5833314061164856,1.0988980749825714,2.8462299704551697,-0.2918750364333391,2.993439257144928,-0.4541325084865093,3.307677447795868,19.49037545396292,0.11202446333333897,17.5399103798644,0.17046474405068168,0.18205837179665807,1208.6089563020103,4710.166149060467,0.033216348283344764,0.15443043681378024,0.05639356947845246,0.03595198194272215,7.978064060901749,0.20815687538119074,0.03924701076008848,0.0005890316826095727,0.00029812302772829846,0.02933091859197471,0.02464978343315059,307.5760297524405,247.46083893398327,113.88925528864985,99.8905965318996,554.0032596330992,416.4703471588555,8.478660293470188,6.6370466424650685,3.928201012699202,3.1900227200604507,0.9749691561308524,0.9604053076688411,0.9501349818427005,1.287774567904405,1.0864047391167546,1.5660016425037409,0.5187127081635772,1.2766929795910198,0.9574915261519742,1.1825661723824212,0.5405067501813989,1.124228089355723,1.0766340052531365,1.2134753878476103,0.5874679694205318,0.879343665214672,0.9788838118340155,0.2058723164957699,0.4731471860313744,0.7314885757271874,0.434052677603741,0.7534187788590517
621202,CA,Anas acuta,Northern Pintail,Anas acuta,48000,1,False,False,False,False,False,False,4,406.1037292480469,1.36419963832187,435.26543083900225,0.02972540189912823,1.061314638831577,417358.5031677565,442754.74337522825,0.47269951797697063,0.6915660112073891,0.5890430055817264,0.273541705141516,17.943032924412147,3.5613886833067117,0.6968955758064934,0.020815817173570395,0.031786199659109116,0.25210721375512296,0.04178465388515993,3556.687135195925,325.441017504982,2849.2740317495004,232.722751415273,7281.601402407787,896.03548425163,-126.68537712097168,15.577666521072388,34.65659999847412,6.473700642585754,-2.1956773549318314,6.464845895767212,-7.467405676841736,6.734606862068176,-0.2373872771859169,4.576175332069397,-1.321646198630333,6.394960045814514,-0.944979028776288,6.234681725502014,-1.2817640900611877,4.7437156438827515,-0.30980518087744713,3.6579836010932922,0.429356875596568,3.377661943435669,-0.3633720614016056,3.885862410068512,-0.5072165951132774,3.7049842476844788,0.17831479012966156,3.8493260741233826,5.3652064589209445,0.057610809393548214,43.41036845325411,0.005083670868561433,0.010814526637220696,124988.9082968065,131681.71734927647,0.013094925616709075,0.013995376441099229,0.007178786182345501,0.010624256741917124,0.6926271111112575,0.1375650624832915,0.0529789612960238,0.001560276973256866,0.0055975800411527735,0.005561717352423354,0.012124604466302194,53.436955420320366,85.2836737225471,55.44711272119996,15.992295639036396,150.72023872139877,56.76492605686393,5.174782895596953,10.009287117478856,1.6985954328246586,1.1598308058579094,3.259266085231145,0.8848568247274918,1.4351534178290228,1.2742865174031588,0.8727431422281051,0.21102435133238212,1.358157990223168,0.8758416555511511,0.8538288125758711,0.8795655969376783,1.916542003305623,0.14160198686311878,0.5929210343105085,0.3876611161848634,0.7958118388455694,0.2563463231585702,0.17290281131011112,0.05294411621520468,1.0404908516070348,0.33385421167145524,0.6032620611940136,0.3313515614736322
621691,AZ,Anas diazi,Mexican Duck,Anas diazi,48000,1,False,True,False,False,True,False,6,419.31812540690106,1.813716926194294,754.2212925170069,0.06559371107867146,1.4669901647522054,4351.488269547754,6754.532329078699,0.23677568976638455,0.5087205265689391,0.34499818796747816,0.35124465603169924,45.536359728598995,5.884355822781725,0.7326012516153088,0.0029674508259631693,0.0030899792133520045,0.14655393887831772,0.041987391734060076,2687.9654205144557,342.8990689313852,2557.079603026987,295.00028275487654,5532.129506595799,771.1688384193409,-265.3537877400716,21.095921834309895,33.84725538889567,10.732376019159952,-2.6848407884438834,9.88379987080892,4.956628203392029,7.707057158152263,-4.518126105268796,6.362289587656657,-0.23408237596352896,5.364176909128825,0.45370598634084064,5.448155442873637,-0.8008264725406965,3.9996196031570435,1.3592249403397243,4.2571325699488325,5.011865695317586,3.5769068797429404,0.49376897017161053,3.320484240849813,0.9789235144853592,3.0750010013580322,1.4264977040390174,2.80514403184255,24.610315674716436,0.23840894003949387,193.8645265448361,0.4145242346280797,0.9607376724558415,5473.184317780272,9901.35085797035,0.05819466440608441,0.11756562815012413,0.09333006336315613,0.021070251879730745,6.679869791608569,0.44880383658273654,0.17757755385116386,0.001215732225317563,0.002794384827452597,0.039678537678948446,0.010998319413413114,259.5092656788534,59.858164762976685,119.1464887946993,67.61795674477422,198.41025477073882,92.94147119652385,12.574726112085271,12.193881856224877,5.690430727781552,3.119621558574131,4.096116525214741,2.8548570228819954,2.5182687102809087,1.5223141539159755,3.729078932114771,1.5720790712421218,1.7546692941074973,1.2308458308220926,4.434750299556486,1.310315592243751,1.4415865797608831,0.3633661413621802,1.5909827866341477,1.0372614667217057,1.321919081957346,0.9121884833987249,1.2049564095785843,0.6940101192575991,1.4840686663921827,0.7859606158721275,1.396775239852276,0.5531260143387797
623628,AZ,Mareca strepera,Gadwall,Mareca strepera,48000,1,False,True,False,False,True,False,2,403.6428985595703,1.2237900646044513,475.06399092970526,0.1840270206881145,1.4520565163684385,1752.9248935757173,2529.827228576776,0.3109959756338211,0.4578654471304812,0.34934506552783834,0.3263336971812473,54.707242613053,5.734777695842338,0.43629488219372514,0.001394940074533224,0.002716226619668305,0.21450698459455503,0.048457379019803834,3504.831006515121,562.6467067445228,3042.0216299212007,431.0544527870795,7397.323458311988,1418.5564076846085,-307.9580993652344,21.653578758239746,19.999266624450684,18.1546573638916,1.1830451488494873,7.6810431480407715,-1.8680498600006104,11.137963771820068,-1.9788863062858582,6.624453067779541,-1.6943510174751282,3.808451294898987,-2.147704243659973,4.390182971954346,-0.07032355666160583,4.351048946380615,1.9536870121955872,3.5706063508987427,1.5217609405517578,2.8260855674743652,0.08175437152385712,2.696119785308838,-0.4048272860236466,2.6046864986419678,-1.0570428371429443,2.7569679021835327,0.8076442107992222,0.12344272591536312,50.53071642862891,0.023244944612390604,0.06985270266853989,444.3288591977443,522.7440740174126,0.007903273011257126,0.028609552701455834,0.018434974871077148,0.01323547597986455,41.31881183736212,1.8381065043593419,0.04520347489646034,8.249158997569335e-05,0.000216037336841128,0.022070403515266856,0.0020846998441576823,93.31983376084582,9.39310700276568,32.864520288714296,12.867318693852507,46.30284947198087,9.7032060684662,3.333768512741386,0.7767846254943337,2.421026920495398,0.2612349336150115,0.311960857433995,0.05800552749378515,0.10193923379414704,0.35644297852718065,0.5813005457239544,0.2539438659974149,0.9437174185590692,0.3697989776454949,1.1520704484663709,0.10496790632813989,1.3258722927545632,0.29254228703847973,0.9857145614640525,0.27180957790639476,0.26308888918730866,0.338113819871975,0.3021151218141834,0.2854289105342051,0.5527712748197569,0.05514797116474653,0.5410664054921818,0.2849543370199724
623629,AZ,Mareca strepera,Gadwall,Mareca strepera,48000,1,False,False,False,False,False,False,23,519.191001560377,1.3867145873188413,2774.7813033619245,0.13876324588878647,3.4261117303700055,134641.32018826698,170912.43616760365,0.3043256629925893,0.46094061427879124,0.3342535789844245,0.373050411890638,71.36681918757851,7.035608367851003,0.659947401704928,0.011506405982958235,0.01495734644729806,0.14516212269944506,0.046773523238454094,1941.7792731954864,541.0297009664663,1166.916890121809,381.9185308741642,2936.8199735221397,974.5272380380452,-297.83724710215694,68.69507084722105,71.15944364796515,27.07764608963676,-8.046618233556332,19.943654018899668,-3.038288385971733,13.110707407412322,-11.140575450399648,11.135935928510582,-3.1334401680075605,8.506259545035984,-3.4982871439145957,8.033441896023957,-2.7295158443891485,6.894134936125382,0.026070878557536915,6.696682121442712,1.4419170993825663,5.572826655014701,-1.6728036040845125,5.819029953168786,1.732862273512064,5.102631423784339,-1.492842858252318,5.4295102202374,25.639640856599943,0.29013895546997026,883.3524998141104,0.3596641505389676,6.976578308760821,272978.69658746844,339145.8092171102,0.07393000228489462,0.1073568645841679,0.08355525209197519,0.0340468040620477,37.06299817220168,1.783094104275005,0.10478350674649123,0.012371521521193654,0.009999348866499395,0.02752104366146436,0.030764737936159237,338.64941784904244,347.16930528901156,209.6639965472872,157.56905694751367,638.0235719248668,534.4070496495796,57.53895828316879,13.588021914222493,25.13361131428544,9.913869152299872,12.294977571668795,5.9997104440827576,7.979766722842222,3.1837088012855164,4.5509171710913785,2.116961150442546,4.5964154085281255,1.5990074067370508,4.31618412114182,1.5307216671442496,2.5017289365376025,1.1435052556046628,2.202843746859407,1.4754635345914175,2.477184427005139,0.9555973769966024,3.3448673245766214,0.9956527694056255,1.754528140897928,0.9487701455698663,2.2533956713664205,1.0162126383513852
624546,AZ,Anser caerulescens,Snow Goose,Anser caerulescens,48000,1,False,True,False,False,True,False,4,467.4722213745117,1.7829624575536023,1315.0669160997732,0.4375555187217757,6.411150887260184,28868.74599629438,29068.90189709463,0.23116276641774897,0.42833356716593146,0.2871345674930943,0.33150554905873875,75.18358784199077,7.477501952466149,0.6254302737693328,0.002960936399176717,0.00631893373792991,0.26162012176156324,0.06993826795178984,3535.889935829989,583.9985686100703,2487.2676166993792,416.6056151025786,6257.47570600666,788.9139705261147,-280.96348571777344,26.279714107513428,23.414687633514404,15.182528257369995,-4.694687157869339,13.715662240982056,16.840461254119873,10.851676940917969,-7.22800749540329,7.528719425201416,-1.2890052050352097,6.254248738288879,-1.476937960833311,5.692282676696777,0.8143598735332489,5.295954585075378,3.671763241291046,4.2164469957351685,3.398137867450714,4.444152295589447,2.4231129586696625,3.788160562515259,-0.24686884880065918,3.7615352272987366,0.282917857170105,3.490461587905884,19.453136200920373,0.38628632052477846,124.30246324711968,0.4707096810095042,6.168709117677503,56999.30209479177,52836.54006670103,0.17525815548307833,0.1812646268596867,0.16700215457450646,0.05664869472999042,19.638602528333685,1.199790256914709,0.12008869600486081,0.0022404705485240908,0.008127298373048906,0.035858841556190596,0.010624853955650961,338.2465871921396,39.51184082928743,106.2506170786645,59.62354472339562,377.13204206639847,278.956227593172,7.494569747867442,9.488564285715647,12.434557302860354,5.122681250273839,2.5028470263190865,2.4835693505786334,1.2499556521569404,2.527698002228537,2.8636574242528425,1.203617214539007,1.2773745507161907,0.6532254435542402,1.969733946702886,0.9469455497009002,1.1689160074867626,0.7623749872353198,1.0037797306279368,0.891695996883869,0.6774367968033768,0.4264898017333317,0.987386276444556,0.4721359522982258,0.619092201981234,0.4820975237725636,0.6471555149715754,0.5314798769924064
626768,AZ,Leucolia violiceps,Violet-crowned Hummingbird,Leucolia violiceps,48000,1,False,False,False,False,False,False,31,565.9866677561114,2.18522433700466,1152.770604930144,0.9860329333935337,397.4570438358369,424.59085020232027,94426.25028609527,0.08596574360836089,0.18818186485679933,0.10095970324444649,0.27348830830593746,42.03672608886309,5.045169796387391,0.7935727460886705,0.01440022537304509,0.008570430672637398,0.4598390239598285,0.0504261742334053,5366.679104808303,566.8225532615027,2039.3452246773743,154.5871232011266,7602.032448109466,542.7401346107597,-176.45501118321573,31.702155882312404,-26.392496124390632,21.588850421290243,-16.20854639237927,6.353317253051266,15.000447365545458,5.024919363760179,-4.658947367821971,4.782690294327274,-4.001514950346563,5.628950011345648,-6.2383514411987795,5.226233151651198,6.070372612245621,4.200723063561224,-1.537991298602954,3.7767250614781536,9.062675229964718,3.0719230559564408,-1.711616693725509,2.722224777744662,0.8012244778294717,2.5849465093305035,-2.0783734993348197,2.502480491515129,49.164656725849675,0.021032357695421052,225.46401837511766,0.018570699334822315,374.06717946102407,375.40579812168056,53311.38024854712,0.018967107215389384,0.0636795170595631,0.042780899145612894,0.023006082392561942,29.968684968986338,1.6522213354128872,0.04075086431589343,0.003404522353643176,0.003784448530720321,0.032718200528444576,0.018621136280161633,259.9910498232145,80.61615006656687,86.45234722205119,58.378093968055744,186.08707668353279,144.63470306047188,14.728130884350431,8.59847108311706,8.87935535308119,3.748652966325387,3.0171120856718634,2.2509774529844444,2.189719240817016,2.0619719230625635,2.1685389419163528,2.1483762806839124,1.983871337873932,2.0736858113350616,2.0229682959947364,1.4399136996995687,1.2826276792005642,1.1624521943121093,2.2487568382220946,0.7630654729132336,0.9028751874011928,0.6218897965665225,0.8568992882996693,0.490014578366337,1.4615146166469293,0.4338131543824562,1.3441203359616842,0.3918705115040164
632234,AZ,Phalaenoptilus nuttallii,Common Poorwill,Phalaenoptilus nuttallii,48000,1,False,False,False,False,False,False,7,420.287833077567,1.093132942396824,855.695315840622,0.0606154973025708,1.130360455836229,37131.24108006292,41501.713948140205,0.44643169949697864,0.6150482872692594,0.513859091582767,0.3794419024939981,33.8593098415196,5.162465403895846,0.7823941705794771,0.007245704930807863,0.008820007688232831,0.3350302018860823,0.08103574286989615,3923.6520091494535,684.4639751252691,1748.716248384683,188.22488805151474,4927.393378586065,596.1895925642922,-262.0355420793806,16.673671858651296,12.654065472739083,15.854352951049805,-17.3275694165911,13.890142168317523,28.810326712472097,7.35432277406965,-6.117731196539743,9.084518364497594,-27.870882851736887,10.697867938450404,3.149872660636902,11.092896461486816,-5.207788399287632,9.693360601152692,-18.441050393240793,9.471274784633092,7.908487864903042,7.003327710287912,6.760514293398176,6.665620258876255,-6.585492747170584,6.316585063934326,4.644326789038522,5.985844203404018,7.244888769403514,0.13363910084078795,84.47283316123911,0.024946442258819604,0.05741892826889598,13214.962327784244,13927.34349663915,0.026831723250395716,0.0191722984915644,0.012145528078813595,0.014582596508072572,5.489217612636357,0.40923546985492876,0.04145845998803603,0.0010583408878905125,0.0019698894149250213,0.012548967638924866,0.005997603372424592,139.85906924538926,54.574452949332475,68.52352006046547,42.03210912339445,127.24153455975815,230.27138902186542,5.7689550965152305,2.552008848795909,3.2872327937879597,1.2158261118125164,4.3821286392365995,4.830635390079923,1.1580641943623224,1.565460400318457,3.8455056629552398,2.034110291558831,1.9051642226728738,1.0510346238981485,2.266859024500171,1.2440610110307497,1.500063677904534,0.8632532298820471,2.0905847067721246,1.4953436333156023,0.6343349475706813,0.880036247652582,1.4851770623077394,0.6304937388488923,1.3367793745019512,0.49097039169805073,1.204523477936334,0.8238307264449708
636283,AZ,Callipepla gambelii,Gambel's Quail,Callipepla gambelii,48000,1,False,False,False,False,False,False,2,491.8311767578125,1.9543780219306812,1303.71873015873,0.30575893328359294,2.246094137460037,37835.412720979366,60716.67424648463,0.22094122371871788,0.5189886943676795,0.3664974633973011,0.3351882689750609,30.060230728905736,4.863332211937458,0.769180006247662,0.011390022467821836,0.009468039497733116,0.2148917776639344,0.07699710740166738,3140.11458467372,793.8338680006267,2264.7510782062345,356.2751530043687,5436.5286404969265,989.9303352500281,-196.99759674072266,37.70516777038574,31.630107879638672,17.84391975402832,-9.661576271057129,11.786224365234375,13.653773784637451,9.147270679473877,-8.640489101409912,10.376626014709473,0.7437347173690796,8.590506553649902,-4.755210876464844,6.700652122497559,-1.2579162120819092,7.007608652114868,7.996479272842407,7.551630020141602,5.210952997207642,5.296933650970459,2.151635468006134,5.383426666259766,1.1206933874636889,6.776609420776367,-3.05346143245697,5.2315287590026855,77.90414307599417,0.14234266652672467,79.46661623816394,0.3293366912815015,1.5398943595713142,31515.440398448038,12524.107277336469,0.024831944017974446,0.1034309698431071,0.060617169601960744,0.0033268332841953022,9.293255269607934,0.7595694013965069,0.1857942964263584,0.004032837663377595,0.0011797074119771316,0.014570751835321805,0.019566130243216972,89.96836689046877,173.709983041328,57.74269380891367,62.2835290277007,8.522434365655169,462.902095784302,56.06649193286034,1.4456841083939975,5.869171864851707,2.4010108763753926,5.437768861786568,0.9880448607182198,5.346289970030642,2.2079034573925425,2.554036305249594,2.618351047378066,4.136230852809891,1.9899786253073257,0.49087456653752826,1.055443403458537,4.853321210884305,2.535318046888936,4.1818801044320395,1.8778612647725859,1.0825418040023131,0.565104270484491,0.45982068426100453,0.6889930772209295,1.4980902558415383,1.9823692646897748,1.468078077706988,0.5232878532659224
652385,CA,Selasphorus platycercus,Broad-tailed Hummingbird,Selasphorus platycercus,44100,1,False,False,False,False,False,False,2,386.8924255371094,1.6895680541523648,304.42149659863946,0.9973989416037968,1172.543990698796,687.0891826033283,736178.4539505738,0.40292861521583284,0.506537799967339,0.4230582056422031,0.3253085614022204,38.5258971677743,5.451585618732748,0.7509657720864646,0.029634364880621433,0.036652056500315666,0.5191876234997073,0.024017062268636168,5664.484296703738,189.50240393094072,2248.5764220205247,639.9751498852568,7889.195776767418,1148.9318980174166,-175.4744873046875,7.899373292922974,-10.55006456375122,8.666167974472046,0.7111418545246124,3.9585782289505005,5.773360013961792,5.448917865753174,-8.448501586914062,9.409430503845215,10.205456733703613,9.353917598724365,-5.494598150253296,5.733206510543823,-0.49675486981868744,2.8075990676879883,6.223346471786499,6.147830009460449,-8.429848194122314,7.6869659423828125,6.646153688430786,6.369170427322388,-2.4674986004829407,3.4346659183502197,-2.5655792951583862,3.5568419694900513,2.2923569752638837,0.5146194183519608,70.33615203713651,0.0021599436904217286,974.5221183200805,142.55979803691088,502425.97120199417,0.01158503738100092,0.03984893931378153,0.015416780816700568,0.08077411530622532,6.538911251549117,0.643948778895973,0.04978743931516013,0.006372275539682202,0.017067843090710317,0.002745155520583704,0.008228458609314624,9.592874708028848,32.65507827931328,19.084822454183225,165.84837157864584,176.65330480107238,160.4966131791435,2.205220220428945,2.0484659755732872,1.2919654481554885,2.5635618301878442,0.8879912347796016,0.9919343404861992,0.15801055811607026,1.166168906468053,0.4153049299827072,2.646430963729964,1.3527479472039596,2.59309463270161,1.3982985752005934,0.8381858402789446,1.1229463228691912,0.001010175665109108,0.07314231525538167,2.1161743819438565,0.9568366366824492,1.7392783807713093,1.7858803197571986,0.8743619976423913,2.00689122838408,0.3893310073572015,0.6811670818020327,0.1671195036036387
656787,TX,Phalaenoptilus nuttallii,Common Poorwill,Phalaenoptilus nuttallii,48000,1,True,True,False,False,True,False,1,580.4140014648438,1.0608942598038578,3890.5378684807256,0.05793184213932092,1.1229886429255331,436.20571330936394,489.8540620256468,0.47501718959741523,0.6461943009321338,0.45925911632376726,0.5154155021506179,134.8402845957457,10.58659415872057,0.5510372053620891,0.0019917506724596024,0.001957395812496543,0.16278847880747127,0.0391698554746321,1941.8223240263803,356.9744729093998,548.6988955800599,236.98089022032633,2569.62890625,724.1720830123371,-415.77874755859375,52.79275131225586,91.405029296875,37.05915451049805,-18.319183349609375,26.913740158081055,-27.95018196105957,17.84511375427246,4.120103359222412,19.173410415649414,-8.992300033569336,14.2837553024292,-27.77672576904297,8.788147926330566,-14.942760467529297,9.991986274719238,-10.232648849487305,11.3568115234375,-20.035594940185547,9.179195404052734,-6.804089546203613,8.725719451904297,16.4223690032959,10.535399436950684,14.367095947265625,9.077018737792969,,,,,,,,,,,,,,,,,,,,,,,,,,,,,,,,,,,,,,,,,,,,,,,,,,
660470,CA,Chordeiles minor,Common Nighthawk,Chordeiles minor,48000,2,False,False,False,False,False,False,1,461.93475341796875,2.0864516514451066,747.228843537415,0.9795145463780275,96.6302520269713,849.6459198153996,82101.49936544991,0.24520309166125986,0.44853049577372817,0.2781307272651893,0.4382324506528069,76.02925514687901,8.075961396747093,0.5048969928501412,0.005138068925589323,0.015524270944297314,0.20548521662763466,0.04047403321128553,3443.826307784558,286.41639930296054,3262.718406890833,514.2807880778187,8148.501937115779,1036.2708835325732,-277.9852294921875,34.91443634033203,22.939393997192383,16.49213409423828,9.546733856201172,19.55548667907715,5.280803680419922,8.467170715332031,8.52342700958252,7.976234436035156,-3.060394287109375,4.320462703704834,0.5112977027893066,5.37123441696167,-0.6188935041427612,4.478695392608643,0.3568190038204193,2.9769577980041504,-0.8358628153800964,2.9736592769622803,1.2500566244125366,2.412567615509033,-0.061670396476984024,2.6194605827331543,0.4159446656703949,2.2546324729919434,,,,,,,,,,,,,,,,,,,,,,,,,,,,,,,,,,,,,,,,,,,,,,,,,,
664841,CA,Oxyura jamaicensis,Ruddy Duck,Oxyura jamaicensis,48000,1,False,False,False,False,False,False,2,421.40936279296875,2.1889885498522714,550.992925170068,0.24866658619322063,1.6631914783798636,115790.98235999337,191492.91948821256,0.17921727135512033,0.3398348914193634,0.23201267293200278,0.25058230753351557,20.940883008517186,3.6764619404965746,0.676787445528928,0.018395069986581802,0.020962185226380825,0.294190024882904,0.04930421580832538,3768.517540462873,560.0160436499134,2785.4305441221013,412.84934279950375,7170.367531698259,1420.3737702098729,-141.60831451416016,38.27668285369873,23.595993995666504,14.123711585998535,-7.57854437828064,11.50349760055542,2.8138103038072586,8.717758417129517,2.617704689502716,5.838382244110107,-1.475482016801834,5.113748073577881,3.7927886247634888,5.273557424545288,0.37382848747074604,4.132237195968628,-0.6379086375236511,3.953203558921814,1.5524844229221344,3.5123586654663086,-0.9376504719257355,3.3427807092666626,1.150439202785492,3.1394712924957275,0.43402262032032013,2.7603724002838135,3.089880547623882,0.0011670054045486195,39.51646203951801,0.023088061522110282,0.08183840565063312,26629.444635402215,34813.71600652692,0.012460111496913416,0.01941340853703706,0.012451594229095666,0.021696142894650904,10.796565905090215,1.0013625768696073,0.0040492116348010195,0.001697501202268704,0.00219857323041358,0.024454928884987407,0.01701328648659243,67.5436063054361,65.40596534979828,76.27420936935508,4.892112426858754,142.4031030930724,19.167160596060967,1.5055258897837054,14.1068765817911,2.337952447507333,1.7869548958068324,0.9141176025561712,0.1728769316976209,3.6586627839171,1.275910870620719,2.1592311809141007,0.14390013040941102,2.8227901944921006,0.6839212940585225,1.3866884671349944,0.8214923165207496,0.5900445600895132,0.6763277806560118,0.15169282981798426,0.5863147562912955,1.1091827847992008,0.6262030394841877,1.261583765965865,0.7726078728069041,0.9144132205516267,0.7736583408591896,0.1393953698734454,0.41341944856772384
666132,CA,Alectoris chukar,Chukar Partridge,Alectoris chukar,44100,1,False,False,False,False,False,False,2,390.2073669433594,2.195289613294271,191.2616439909297,-0.32888695864729256,0.5406230866797986,329408.708297535,195520.58887871876,0.27719527300736074,0.5089097371458002,0.4272523921269624,0.2737831816858752,28.733341940676702,4.55911552777623,0.8241199666139027,0.026671077124774456,0.019487086683511734,0.27596695696721313,0.10577215070596263,4190.901612483419,717.6682270248234,3148.00626965712,171.19318048696414,8193.47203989498,792.0124336922265,-127.17973709106445,9.797245979309082,11.335306644439697,11.679804801940918,4.200429022312164,7.303758859634399,1.7314752787351608,4.143493294715881,-1.5685311555862427,4.46672511100769,-2.7601637840270996,5.68733286857605,-3.4962188005447388,5.708242416381836,-2.986642062664032,5.224888801574707,-2.1179962158203125,4.231874942779541,-0.6735510304570198,3.1519843339920044,0.060453593730926514,2.744661808013916,0.5088535249233246,2.624587059020996,0.31660065054893494,2.5324171781539917,5.3806838214642605,0.0022807289296436807,39.81718284861449,0.2856967627688015,0.3312178102487648,105275.95847943984,166020.64466551278,0.11057462781895788,0.01201433272980411,0.011266165904376346,0.0461498907188166,1.7556838219634903,0.3441601500141037,0.1408018559804593,0.000878744669294933,0.010083572920136662,0.0962413521890868,0.017277498117361123,264.02078939068593,201.73054807815643,161.24641321564732,41.807146313731806,25.69210862114857,411.99560080160467,3.686108074097546,3.3037410748134963,4.277138388387634,4.328780753280639,3.274564581757042,3.055919965792956,2.1019605469443756,0.6006416502119066,0.6745655366260743,0.3491508993852198,0.3581008669602052,0.5584332673021867,1.384941901732703,1.1200015857840078,1.5646687921314053,1.201413787066803,1.5392925961114812,0.6215554222051943,1.2111386560617974,0.11323425202027856,0.7999503878972556,0.17938507945727908,0.18772564574964545,0.1893361189780952,0.16958087955667492,0.10161217424970251
669065,CA,Selasphorus rufus,Rufous Hummingbird,Selasphorus rufus,44100,1,False,False,False,False,False,False,2,429.9443817138672,2.1716493732901005,540.6202494331066,0.3344146086545777,57.78197863057768,1058.1881409789883,74965.32117583112,0.18203745072245398,0.3814008740599669,0.26777373766249446,0.6774647988448255,782.5600962211047,27.576573025604983,0.7032967387907442,0.004355703596957028,0.01057627717818832,0.1792941305620609,0.07579115467714322,3032.5074801992696,695.5211299213786,2782.515935980976,188.35470448683523,6494.79480180584,622.9818356436233,-249.35841369628906,15.802524089813232,31.833792686462402,13.39958119392395,1.2020253613591194,5.395517110824585,0.19962140917778015,3.474552571773529,4.941756963729858,3.193658947944641,2.110182523727417,2.952168822288513,-2.075751483440399,2.7755826115608215,2.5532131791114807,3.0011767148971558,3.003688335418701,3.1033190488815308,1.4777816534042358,2.557146966457367,1.0538106262683868,2.4815839529037476,2.437978506088257,2.2346655130386353,-0.118221715092659,2.1711886525154114,61.37299730094542,0.036032183327273884,188.0581751192002,0.9169056806834764,80.97763386789828,341.3563959944637,105413.81982231156,0.08153339994386742,0.043405349541878024,0.010540469635514855,0.041677042359254915,35.71539421745356,0.8788990317890771,0.38737446469215314,0.0035945767872234764,0.014633252581486395,0.013471072451523954,0.073751762871739,119.15468937860715,654.6671211714803,65.7998936470761,169.85661475063455,57.677981533253615,446.2873927242655,6.73097983360925,14.992148544051629,3.7386061886027155,12.623905999456486,1.9392912131711688,3.9195264248701553,0.02345267707415975,2.136886439120171,1.3132705114903516,0.904398370702165,1.282964230012714,1.1811500880649473,0.354846540199285,1.219481213792756,1.3325086090805431,1.7003746479596313,0.18575026510678835,1.725992514008917,0.4257062664330137,1.2242557773794642,0.33861363934846567,0.6266857051933344,0.4341388392956793,0.7851416712044679,0.41841167955356645,0.8882949871168196
670289,CA,Calypte costae,Costa's Hummingbird,Calypte costae,44100,1,False,False,False,False,False,False,1,423.16326904296875,2.1971947300459456,464.59678004535147,-0.8949265703730661,0.0554498687546756,1340682.9408153892,74340.69310984584,0.13025639969698788,0.23317011379765396,0.11167329353457756,0.5062188118298616,103.62811721377669,9.490261435884602,0.9140402023317522,0.059383589774370193,0.030382880941033363,0.07403578747072599,0.026063465844264094,2097.7389965171214,559.891395700496,2651.409476542694,318.75861834893055,5007.503522028688,1492.8446680633897,-125.1810531616211,12.809317588806152,36.75012969970703,10.542612075805664,14.150361061096191,7.137798309326172,3.7276723384857178,3.0777995586395264,-2.7641618251800537,4.687547206878662,3.7747793197631836,5.4482598304748535,-2.9173128604888916,4.988776206970215,3.1030490398406982,4.170525550842285,-0.30713585019111633,3.2546653747558594,1.575905442237854,3.1100845336914062,0.860457718372345,2.841895341873169,-1.200419306755066,2.718759059906006,1.9062838554382324,2.6637914180755615,,,,,,,,,,,,,,,,,,,,,,,,,,,,,,,,,,,,,,,,,,,,,,,,,,
691005,CA,Selasphorus sasin,Allen's Hummingbird,Selasphorus sasin,48000,1,False,False,False,False,False,False,3,443.1983337402344,2.04091846964439,653.8517913832198,0.8015713168774595,548.7297468826514,31789.251234883563,298582.3986244963,0.21707649804743023,0.3898117787056066,0.25373114212824227,0.23156033317531577,11.661448512687704,2.7819765410326505,0.7087665971778492,0.016203117556869984,0.025259582325816154,0.57732987534153,0.11148233273676572,6361.937415039506,1114.7872595516012,2719.0076063601555,492.74154730281697,9196.274654200819,394.13934265492406,-200.05430603027344,25.813531239827473,-7.756371021270752,13.194849014282227,5.322116017341614,10.571783860524496,-10.32619825998942,8.103502750396729,5.548563157518704,7.169054349263509,-4.353343824545543,6.573690573374431,4.053271333376567,6.566882769266765,-2.3632702827453613,4.318304856618245,1.7605432669321697,4.120290120442708,-1.4561739961306255,4.295918623606364,0.3540651599566142,3.2579362392425537,-0.4865106965104739,3.8755555152893066,0.056991636753082275,3.48694109916687,55.69526499862287,0.20028122460286563,154.78303114718014,0.33928806337555656,503.2886635245893,54366.9666636287,115131.80860957579,0.044511695724735546,0.1662128077498051,0.05776476146580565,0.04636209035938286,2.8456278835604523,0.5211721661119616,0.14178045542877854,0.004410019662951628,0.008740956850963835,0.08988528923463238,0.04204590164612883,917.3444139656028,344.96038476386127,208.1125915464837,49.484162135667255,291.9783357322991,82.0362021517324,1.5388012531345876,10.26623457371628,5.287161454397325,3.10485240756779,7.007197284974354,3.573763306788362,4.411676296430104,0.8033910383715522,6.497608799881979,1.7299470059998436,4.49878489750001,2.32947790926156,4.968002337162263,3.0381066763511666,3.7737598183458396,0.3775504184225584,3.0296015681835047,0.4137797818206094,2.738532139671647,1.3451428946642665,1.8306849040501192,0.453638582876032,1.1876720129650662,1.0994718768658394,0.97790790774784,0.8797513276365759
691650,CA,Archilochus alexandri,Black-chinned Hummingbird,Archilochus alexandri,48000,1,True,True,False,False,True,False,1,397.79010009765625,2.1972243525914434,378.3940362811791,0.29741795970767704,1.8466426485480059,26.409983258539192,48.76980143265731,0.03228427895392372,0.20424737734276788,0.07752207455034565,0.5980903152604757,126.51565686372645,10.21765477531387,0.9331147124629842,0.0018069378565996885,0.0003041525778826326,0.37366661658653844,0.041472643966177745,4558.051847459051,247.42392775450668,3196.858978907076,56.179257536061236,8600.858248197115,147.94677278227798,-234.1083984375,8.914383888244629,12.127408981323242,4.86007833480835,7.867520332336426,2.9107842445373535,2.2407472133636475,4.233581066131592,1.3263299465179443,3.4847934246063232,3.2245700359344482,2.9458577632904053,3.216186761856079,3.3967294692993164,1.9136286973953247,2.540452003479004,-0.3858456611633301,3.2548446655273438,0.11441370844841003,1.6970138549804688,0.13679984211921692,2.36228084564209,-0.9413602352142334,1.5075745582580566,0.20841346681118011,2.328979015350342,,,,,,,,,,,,,,,,,,,,,,,,,,,,,,,,,,,,,,,,,,,,,,,,,,
695151,CA,Calypte anna,Anna's Hummingbird,Calypte anna,48000,1,False,False,False,False,False,False,3,530.6791381835938,2.1967024433589137,508.63885109599397,0.9362509256511334,36.515014341852535,2435.8648258116154,79427.15462998491,0.052646324714993496,0.12450869665627162,0.0765204069235385,0.29698969912399564,50.60150755637846,5.860307213292667,0.5169045636196213,0.008642591691265503,0.013539793901145458,0.37197463834406713,0.06630450726152778,4713.038701311145,661.6953859046113,3120.510947863848,351.30889177456464,8646.539206582993,427.78505429578126,-191.7522176106771,37.39007250467936,5.204521417617798,20.015902201334637,7.17054017384847,7.086634476979573,4.144083420435588,4.511679013570149,0.38963961601257324,3.3267059326171875,-1.5819438695907593,3.4118247032165527,-0.6755922635396322,3.1111253102620444,0.5973991950352987,3.3609885374704995,0.7436578273773193,3.1108497778574624,0.8566035230954488,2.516066789627075,0.3951180999477704,2.544301430384318,0.27187805126110715,2.4536283016204834,-0.167094886302948,2.1333011388778687,36.48706984099161,0.00021103256786012553,193.56848824274715,0.02867217047532381,20.879449690537527,838.0968664853964,22808.509611549744,0.004999773146774174,0.028585700727959816,0.015141528997600153,0.0041105266310387705,23.872749651189345,1.1343184423374124,0.07717948590076561,0.0014123054366949818,0.00197935334402096,0.021151206603300995,0.012215552655582891,133.0881981734177,138.3390719709233,30.88255798146259,62.7738592257411,154.51578336475995,227.06836637247233,1.080643584568831,13.853773193116467,2.5128510561377553,4.009597076047473,1.8924901191829835,0.24593262510201613,1.2028047580919379,0.9421088720338949,0.8300589948848895,0.2704282571020088,0.2026032200992031,0.21744549984861522,0.16227424992930972,0.23522923569309218,0.06693410864788832,0.24856524211146508,0.21449049666331582,0.13694054522841703,0.5404458718699545,0.045573428803824284,0.3440936434718093,0.06560127022851885,0.2409487646124772,0.1913461635825269,0.38960484992422056,0.2591901720547313
700909,AZ,Mareca americana,American Wigeon,Mareca americana,48000,1,False,True,False,False,True,False,10,423.86223754882815,1.8535362868133265,1119.8152925170068,-0.402181627603633,0.7962915328760134,8707.77462358515,18542.491761655645,0.20953236619823506,0.4264499066426959,0.2762035604135567,0.3890888445539863,77.877243708214,7.596265584792675,0.9033251290293947,0.005026967357844114,0.003220097441226244,0.09891937756147541,0.03376662877649418,1832.0483105376948,344.66153905301917,1896.528347136577,216.73054832379836,3446.9161436987706,763.5074854957322,-270.29938049316405,25.207218074798583,50.714548110961914,11.997201299667358,-11.471003949642181,11.108491563796997,7.483568716049194,9.625097608566284,-0.8861761093139648,6.886455488204956,-0.3413632661104202,5.957990503311157,-4.410225081443786,5.176842117309571,0.6878920529037714,4.9934468269348145,2.84983768761158,4.1217045545578,5.098004007339478,3.554456949234009,4.007909965515137,3.282648229598999,1.4797137584537268,3.2501532554626467,-0.3709788635373116,3.2553725957870485,18.92718532647859,0.26585607537496764,268.0019667959509,0.5049766184179922,1.2049779711740956,12391.167636133076,49798.30328772201,0.06262937791694831,0.1009997207040563,0.0760258222775957,0.05313917481228937,31.66523702523021,1.767283082434552,0.10954160351727116,0.003889252582655819,0.005149145910229245,0.027831206660939693,0.016209727273043928,216.26046971577426,117.66546909778039,139.42894804849107,87.41144173534724,327.5717532124142,149.62465412574983,22.338970255996493,12.919488735107702,6.3533806893665385,4.30015793073097,7.878281352838182,4.586631105906932,6.04207051198812,3.6524959551009863,1.7775402281595323,1.9698065177812705,1.8812851981550154,1.5450809663606813,1.4297627000061488,1.7167478922168644,1.9487176411101845,1.6361449593711401,1.8561225550818772,0.7017410989006587,1.0254335011830737,0.4584032090891191,0.9398542878278793,0.5518384277525858,0.8270150802692627,0.661374326364139,0.5291427123736462,0.5952392515390414
701065,TX,Leuconotopicus villosus,Hairy Woodpecker,Leuconotopicus villosus,48000,1,False,False,False,False,False,False,1,516.9635009765625,1.8957081568715903,2005.0140589569162,0.9816701818061044,108.11182963429961,927.7734132372948,100303.28119114306,0.23123855397772097,0.46946398168548065,0.2762904278189797,0.3744148984750535,37.64328931406815,5.378138682205127,0.6087308376262667,0.013382797129452229,0.026042427867650986,0.24463493441358025,0.071967900380033,3483.6835133740606,379.7875186196154,2301.4428090686843,735.6214698156097,6153.777398003473,1042.0961443483834,-274.04443359375,84.51305389404297,21.325485229492188,16.346698760986328,-20.81125259399414,32.031982421875,11.476946830749512,8.270075798034668,-3.2736032009124756,11.730165481567383,-4.0603556632995605,8.307458877563477,-3.5477631092071533,8.525877952575684,1.9370675086975098,9.493492126464844,0.6459530591964722,6.50516414642334,4.85400390625,5.371588706970215,1.4357049465179443,3.4391438961029053,0.9990264773368835,5.121719837188721,1.4937809705734253,4.619223594665527,,,,,,,,,,,,,,,,,,,,,,,,,,,,,,,,,,,,,,,,,,,,,,,,,,
705765,TX,Myiopsitta monachus,Monk Parakeet,Myiopsitta monachus,44100,1,False,False,False,False,False,False,1,443.12786865234375,2.1205340321731985,785.7679818594104,0.2719375031388389,1.7470169231658594,65419.56637034019,114289.08955515645,0.11115173483040208,0.3930483689552171,0.20089646363585723,0.3830089436270232,190.70456368360433,11.869685420379698,0.7588341912431082,0.018999528139829636,0.014606460928916931,0.1033509587236534,0.09841364073099622,2169.9659446512346,1158.565074956439,2339.766130836374,381.60395433060694,4391.2353515625,2104.258889347132,-199.5146484375,54.89027404785156,20.390180587768555,20.016033172607422,-11.63607120513916,15.071647644042969,5.51362943649292,5.8647966384887695,6.04551362991333,3.844369888305664,3.7756552696228027,3.7814271450042725,1.993465542793274,2.7668752670288086,5.139641761779785,5.196742534637451,-0.1658562272787094,2.853533983230591,2.9715263843536377,2.9774439334869385,-0.0735396295785904,3.271691083908081,-2.5303969383239746,3.835784673690796,-0.12409708648920059,4.719540596008301,,,,,,,,,,,,,,,,,,,,,,,,,,,,,,,,,,,,,,,,,,,,,,,,,,
705767,TX,Calidris alpina,Dunlin,Calidris alpina,44100,1,False,False,False,False,False,False,2,389.2562713623047,1.9543458432554215,763.2845804988663,-0.7550181936748526,0.14002719493224108,763290.4753642554,108016.99491807964,0.24851500006092303,0.5626514159790255,0.4021471274114987,0.518973624042567,116.97035266478505,9.60156982664065,0.9702359309388682,0.04944550804793835,0.01300077186897397,0.0653227687719555,0.0271983817036315,1417.024880167537,168.50404662049246,1894.0800092917807,128.51979145081003,2488.976050204918,377.15897798677145,-141.3123321533203,22.289064407348633,58.862680435180664,6.047785520553589,4.763487458229065,5.582961320877075,0.8255762159824371,3.5812113285064697,1.0785228908061981,4.4583669900894165,5.433926343917847,2.559766411781311,2.7822664976119995,3.9876177310943604,3.187212347984314,2.496208071708679,-0.5651401281356812,3.0170443058013916,0.9033874869346619,2.7157703638076782,-0.8693021833896637,2.7956589460372925,-0.4080600440502167,2.4084296226501465,-0.768112376332283,2.6695716381073,6.426864359144467,0.20960139647657192,1.8007652694218315,0.048641975842027264,0.03159692331111062,71878.56381743286,34182.58428129875,0.006103925032390635,0.009770358320062475,0.01730989389392552,0.004901366942011206,31.792442990991525,0.8040112088961116,0.014949089683357522,0.0019379568755574503,0.005857634201950343,0.0022761746069051595,0.009604814300601283,53.93251144470471,25.939464052646255,95.65517642115452,3.6458997304673195,132.50780796140185,33.83329513754904,5.824761899163173,15.317885688977288,2.37466268973511,0.6533735954326146,1.320878691996144,1.8570950067490861,0.23247742237960378,0.028293685167545293,0.910524541573769,1.4231829174983954,0.5945723354389438,0.22583950447338053,1.5364132920086109,1.758188828761177,0.9440885637070561,0.6162474481037324,0.40032003946314393,0.7145994793274202,1.8967680881334819,0.6585402932978681,2.3737049026026997,0.3649800755741533,1.057000687364166,0.5438578755627553,0.40595479915453514,0.5976767037128623
705782,TX,Dendrocygna autumnalis,Black-bellied Whistling Duck,Dendrocygna autumnalis,44100,1,False,False,False,False,False,False,2,453.98394775390625,2.1612715018387068,934.7230839002268,0.6752232154898299,11.448825832251062,99474.4499348429,504457.09571776335,0.11430468154648726,0.336657074834352,0.1977911310278016,0.2614557120120042,22.42852913814481,3.852249910638299,0.9289195198284763,0.04030375927686691,0.017868167720735073,0.32714729398419207,0.044382253953316006,3962.50793173998,380.54138607375046,2244.531889712277,207.54405411151077,6260.438412525615,520.9031033001223,-102.44959259033203,20.834741592407227,-3.5257933139801025,9.716872215270996,-35.9167423248291,7.5445098876953125,9.612679481506348,4.8901143074035645,1.2065079510211945,5.9120402336120605,9.20680284500122,6.477681398391724,4.583637714385986,6.527944087982178,0.999260663986206,6.219749927520752,-3.371938467025757,5.978021144866943,1.797204241156578,5.057492256164551,-0.504271999001503,4.0503363609313965,-1.1711242198944092,5.364156723022461,3.2226576805114746,6.553777456283569,3.6315181272070833,0.01778630886022186,15.071604238057894,0.32650286796059513,12.514987310752922,101383.81136034311,84195.8802043206,0.014487271339117421,0.0496154398125384,0.06031808824761862,0.002082768217099407,4.714270588987438,0.2867336229618467,0.0030300500393099393,0.000820172403665934,0.0002624234009860338,0.018414778151921097,0.017810946954855744,138.87962579815147,142.35244429178627,70.32829910016491,30.44423437079981,78.80577384141536,48.75636118081423,3.402854278121291,6.231761539765717,0.2204462251505325,0.691548187765054,1.6987270433576436,1.7300789038531392,0.5954992289313954,0.069425637566297,0.4191800376753443,0.34971701585441817,0.3152982134864816,0.43494367551484336,1.3297506036076872,0.89679592216777,2.920509222198003,0.6304743696996757,0.5065956782068798,0.10811104970268832,2.758694679196158,0.011864506443210713,0.03168884562276462,0.07680302192964389,0.0033729279926298277,0.3760456463569915,1.7219179252822778,0.16825392817815793
70990,TX,Chloroceryle americana,Green Kingfisher,Chloroceryle americana,44100,2,False,False,False,False,False,False,1,385.876953125,2.1972229340142655,508.601179138322,-0.9143865806673228,0.04472107159403189,211766.1054630182,9470.407163600945,0.09537545199460584,0.20794703604926434,0.07789824017464508,0.36115455551816644,49.48950088049533,5.812354520042118,0.7824037173575855,0.01899874024093151,0.018440039828419685,0.12536478154274006,0.04833324604426938,2662.973392684934,484.71822050299426,2784.334802535984,149.39521920405983,6031.28882236168,918.3884461062008,-164.84239196777344,9.832525253295898,30.8073787689209,3.9523470401763916,-0.7448306083679199,2.629042148590088,-0.03507077321410179,4.380038738250732,-4.102591514587402,2.6533913612365723,0.5432556867599487,2.516317129135132,-0.3910166621208191,2.449429988861084,1.1975760459899902,2.0548293590545654,1.0048412084579468,2.230733633041382,1.3157318830490112,1.8943003416061401,0.2426096647977829,1.7313101291656494,-0.18493562936782837,1.8471649885177612,-0.6253917217254639,1.953050971031189,,,,,,,,,,,,,,,,,,,,,,,,,,,,,,,,,,,,,,,,,,,,,,,,,,
710475,AZ,Bucephala albeola,Bufflehead,Bucephala albeola,48000,1,False,True,False,False,True,False,15,409.0123311360677,1.6184046093345388,430.35739984882844,0.3555729153680005,6.644970293586544,5349.157335406772,8034.945382663407,0.3217387127276941,0.5649874902396607,0.3827686979564192,0.34204688718117193,49.66925216312682,5.905591084267148,0.5214528605550168,0.0019147184095345438,0.004505529307061806,0.31566845360070256,0.05498830659770655,4184.924149629963,500.0899315378394,2893.565669574117,316.1787966216298,7797.72252817623,1001.5145336700443,-274.0189676920573,19.02403361002604,16.591720008850096,11.011794217427571,-0.5200541004538536,9.163957277933756,3.8810639937718707,4.8524940490722654,0.5142645706733068,4.8045992692311605,-1.6245889921983083,4.873675409952799,-3.0010567982991536,5.533861223856608,-0.9660096397002538,4.161490345001221,2.439888815085093,3.587400261561076,4.596020984649658,4.016183074315389,0.9044579128424327,2.606626447041829,-0.4721911693612734,3.1591220537821454,0.8269494831562042,3.2314717769622803,8.809264549767917,0.2932514080563314,64.2834012416861,0.4075413480719853,10.142380900015402,7014.918689767646,6101.119542657345,0.10550686133658577,0.09566790731137619,0.04366501340483106,0.017454876605737548,21.32408797608192,1.1263368459983552,0.14085825184760917,0.0006181997633196379,0.002221138621161285,0.024571917135527623,0.011902203397308984,174.33822784564424,120.75526662404239,56.984695962668376,82.87667971357972,240.54282456256962,275.80455220123565,4.968693185120423,4.094663854837136,3.4068363215703936,4.632246365448374,1.8271122027715396,1.980763790971521,1.1424598887634516,0.9427835480668486,1.2182280315447231,0.9466316945139164,1.0121335880458888,1.212171452349174,0.9857331587719825,1.4629782255262498,0.6726817492115951,0.8736588552962554,0.7314569457656257,0.6235062437876281,0.9310282461676151,0.8029212885464025,0.3229445722713847,0.38559792589144126,0.6459750680411869,0.6357383472961644,0.3583838456224919,0.6065753656706261
720644,CA,Phasianus colchicus,Common Pheasant,Phasianus colchicus,48000,2,False,False,False,False,False,False,1,404.37811279296875,1.6144076106359375,862.2842630385487,0.20206366749351043,1.5064656395800027,102141.1922888229,153872.19656884563,0.3940772446437555,0.727346507737177,0.41732206957043905,0.5409152643838065,110.0697197440859,9.763395204622807,0.5498497704364979,0.011882743798196316,0.022781215608119965,0.1103965913184438,0.03877715223274162,2174.7889878096444,308.6195106269662,2459.4979471623788,172.4315949732297,4694.982945335015,415.2764940580178,-215.92466735839844,40.93193435668945,38.923946380615234,4.1985015869140625,8.80273151397705,10.482272148132324,17.111167907714844,7.975961208343506,5.195158004760742,5.019963264465332,-1.9872033596038818,4.857074737548828,2.1271157264709473,4.980078220367432,2.86875319480896,4.898604393005371,-0.4282505214214325,5.03410530090332,0.8473573923110962,2.700496196746826,0.846135139465332,2.1687822341918945,-0.13444387912750244,2.4594786167144775,-0.7205778360366821,3.0252573490142822,,,,,,,,,,,,,,,,,,,,,,,,,,,,,,,,,,,,,,,,,,,,,,,,,,
728080,AZ,Dendrocygna autumnalis,Black-bellied Whistling Duck,Dendrocygna autumnalis,44100,1,False,False,False,False,False,False,1,528.5194091796875,1.9400575822455648,1307.9443990929706,0.5218763394166981,3.18301825423163,245855.556772218,782562.7251102508,0.13625393509620465,0.35125784895100376,0.18335059397262155,0.25687555489261604,16.49239767336138,3.302501832008663,0.8056667409074345,0.043357670307159424,0.037660952657461166,0.16286866949648712,0.09480127257340695,2460.2168005318867,839.7321800132888,2143.280633235313,265.84899064348247,4269.449202740779,1262.7958575812836,-152.67100524902344,45.50791931152344,29.207660675048828,21.614839553833008,-24.978708267211914,13.538203239440918,-5.710294723510742,15.467214584350586,-2.7716054916381836,10.851850509643555,10.100457191467285,11.305951118469238,2.632488250732422,11.406954765319824,0.20498143136501312,10.132585525512695,1.4020509719848633,9.388527870178223,-1.9186668395996094,6.516313076019287,0.7684455513954163,5.486343860626221,2.2008790969848633,5.675474166870117,-2.2782514095306396,6.682058811187744,,,,,,,,,,,,,,,,,,,,,,,,,,,,,,,,,,,,,,,,,,,,,,,,,,
731959,TX,Athene cunicularia,Burrowing Owl,Athene cunicularia,48000,2,False,True,False,False,True,False,3,405.1449279785156,2.1245228058627577,627.0804535147392,0.18953939075110793,2.771876887545245,191.356627520938,326.46904506034264,0.18096183479592412,0.35922194620790143,0.25893501458786244,0.4445428961511461,318.86657954596234,15.541210350689333,0.8203469350510503,0.0009785416768863797,0.0006719155644532293,0.26425583040593287,0.05594169529385771,3367.0493729005266,390.93091040464356,2577.1581394493223,207.158591474798,5784.665567366803,562.0235764085862,-308.287841796875,15.6245756149292,24.955137888590496,9.814680417378744,-8.097078164418539,8.111258824666342,12.298614819844564,5.999250888824463,-5.029402653376262,6.48715877532959,2.756455192963282,5.7983778317769366,8.562353928883871,5.792635917663574,-10.861649831136068,5.013162771860759,4.742699940999349,4.377599159876506,4.418686310450236,3.763596773147583,-6.755781014760335,3.4293492635091147,8.130226771036783,3.611786683400472,2.55226469039917,3.11758820215861,20.555265945242077,0.0913331925694461,43.04699676893984,0.5562558194049365,3.0912384680549536,100.8332562968217,198.56104891016346,0.020586691131025223,0.018154981616467114,0.0010188301866716912,0.0498320606253845,203.60814977231095,5.221327579820486,0.17306339774514498,0.0001397923277675238,0.000350573489464301,0.04543615922310287,0.019649877169744957,329.6887222478088,95.19049982545948,50.787709293549284,75.58545449416917,474.43378188643953,196.42712531812757,4.03663385291625,5.306306941135666,4.763698543780796,0.17498096485355055,4.794485748533635,1.1658496388591633,3.412044833163854,0.39315921324913017,2.448715120887389,1.1809711074255507,3.040089517494621,1.331253995948163,0.8090871907578487,1.6757102630325147,1.2275004390777238,0.6846161717597004,1.5909207187553673,0.7302750162171248,1.3264605299856649,0.5788611333091095,1.8364670041121132,0.6468472616085446,1.4193381352131682,0.24161456816759588,0.826539514464708,0.23249001185117152
738058,CA,Dendragapus obscurus,Dusky Grouse,Dendragapus obscurus,48000,1,False,False,False,False,False,False,2,418.75494384765625,1.1730063690917942,570.752947845805,0.9480816359844658,37.710202499288556,33497.47491345431,1263480.9421235283,0.4735185142908853,0.5497389942034205,0.47291407373720445,0.3494609918308022,47.813499631812824,5.689432566613844,0.7066236403836739,0.03548120707273483,0.0538314264267683,0.19893630159543324,0.056542918674044616,2917.38097791682,472.9974028708018,2458.9856252377817,485.57529956922525,5533.856701460041,1435.543865083245,-148.3796615600586,11.388540744781494,42.308998107910156,9.074860334396362,-0.14545375108718872,9.320393562316895,-0.7679676860570908,5.529194116592407,5.7678773403167725,8.120488405227661,2.711467742919922,5.964998006820679,-4.870096206665039,9.089709281921387,-0.8639509379863739,5.198665380477905,3.411924719810486,8.204757690429688,1.8263474702835083,4.709564924240112,-3.359297513961792,7.516979217529297,-1.3585342168807983,4.401502370834351,2.8477251529693604,7.252847909927368,19.844047214504993,0.25544106823148094,8.617499118403275,0.005119394561426061,3.8170077949156918,149.00672862480235,133479.19676484572,0.022550719086923975,0.002296656216273273,0.013455354241419483,0.0070786115258232064,25.52483713919359,1.2440306707439948,0.0014110717119146412,0.0013071792382093146,0.0031477821620626636,0.0023416702172637045,0.007486490505259015,74.9625520854969,125.14636768268085,19.859949277220608,0.9856285889430214,140.06745685478649,25.93345489386567,2.4395162371749453,4.658859360777709,1.2740459568678089,1.711201498992504,0.004443542238503558,0.9285362080191422,0.6313200251416226,1.0802867790195863,0.6528961559326832,0.17246861302924735,0.5604532814576169,0.7908296412921041,1.5845097582426968,0.3621918086640666,0.5197111452607424,0.277253770622244,1.3092856112573434,0.11744472218651687,0.24712602319489863,0.050924519769166864,0.8215199648533729,0.4965168494413787,0.1750002899255997,0.05047068250440156,0.5388339712202567,0.34555998789209164
750809,TX,Strix varia,Barred Owl,Strix varia,48000,2,False,True,False,False,True,False,5,421.9207458496094,1.7888925836817358,806.2531428571428,-0.964016950889383,0.01846499675508429,11943.686425603537,160.01294971788676,0.31192443656953284,0.567291857188773,0.34390688961647825,0.45808897721953923,227.65502054704916,12.822112850283483,0.7743712540681538,0.0035754610784351827,0.004286312195472419,0.14635515771370022,0.09115554518794605,2037.050611331846,916.5254213855824,2120.2737041448618,557.7661458219801,3590.9969742571716,1870.6886257947604,-362.81805419921875,14.325020027160644,26.902445602416993,11.534187126159669,-4.2035763502120975,7.020252132415772,15.646006393432618,5.826946544647217,-3.84800386428833,5.332578802108765,-6.753450679779053,7.757398223876953,15.56378002166748,6.895538806915283,-3.6660550594329835,4.860145425796508,-7.979359722137451,4.535284757614136,11.164668846130372,4.584637928009033,-1.6771701276302338,4.601392078399658,-4.5498006582260135,4.3130199909210205,8.410353088378907,3.6498891830444338,20.507966485126595,0.3911169168961107,96.76130613504277,0.026080569118803354,0.013540978589840125,10490.873597608897,165.69238319970773,0.10902748609649963,0.08475345629114388,0.11932107227298905,0.06020666390371913,183.10362086466753,5.136840687518733,0.05512806763348053,0.001964369285852123,0.002384721970371178,0.03976448080588034,0.019564330969398167,425.0817279775003,125.2484256265112,242.6553840577767,140.10045501310407,809.0930006162414,401.3690616815263,4.484416811736505,4.5934847891682224,3.966156143711561,4.278055373848844,3.728726114231382,2.012461705225724,0.6893094804128265,1.9598206341647573,0.9574321776079583,1.1090208482023776,2.14352358133419,1.484486049171878,1.1225622246450253,0.8749754634009383,1.354282497197908,0.8851416795821551,0.8261842782948224,1.1235890610678585,0.7091377415640122,1.3043805207435901,1.9928540773979428,1.20742546731905,1.9744175104092387,0.6649834884455149,0.560703287197221,0.4865468046207571
75505,AZ,Calypte anna,Anna's Hummingbird,Calypte anna,44100,2,True,False,False,False,True,False,1,494.8461608886719,2.1970591155161987,734.562358276644,-0.6707348268455646,0.1970780568309008,334383.18720061023,65899.5887704196,0.05158521030747665,0.22397371807818056,0.12354415669703511,0.4222663338101693,53.26637556503263,6.264410773074646,0.9277951781001236,0.07457304745912552,0.021049823611974716,0.136915330762987,0.09072119274394637,3796.1126989494305,1276.7676274270484,3092.320557331749,280.04101399321917,7325.763494318182,1403.3944765796505,-111.51016235351562,26.80390167236328,-6.362717151641846,19.9345760345459,11.19018840789795,13.962594032287598,11.815694808959961,8.501392364501953,-3.307497262954712,6.9951395988464355,2.9559381008148193,5.849335193634033,-4.389552116394043,6.364506244659424,0.9201863408088684,4.240531921386719,1.9702285528182983,4.349653244018555,0.12588931620121002,3.3777520656585693,0.7906953692436218,2.3728370666503906,2.4323015213012695,2.4963021278381348,0.028054676949977875,2.4320805072784424,,,,,,,,,,,,,,,,,,,,,,,,,,,,,,,,,,,,,,,,,,,,,,,,,,
757764,CA,Anas carolinensis,Green-winged Teal,Anas carolinensis,48000,1,False,False,False,False,False,False,1,459.2293701171875,2.1447632528654452,641.3632199546486,0.2055118027065761,1.517343878503649,323306.09604919015,490566.52572315146,0.17073051715197207,0.28621159245368344,0.1995019087634783,0.30047067964157137,27.667746443448976,4.283524654111848,0.7272863674833869,0.02936575375497341,0.032650530338287354,0.17333755671838408,0.027673201015007032,2987.826992944825,434.1944567305543,2676.0140228827836,354.96338909145237,6126.751008580943,1156.5109920422058,-125.34898376464844,46.32080078125,36.679542541503906,13.795614242553711,-3.354677677154541,9.265804290771484,0.7328386306762695,6.382009029388428,0.5555309653282166,7.555469036102295,-1.2428537607192993,5.052624702453613,-0.7467146515846252,4.1881208419799805,0.19805645942687988,4.123195171356201,-1.4674112796783447,3.490574598312378,-0.26914480328559875,3.3144073486328125,0.6595469117164612,3.237786054611206,-0.3362995684146881,3.5464229583740234,-0.1924067884683609,2.97305965423584,,,,,,,,,,,,,,,,,,,,,,,,,,,,,,,,,,,,,,,,,,,,,,,,,,
772323,AZ,Cynanthus latirostris,Broad-billed Hummingbird,Cynanthus latirostris,48000,1,False,False,False,False,False,False,4,447.58509826660156,2.197145608424176,421.9819954648526,0.9221379029452643,27.925276432025225,7905.0239143848,210258.53460029923,0.07416878722346631,0.19558727802757436,0.12690236839967048,0.22044330240681195,29.772794270921896,3.7236235688150603,0.6621816447227054,0.017745607998222113,0.019071775022894144,0.4226748893076698,0.028627749393000997,4938.392041514517,290.990474392205,2826.619802056951,347.4586392252159,8333.03442783043,477.0753402771862,-130.39821434020996,22.119455814361572,0.4226466715335846,14.168873310089111,-2.498054713010788,6.465767741203308,5.808749973773956,8.86021113395691,-3.2761064171791077,5.1507627964019775,-0.9848752394318581,4.557069659233093,0.8320763567462564,4.736738204956055,0.5233811847865582,4.147385776042938,-1.0430934131145477,3.3037166595458984,1.4683510065078735,2.9329786896705627,-0.3615247309207916,2.6695773005485535,0.3998836278915405,2.54900586605072,0.08261867333203554,2.517997443675995,7.977755427846021,5.6613749886028945e-05,23.452918512810818,0.02565401611917973,13.26078328349134,1058.96170045991,62293.79087239575,0.00814925696866038,0.04149168987180376,0.023997656475925538,0.011248601048926143,32.1372691065491,1.6323106400708494,0.04909312255415991,0.0012080893979366557,0.004156662931447853,0.010212433193762417,0.003685238954250922,92.64494245528938,33.317785300411835,62.97864552171063,23.894383617699013,169.03519530249136,74.09571937447974,2.4148781586422325,8.110312696201753,1.7138861877309084,1.332768064952569,1.3292654250690457,0.6267096852055937,3.259503831426069,0.7010411204812024,0.6045842724046241,0.3880687959011339,1.0744727521656905,0.23905863914158562,1.0919833256001856,0.5642876588572867,0.5608256114754518,0.38912138367647564,0.46736800215858093,0.1836131733885278,0.43062432964959485,0.24527014515923556,0.5046858113110452,0.15479388045631773,0.30159907974664113,0.23373187623595743,0.26000922215047023,0.31135947597233604
77507,TX,Numenius hudsonicus,Hudsonian Whimbrel,Numenius hudsonicus,44100,1,False,True,False,False,True,False,1,402.9715576171875,1.7577153522861575,908.4186848072562,0.22220926528077858,1.571385734907205,11340.561485347584,17820.396543913255,0.2857089518549305,0.5070559930909617,0.4262933965188468,0.38018580891037224,51.401377497420754,6.186144704358514,0.9385329881788732,0.006744462996721268,0.0035422013606876135,0.3108190317622951,0.06689515034935761,3673.3136820511236,382.0155775653507,2059.1912186884574,137.7350297849498,5200.344198258197,165.16231245035792,-207.38038635253906,13.703387260437012,33.68067169189453,8.69558334350586,-20.968374252319336,9.493429183959961,7.269275188446045,7.4014787673950195,-22.158538818359375,9.018704414367676,-10.101786613464355,6.929647922515869,11.706180572509766,5.992373943328857,-9.168265342712402,6.882981777191162,9.922760009765625,6.3232574462890625,8.397534370422363,5.119166374206543,-12.40101146697998,4.482955455780029,-0.9346091747283936,5.301660060882568,0.4660210609436035,5.292942047119141,,,,,,,,,,,,,,,,,,,,,,,,,,,,,,,,,,,,,,,,,,,,,,,,,,
77519,TX,Rallus crepitans,Clapper Rail,Rallus crepitans,44100,1,False,False,False,False,False,False,3,559.4047444661459,1.9316070911554892,1175.7538321995464,0.848349302250555,12.270116057349407,20748.07078206472,253656.96944272434,0.145083069218525,0.30225034333637096,0.17281309116175683,0.3459991476825377,30.08619933070364,4.793872317050034,0.6368560353646976,0.018536127482851345,0.021794524043798447,0.1807364851678376,0.04914873945543117,2828.49775576421,633.7090160616382,2166.3810924920276,188.32512952145302,5000.880507172132,746.9686581411897,-160.71353149414062,40.52916018168131,44.824780782063804,19.238167762756348,-8.506261428197226,12.526815096537272,9.792321681976318,5.386300245920817,0.4580582181612651,4.055840810139974,1.357142150402069,3.1987711588541665,-3.6235625743865967,3.4641311963399253,-0.7938481569290161,3.0468706289927163,0.7058615287144979,3.18579896291097,-0.7266880472501119,2.7879738807678223,-0.8036381999651591,2.9090821743011475,0.24017656842867532,2.3699841499328613,0.049553580582141876,2.6412033240000405,27.61453141070642,0.09820335859792964,54.35809932995731,0.014264841738276772,1.3068958154484505,10151.181398883258,118180.8679201884,0.03174182152630193,0.04994851162611805,0.01764067256384168,0.037906129505108146,6.365841058562037,0.5247207423508768,0.0826958502538569,0.006751682919154092,0.0036186134748058354,0.006059480267725238,0.010136470935266513,57.77701685654852,157.8767453185136,60.635617662503684,27.126987574055548,83.1426054239481,164.6466301759418,11.02113905194499,8.024029036579009,6.481299680948172,3.551590802914552,6.0166674386709085,2.39003180584042,2.3084726003278266,0.25221977877374696,0.7934831293187076,0.9250911979986184,1.0468289191899975,0.4293767231251392,0.9235691334217382,0.6356473601283069,0.9944826999803931,0.3736948256394262,1.4366654202317422,0.5599611925879797,0.36374117458665506,0.28676063393524626,1.1121771795000668,0.40810584935308925,0.5027356873841508,0.22735566817718217,0.7744979317349654,0.47427837960623737
778410,AZ,Meleagris gallopavo,Wild Turkey,Meleagris gallopavo,48000,1,False,False,False,False,False,False,7,426.98067365373885,1.5685130930805438,846.1680725623582,-0.12760325136974288,0.7844818482771055,200936.94007831527,168192.04863385335,0.3896760116922136,0.5758445474168183,0.4237480661486182,0.342490716428398,80.51386555244582,7.413453167216464,0.6044534865631913,0.009444001762728606,0.02103607895384942,0.15954005833890933,0.04950486574600658,2701.9976982796475,550.3510145846516,2491.370159946318,446.32599191922094,5378.030945824795,1365.7081784437323,-244.3536660330636,41.9884820665632,41.73674447195871,18.493314743041992,-4.606442455734525,9.389456476484026,3.230912617274693,8.070733002253942,1.903620719909668,6.045447077069964,0.3725230480943407,5.1310794694083075,0.8310698100498745,4.63050103187561,1.3226406265582358,4.1260818753923685,0.7311416970832008,4.450287750789097,1.1242098689877562,4.174784285681588,1.0314016257013594,3.6397973128727505,-0.7814963289669582,3.96667970929827,-0.15280061747346604,3.756549971444266,6.992154048521644,0.28659073505155086,116.70302371110516,0.10001497366035966,0.14263849993191818,160199.2317386682,134397.56069983894,0.09730437042398109,0.06916966506523943,0.07374062462098836,0.02758045937823949,38.52278307773123,1.6992866825611663,0.10751508353049803,0.00419920022089411,0.011788116655367956,0.018097780532962966,0.013896232268075718,169.44647517840954,98.70349971477752,137.7500249784847,112.75038526654755,472.0973988230896,252.17597688070683,7.327392168230227,14.395649053030446,6.222248628933612,4.4543259118231795,3.131369106308041,2.604859454499968,1.9743419880627213,0.8251785407284157,1.4423486605661253,0.8711883810254637,0.9532837296671418,1.1970138938945256,1.3321656033130551,0.8089981798098801,0.9560468546436078,0.5451469536067679,1.2826854318576415,0.40081696760322727,0.7546853771188734,0.7074788001683154,0.37271706321656156,0.514747812384826,0.5823409348613798,0.3337441134756774,0.9553035557012266,0.3011878644378764
779907,CA,Mareca strepera,Gadwall,Mareca strepera,48000,1,True,False,False,False,True,False,1,430.9389953613281,1.3010442359813528,1237.0419954648526,0.07574020290624496,1.1638937518312549,8749.865432460017,10183.913706204496,0.32621282812743324,0.5500003049629638,0.3669207648629199,0.41606496097694734,42.24358103552746,5.814265646708757,0.508554738116584,0.010139044374227524,0.009032094851136208,0.08942391939252337,0.02883711609222759,1616.5029611266984,230.09465297012954,1719.419069089202,246.38897490742602,3037.087242625584,566.7486455208023,-226.4284210205078,19.94769859313965,65.30388641357422,13.801798820495605,-14.484578132629395,11.049227714538574,5.256348609924316,12.36104679107666,-2.8050143718719482,6.403667449951172,-3.276712656021118,6.1214280128479,-1.6721657514572144,5.345448017120361,-1.7726631164550781,4.250588417053223,0.7345250248908997,5.082941055297852,3.740696907043457,4.124302387237549,0.6333106756210327,4.1643829345703125,1.9891464710235596,3.5474398136138916,-0.5589908361434937,2.823416233062744,,,,,,,,,,,,,,,,,,,,,,,,,,,,,,,,,,,,,,,,,,,,,,,,,,
799409,CA,Calypte costae,Costa's Hummingbird,Calypte costae,44100,1,False,False,False,False,False,False,7,440.2041756766183,2.082300794714216,1167.2238548752835,-0.850517992325682,0.08883266557021187,42465.08554932492,1145.652495352125,0.1811161116588531,0.39285747727508735,0.2544450872014546,0.2532667182567489,35.618724692149264,4.643343560972619,0.717453308206755,0.006081669541474964,0.007531915774701962,0.14165498102417196,0.16168538312280648,2476.3880695576377,1323.202576920926,2694.355305301527,605.6555410274011,5382.756867955943,2394.0581115293658,-322.0539986746652,13.462915352412633,16.755414417811803,12.712220600673131,2.089137435491596,9.982012271881104,2.9164522545678273,8.775553362710136,-0.27681634814611505,8.005117620740618,2.509349978395871,7.5192060470581055,-2.3015060807977403,6.977167742592948,2.9504953622817993,6.211854934692383,-1.9166812215532576,5.604625020708356,2.4481070041656494,5.2094197273254395,-2.3305221625736783,4.972873108727591,2.388644048145839,4.584890876497541,-1.4307714189801897,4.436621597834995,46.819372863072346,0.0608511289661773,97.5769230419731,0.16692331968475754,0.10428506689964233,61867.46376398491,1678.9913228245368,0.03631700640514923,0.05875962986720658,0.044446112843898565,0.023679869059981068,25.832045368032254,1.5007771206779796,0.07266119699848987,0.003884832136288747,0.006360971986365023,0.05757100771769606,0.05277631027071595,488.00548117147304,401.00638709980143,236.29391617669168,80.64530800609819,876.5401965056813,434.26411337128036,5.605568293521028,7.264384636788936,9.284707067142932,6.776598742222765,2.004172087733529,2.056386195055088,2.4231703874334536,1.3363899263608978,4.201933139771481,1.863750785264306,3.956639852136445,2.183778332842889,2.9882405488559542,1.6669696582316358,1.6562833210855314,1.1651315571553853,0.6516885063557465,0.713069466721161,0.5491442482873514,0.6958653464080147,0.49044121246298694,0.7145621508311283,0.690705019897788,0.572427523467758,0.5688992359301591,0.46187148465921435
807038,CA,Patagioenas fasciata,Band-tailed Pigeon,Patagioenas fasciata,48000,1,False,False,False,False,False,False,2,407.79734802246094,1.8545880576639395,970.2575963718821,-0.6052559982252204,0.30395130575553925,1836434.1862646583,478746.50341891724,0.18285741242657982,0.42871783675393005,0.25537770222516276,0.29662660677433905,58.85104755468586,6.360294346567233,0.8432261601549389,0.061924684792757034,0.06026108004152775,0.13649404914373536,0.0851584809963502,2333.792890686333,713.5168883040462,2131.8880497709515,432.64775730568033,4280.669665727459,1055.7152411873396,-150.6198272705078,43.79531383514404,31.33421230316162,11.426801681518555,-19.508073329925537,17.42135524749756,16.77611780166626,11.648038864135742,7.325352668762207,11.449948787689209,-2.2374112010002136,7.843903064727783,0.5588849261403084,7.194642543792725,-1.8727040439844131,5.878466367721558,1.4627529382705688,5.036158800125122,3.0207501649856567,4.4648449420928955,0.0440998375415802,3.829497218132019,-0.490424320101738,3.9248909950256348,0.65724116563797,3.3844611644744873,14.991816089710575,0.225986207686907,234.44030728652479,0.47896931219772176,0.3890673267986916,408361.53518200817,590374.5178528132,0.05881839779121137,0.03860193615289736,0.012554753372841385,0.025525136385221272,39.42187056681107,2.4918022655399965,0.0006912538392252987,0.005251755473904525,0.0005634691202762381,0.047264381633189016,0.029511599817820457,320.73658786341605,8.200692799189845,59.366873351275295,59.202435667970505,196.19428401604762,240.82815040002004,19.381022611113888,23.454257243804122,2.4321536885022743,1.6424404329335267,9.4638415081679,5.2924532716167665,2.594909981760671,1.5792646672392132,2.080597721353629,1.5127164793144519,1.2201725906957288,0.9442735040783219,0.5412619563325601,1.456355690436956,2.0456549282915804,1.1366522883441155,0.560573990031752,1.3699826364970342,1.0279874290519941,0.8069108556351327,0.6885808388956445,1.1481450595834601,0.6355163339667612,0.7735726984630155,0.014599246855688584,0.6472639882724754
820865,TX,Megascops asio,Eastern Screech Owl,Megascops asio,48000,2,False,True,False,False,True,False,16,390.92284965515137,1.779298569390668,763.3219075963718,-0.14220369711974948,0.7594967414559943,3432.777454381564,2585.632121979879,0.43539978731471085,0.5976792004182049,0.5076228520665369,0.4213272967670761,92.72185625303358,8.33265283771871,0.8793733183270138,0.002646449123858474,0.0020597897237166762,0.16228276058438232,0.04242966758222074,2775.823963559895,448.5552048206349,2537.8570970865267,251.19405598125337,5536.828863425333,929.8104978500085,-273.249813079834,12.196378409862518,24.952851176261902,12.278995513916016,-11.450557440519333,11.304693222045898,11.219384044408798,7.8729217648506165,4.043636158108711,6.456263512372971,7.901538670063019,5.836469531059265,6.495835304260254,5.590966433286667,1.9410253316164017,5.856391996145248,-2.120286555029452,6.216785877943039,2.1081875598029,6.312744140625,-3.19184423238039,5.678455948829651,2.517914514988661,5.461452156305313,1.8050011955201626,4.9880847334861755,3.8908799821097158,0.08316529677837618,57.33727806034849,0.08742159114046212,0.11884532900790408,1375.1878964048408,1094.971963716846,0.04121962072270727,0.041881096893917016,0.029142137790401108,0.04553416560968196,42.99704342486898,1.952747553839423,0.02669573225618147,0.0004897464040576192,0.000414556939467904,0.013276266489568913,0.006721812902951094,130.6234893559971,49.662264698568556,70.52023037009735,34.356394449760494,214.61651736572574,159.44683516800228,5.103765591891252,2.064847201313917,2.948181747938993,1.2233902907151957,3.112042283983221,1.2247339734946436,2.0081287499667866,0.6434863521972046,2.4004919538960774,0.6035148189396846,2.782554501103734,0.6793661064782247,2.2299582448459963,0.8172102616004133,1.997521885349827,0.987529738573952,2.088679113221858,0.7779098311589973,2.044657827863935,1.1041186709631932,1.2276518083386574,0.8514858628149343,1.8882213328844264,0.8297048805900016,1.6032186979661978,1.0737216369632923
845953,TX,Struthio camelus,Common Ostrich,Struthio camelus,44100,1,True,False,False,False,True,False,1,430.65521240234375,1.8101418692392341,1610.4181405895692,0.036533386775402354,1.0758373695028827,1309804.6050410098,1409136.7408500821,0.46368379193564013,0.6837470236130578,0.4469821515836734,0.6209564772259664,154.06845839642415,11.259868196871619,0.9268508128507462,0.2290608286857605,0.08189237862825394,0.16682942708333334,0.016763389137167045,2747.402855322738,233.1921633808299,1744.754223580105,119.24239418239364,4705.657404119318,670.6684334911438,-37.79622268676758,16.566423416137695,57.03569412231445,5.8747429847717285,-13.965377807617188,4.299713611602783,14.386850357055664,3.5787127017974854,-22.240018844604492,8.844024658203125,-9.546558380126953,3.976503849029541,-25.67963218688965,6.847872734069824,-8.376709938049316,5.298584938049316,11.053577423095703,7.236430644989014,9.09975528717041,3.89315128326416,0.7317253947257996,2.439998149871826,3.6963796615600586,3.4333817958831787,4.4909186363220215,9.701458930969238,,,,,,,,,,,,,,,,,,,,,,,,,,,,,,,,,,,,,,,,,,,,,,,,,,
860393,TX,Empidonax occidentalis,Cordilleran Flycatcher,Empidonax occidentalis,44100,1,False,False,False,False,False,False,1,412.952392578125,1.99631700880272,906.6819047619048,0.6626399378696249,4.928384016087493,316215.86416441004,1558433.2105811725,0.2728172195429335,0.5373811138214073,0.3478479135893481,0.28403343741009035,90.36947122729978,7.270638758449924,0.7554034281506253,0.04864003136754036,0.0595255121588707,0.20940747584894615,0.07566533362455262,3225.9210878328863,416.05297516929875,2719.6338382393214,244.42665008365228,6593.824843109631,495.82871611017845,-101.21654510498047,46.035308837890625,22.013599395751953,7.203270435333252,-6.394463062286377,6.334918022155762,1.2558273077011108,7.998590469360352,-0.2000207155942917,6.734371662139893,5.291744709014893,5.144964694976807,-3.172374725341797,3.997483730316162,0.898469090461731,3.835643768310547,-1.0969237089157104,4.196775913238525,0.8481382131576538,3.6197669506073,-0.34392687678337097,3.22401762008667,0.4645197093486786,2.766568899154663,-1.9940485954284668,3.9439775943756104,,,,,,,,,,,,,,,,,,,,,,,,,,,,,,,,,,,,,,,,,,,,,,,,,,
862339,TX,Himantopus mexicanus,Black-necked Stilt,Himantopus mexicanus,48000,1,True,False,False,False,True,False,1,447.175048828125,2.1704431095769743,759.4020861678005,0.6976838583597448,5.615591179315608,649.3429444303426,3646.444511093857,0.3186638663749186,0.5378720988832988,0.34685970828475154,0.5071685526854307,76.55664876025415,7.748817531361122,0.7323377144488452,0.007664875127375126,0.008024227805435658,0.34288969494047616,0.06809427643667582,4128.9582372160685,625.0621175594389,2813.280969962483,411.158123683904,7517.90771484375,1205.0489972395135,-217.15750122070312,29.991518020629883,7.4450297355651855,12.995987892150879,-1.8587534427642822,9.559728622436523,5.223055839538574,10.369006156921387,0.2706414759159088,8.937796592712402,-2.642548084259033,12.512815475463867,4.851107120513916,16.4056453704834,11.419686317443848,8.988649368286133,-1.4924674034118652,5.076460838317871,-1.47952139377594,4.011956214904785,1.6583030223846436,3.8559768199920654,-3.2654759883880615,4.078114032745361,4.732954978942871,5.846144199371338,,,,,,,,,,,,,,,,,,,,,,,,,,,,,,,,,,,,,,,,,,,,,,,,,,
87027,AZ,Coccyzus americanus,Yellow-billed Cuckoo,Coccyzus americanus,44100,1,False,False,False,False,False,False,11,448.4679260253906,2.125381819659793,916.4173490002061,0.08723164836173405,1.3554587508830453,53620.8339071187,68182.5179185703,0.17188045712086988,0.3638831850951389,0.20386363674673655,0.3269993317549479,42.58635940121674,5.4079586373252315,0.749757396444478,0.013432089874351566,0.009570354130119085,0.2052761611467426,0.06020127436137591,3100.781352037123,495.3059403268078,2562.8391120867777,321.4027043378737,6168.579610946815,1063.860413735252,-166.90913529829547,19.376062739979137,33.72057411887429,14.211919221011074,-0.6085793511434034,9.062370126897639,5.565904183821245,9.980196952819824,0.7223201881755482,7.962250666184858,0.26473410427570343,6.613057483326305,-3.304731022227894,4.768565481359309,0.9382165629755367,4.864952022379095,-1.472943207079714,4.800126075744629,3.6521060358394277,4.060297705910423,-2.566572579470548,3.446621764789928,2.3744517239657315,3.4594844688068735,-2.389297078956257,3.2435625899921763,21.28911481748067,0.037593553265554275,157.06480075279302,0.23363417730224545,0.7161924558306083,21683.13549681134,36732.78164041483,0.06822162082701702,0.0834480402981552,0.04901682128093932,0.03927218036315584,19.615510466403794,1.1971180875059486,0.08930732873183846,0.0031808888637230265,0.003004829184954257,0.022520794788070515,0.013828976367723773,133.00370832953868,75.79056842757471,130.74099607422315,80.93568139552441,360.834332565665,294.26458797491625,15.179701963999566,4.773714759786919,3.6303767259744317,3.3440814500079576,6.871829939754156,3.3921158393675435,1.8648224831055042,2.8287967937125655,1.0615534761006444,1.619961519962307,2.2762150386316944,1.517918318059849,1.194966936444355,1.0348665621782969,1.3671040596384827,1.080944648541187,2.353221365999629,1.0243013382085746,1.7889060321661447,0.7070825714784122,1.0449702753562322,0.51597729760524,1.111833366395803,0.45633882094800954,1.44692181818204,0.6483900594961629
877615,CA,Cynanthus latirostris,Broad-billed Hummingbird,Cynanthus latirostris,48000,1,False,False,False,False,False,False,1,489.0257568359375,1.8292194332782148,1047.0695691609978,-0.795446879768338,0.11392880654762386,280696.98913239944,31979.472973365613,0.23949102834723845,0.4415751161492165,0.2559448202618725,0.4638163918745126,63.356406776490694,7.42851042971897,0.979580913518233,0.029846571385860443,0.005964576732367277,0.05467949538934426,0.02949800451799757,1152.1580442893694,534.0737226020756,1466.6147267546285,400.5612025549048,2067.1622854764346,1248.3192896543217,-201.8794708251953,31.783395767211914,78.70359802246094,18.43028450012207,6.998354911804199,9.366028785705566,10.807653427124023,8.44089412689209,-4.134108543395996,8.619182586669922,0.3308391273021698,7.309785842895508,2.9525156021118164,5.158107757568359,-2.480323553085327,6.1013994216918945,1.7592945098876953,5.5133161544799805,0.5735830068588257,4.453212738037109,0.058549366891384125,4.413760662078857,-0.049749135971069336,4.36991548538208,-1.617297887802124,3.420330762863159,,,,,,,,,,,,,,,,,,,,,,,,,,,,,,,,,,,,,,,,,,,,,,,,,,
900944,TX,Pitangus sulphuratus,Great Kiskadee,Pitangus sulphuratus,48000,2,False,False,False,False,False,False,1,480.8253173828125,1.7677277726166354,1218.9241723356008,0.3139889258107704,1.9154048312758276,8806.18530328114,16867.409875014884,0.31055671423094977,0.700235675856785,0.3585838321351118,0.4011425126031648,102.57806082552243,8.71090198760875,0.7901750474210756,0.009069930762052536,0.007059893570840359,0.10178684543918919,0.10049564412397145,1657.2036187048727,940.0569727683009,1842.3180617946514,311.9421562468611,3060.666305954392,1406.6550797104057,-244.0101318359375,32.224857330322266,52.00634002685547,23.665130615234375,-7.643211364746094,7.628317832946777,4.124294757843018,10.120233535766602,-0.4046008586883545,7.974356651306152,6.155325412750244,7.912116527557373,3.544461488723755,5.455156326293945,4.008528709411621,6.0011372566223145,0.7258949875831604,5.49105167388916,-0.6668301224708557,8.043783187866211,-0.8109043836593628,4.8820481300354,2.1316730976104736,5.810270309448242,-0.09761867672204971,6.472471714019775,,,,,,,,,,,,,,,,,,,,,,,,,,,,,,,,,,,,,,,,,,,,,,,,,,
914676,CA,Alectoris chukar,Chukar Partridge,Alectoris chukar,48000,2,False,False,False,False,False,False,4,476.9636993408203,2.1740748449698026,730.9402154195011,0.9029391590484889,20.321108153348874,24306.163310556443,486797.66675642703,0.1649551809235601,0.2837017373268894,0.18514432441213105,0.3319700631808675,29.369223929305456,4.73974489604938,0.7499264059842414,0.026460041292011738,0.029642068780958652,0.386474895253952,0.0462428497284669,4622.374747641453,572.5840102042832,2946.359912656314,694.697624125582,8106.084804847592,1911.7412768805207,-139.8524284362793,47.493428230285645,19.38254451751709,6.2533570528030396,-5.913016855716705,26.67701005935669,3.9347757697105408,5.869673788547516,6.647457599639893,4.951672315597534,-3.488797962665558,4.491076350212097,3.9952606558799744,4.661387801170349,0.7268844842910767,4.1759583950042725,-1.3233178853988647,3.7426185607910156,-2.1624638736248016,3.3009416460990906,1.1638228297233582,2.7795259952545166,-1.6977329403162003,2.781358003616333,-0.39953463338315487,2.766926348209381,3.5584134544459585,0.003594262453875213,13.468623526697003,0.019933614148666384,4.7132998553218926,2972.685997996244,81626.73565437004,0.016236071094277285,0.025934324218827225,0.012404091890083353,0.012365273528085613,3.564939635943186,0.27588223975468834,0.016560150400937747,0.0026347671189015935,0.0022466599952789663,0.001334525694317396,0.0014224664898591728,19.635138063615287,12.039433467332374,64.21202462399916,43.31559964101388,135.97943493276324,63.81913787111632,2.5972008302744976,1.2474560139141573,1.1101413403393712,1.4526222279679908,1.6995371828955834,0.5903000068931584,1.2753954895298643,2.9681355704500345,0.41420063282680086,0.6510169115215969,0.3772165795601204,1.297938132608563,0.9528837238848182,1.0963139761082448,0.29512624202952886,0.809403551323482,0.4521780902605829,0.5798794148094948,0.44190164670881416,0.21893206526268558,0.6426541826904425,0.6546981378887292,0.9552801473951547,0.21602144435421378,0.446263095275194,0.1509343530593432
917376,TX,Micrathene whitneyi,Elf Owl,Micrathene whitneyi,48000,1,False,True,False,False,True,False,3,391.0980733235677,2.1969522079069463,385.6301058201058,-0.8714054474808078,0.06911307183972924,12740.64786545775,825.5746187564783,0.18769979791673216,0.5023499431358297,0.327218251033594,0.5539951938379545,108.1719927821419,9.797746293153587,0.929838102229377,0.006036651010314624,0.002397835603915155,0.10887299656030446,0.038078149306713015,2516.955371444226,557.6275374742287,2938.570832514534,331.83341285256057,5872.025486680327,1305.3352210130004,-257.85593668619794,9.328299840291342,8.384510199228922,8.888997077941895,-3.485920508702596,3.941603501637777,15.628225008646647,3.6997660795847573,-1.7274267276128132,3.459284782409668,-5.956691741943359,3.3576568762461343,9.533533096313477,3.2897733052571616,-2.9640533129374185,3.990029811859131,-6.805578231811523,4.027174154917399,3.331834395726522,3.0251429080963135,2.6602070331573486,2.254117170969645,-4.246035814285278,2.641961415608724,2.844218691190084,3.1702417532602944,0.5428896633132804,0.00015472227907321496,13.438109962514577,0.04414869380437563,0.025281395137933805,3457.3641076473205,107.9736644866266,0.008807707670024032,0.0383547873291474,0.015402049764601489,0.008845390141761299,23.463396312535284,0.9632271784773656,0.05075609581922957,0.00040621564137576215,0.0012598495547511868,0.00418843116985274,0.00923388394154976,62.81441443013274,131.79115696941767,58.68360853589681,48.36908055191445,197.03039540300557,220.15188182117342,4.041893827934808,1.2700772488080525,2.2601219768719596,0.8054397451389173,0.6298181802179642,0.08828376533829735,0.12089792785895162,0.06213574402161374,0.6585258585553817,0.3209070933867339,1.1684788848843979,0.1057711552428447,0.37936993707275196,0.14612020023307884,0.17543462923695097,0.3262104136254849,0.34015565101516576,0.487400152949858,0.627897770158207,0.0503957986148754,0.3337509344830309,0.15538508051527183,0.4766672748085285,0.21836453404452613,0.835339840143245,0.23324528145516157
92956,TX,Empidonax fulvifrons,Buff-breasted Flycatcher,Empidonax fulvifrons,44100,1,False,False,True,False,True,False,5,398.1744689941406,2.181056466169489,393.59275736961456,-0.5518266381358232,0.2912456385777096,80654.37989157005,23303.850671308563,0.22850925945617528,0.4042143449267197,0.26716047928776554,0.5111604743370493,93.18411646666894,8.932865612564253,0.8838597258875002,0.016200638376176357,0.0036073816008865833,0.10312545740632317,0.020228207222386985,2260.797759069798,197.47869072472707,2547.678154509723,136.1035859990139,4966.055888191599,607.1253615190872,-174.40008850097655,10.039393711090089,43.92405700683594,4.988905382156372,15.524768257141114,7.885102367401123,7.312528991699219,4.369216012954712,5.366274452209472,5.186088752746582,3.060594987869263,3.325505018234253,-0.6663648366928101,3.816803216934204,-0.7729549646377564,2.610733652114868,0.31351765990257263,3.1102766513824465,0.511882159113884,2.1355305671691895,-0.43345052003860474,2.755571413040161,-0.30870433896780014,1.9236162185668946,0.598600298166275,2.382015323638916,20.370882937875734,0.03261612419554439,39.19933353383399,0.07496262751926913,0.0632382846244909,30194.813821361342,9140.052075813044,0.07678710454890066,0.11208542838012549,0.09232301303172322,0.01478828771329135,16.934312577743654,0.7921380895786991,0.147051243020335,0.002518306976660181,0.0024690501284881446,0.004808567825044857,0.0030927037564254657,152.51508033533847,77.903607061655,118.21622680227674,19.998636148483016,608.0630510049195,104.12476644292376,4.79344358703406,2.588281129661419,5.185488065524866,1.4789310564739464,1.8247839546825841,1.1219712801981006,0.7760287658736033,1.817649382727075,0.6716064402806124,0.2408804175024679,0.33857773204145947,0.4471977457013051,0.22451529274288176,0.4453567352190274,0.19060591162756543,0.20034475625169762,0.24214297082466488,0.20445525607111928,0.2869913553991065,0.11786387788069348,0.11339565071979525,0.23898110470287703,0.23494824984552784,0.06534539513554344,0.14380625835668578,0.1907088936872454
92968,TX,Empidonax wrightii,American Grey Flycatcher,Empidonax wrightii,44100,1,False,False,False,False,False,False,17,439.3436333151425,1.6361900989089353,971.7969214352406,0.12656632233215726,1.8897131237325482,22057.204181235968,27830.708081357152,0.21264484050570495,0.3376844980091782,0.21704454413506213,0.46019256976348305,44.59802763120847,6.0797486785138375,0.7921586178613388,0.008812193991616368,0.005255329203517998,0.10842547828557653,0.027809316100815187,1782.5603768253072,310.93113024476844,1757.5115970529885,132.201333421192,2670.228428045142,550.1206843995075,-225.45963601505056,20.58417791478774,76.3402348686667,10.47482369927799,12.199520517798032,10.622532928691191,3.8155586430255104,6.178392129785874,1.4399133070426828,3.1601352130665497,0.22297751421437545,2.4335515639361214,-1.3060294827994179,2.8022241522284115,-0.4222259793211432,2.2453814885195564,-0.9413436773945304,1.9184267661150765,-0.07564622610259582,1.8586667285246008,-0.1246219036881538,1.9035951460109037,-0.412716265548678,1.8957055176005644,-0.35917864455019727,1.9588899822796093,40.329337993549984,0.3534403217027234,237.59227691809343,0.3799761582529408,1.6218291924471029,16488.825213477987,17103.752791320137,0.07901536223715787,0.056911800355092884,0.06383909976098706,0.020036789020665774,11.927461299971016,0.7470427536198289,0.1646386924416576,0.003520753338162319,0.002793371145539504,0.0070118729266420935,0.015855729556808792,141.035278265291,158.21311482939046,281.39073601454413,43.39166512109182,487.49809615629465,237.90939500463148,26.37554927179957,7.568953169177613,12.001841594543706,4.180221804806648,6.090044747578453,4.963580752833279,2.6494187650529595,2.609631249246866,0.8104422413856801,0.8951242814227652,0.7664676231086806,0.5788240063410027,0.5105401334976281,0.7313744473926029,0.44977636558871936,0.40073298895903453,0.38500359317511706,0.21379022208767107,0.317638001975469,0.21311511449175138,0.37647770787857787,0.22895751436215617,0.2835349078664264,0.25004330903509364,0.3154727378937491,0.27382874393759465
92969,TX,Empidonax oberholseri,American Dusky Flycatcher,Empidonax oberholseri,44100,1,False,True,False,False,True,False,1,410.502197265625,2.187449076719575,700.1442176870748,-0.29112452385875215,0.5490372640608275,10698.80746982526,5874.043981946405,0.28322947552101996,0.3448375257800419,0.25228845354943263,0.49091536394336344,47.8390897913257,6.558189375492352,0.9786536898656777,0.006060915067791939,0.0010124281980097294,0.11136929156908665,0.021781876893671094,1927.9874622303637,249.25865281417956,1970.9732315079523,97.76985959422063,3016.2369524846313,668.4050704178895,-228.09828186035156,13.447247505187988,68.97760009765625,6.808200359344482,13.422792434692383,9.557175636291504,6.797397613525391,10.11279010772705,2.283322811126709,3.02874493598938,-0.7299890518188477,5.998074531555176,1.1472097635269165,4.2540974617004395,0.3790714144706726,2.854684352874756,-1.2824956178665161,2.6920909881591797,0.40714016556739807,2.3050827980041504,0.21993941068649292,2.1998963356018066,0.10792902112007141,1.9507602453231812,-0.3920268416404724,1.9459975957870483,,,,,,,,,,,,,,,,,,,,,,,,,,,,,,,,,,,,,,,,,,,,,,,,,,
941132,AZ,Aythya collaris,Ring-necked Duck,Aythya collaris,48000,2,False,True,False,False,True,False,1,402.5143127441406,2.1728176761664284,1108.2298412698412,-0.23493166491907705,0.6195228098965756,6475.420077437593,4011.670441634839,0.1322892812051386,0.3859569135948857,0.17885729594463762,0.39372028492725175,43.57792854456955,6.101488311574314,0.785536685481667,0.004586033057421446,0.0030147628858685493,0.22979609171549478,0.03375038336051034,3025.8925001506977,349.2525789565987,2312.935943178976,196.12592878499467,5635.923385620117,607.58741024875,-207.5115509033203,25.462339401245117,35.08858108520508,8.456168174743652,-12.438870429992676,7.775036334991455,8.153904914855957,5.240188121795654,-5.331826686859131,4.552903652191162,-0.24592852592468262,4.663585662841797,-7.523671627044678,3.0440995693206787,1.6354724168777466,3.255305290222168,-0.16625149548053741,3.2632904052734375,4.059537410736084,3.328799247741699,3.5525808334350586,2.810880184173584,2.643321990966797,2.564340353012085,-0.957862138748169,2.408475160598755,,,,,,,,,,,,,,,,,,,,,,,,,,,,,,,,,,,,,,,,,,,,,,,,,,
952203,CA,Selasphorus sasin,Allen's Hummingbird,Selasphorus sasin,48000,1,False,False,False,False,False,False,3,380.3266906738281,2.193471984805234,1616.0204383975813,0.9645190919256539,55.45856190953058,413.0156224017412,22889.941433212272,0.06402373472315415,0.36795247472455533,0.2320876958556913,0.5254992066252525,209.02573772973145,13.41986374568449,0.9234489974979466,0.007814008742570877,0.0035733149076501527,0.45596739912665885,0.06215976017973868,5502.414032936089,364.73543843792976,2469.5869440526144,102.26508426740163,8461.422579405737,178.6059551032205,-170.25987752278647,5.2601877848307295,-23.32721201578776,5.860616525014241,-29.451950073242188,4.7183888753255205,-16.096471150716145,4.147224108378093,-7.8149614334106445,3.163577397664388,1.4039559364318848,2.508147954940796,-0.8066180944442749,2.6419777870178223,1.0358278055985768,2.752926508585612,-2.3694085280100503,3.0855801105499268,-0.35779692729314166,2.832541306813558,-2.195190668106079,2.71297017733256,-0.6251968344052633,2.5446110566457114,1.6588391065597534,2.211730639139811,2.7039508018127116,0.0024966263972275127,65.03104200305458,0.001737068464162766,2.7652836093932085,36.88013572078579,2097.5140988582216,0.008634584369002874,0.05804616518023482,0.021928365578066576,0.02130770769194384,6.139805692889588,0.35782203598160656,0.02359614786334999,0.00026560674378216156,0.0005815899357691037,0.01102908306783718,0.005649410492195478,51.00723746409487,44.520528574592525,17.56948780474277,8.944482716116221,37.5118419848231,38.16254346113266,0.22202048296926766,0.553256713024308,1.2887651847874884,0.21514887802584137,0.7290112435802787,0.2158716916597013,0.4738594831542423,0.446854125011696,0.1006671792038069,0.3741002023907495,0.624133824798965,0.3981882632915126,0.8032891399208031,0.39686423030723184,0.7788514255546977,0.5026379264272834,0.5773338204449554,0.662950990339262,0.3223279478560971,0.07542161526889765,0.4690391693529513,0.3667747034199566,0.08525264490541232,0.2548229889574464,0.384923536282224,0.306091699057439
964245,CA,Spatula discors,Blue-winged Teal,Spatula discors,96000,1,False,False,False,False,False,False,1,452.56597900390625,1.6616459671187318,822.7230839002268,0.39311782478890317,2.2955326119181594,171007.64299069997,392553.62137240963,0.2430953879833483,0.5124739755190058,0.29570302559255446,0.4529022502937563,119.49272405338066,9.708337230640565,0.7114969916017035,0.0390867181122303,0.04442010819911957,0.0935248109303653,0.07989826675821775,2136.013855351712,628.3726181106911,2511.618186744515,154.537647639143,4675.703994541952,557.1765336196075,-151.87930297851562,46.58782196044922,36.42239761352539,12.7697172164917,5.645137786865234,9.229575157165527,5.721951007843018,8.070640563964844,-0.7375198006629944,5.504958629608154,0.3441084027290344,6.271249771118164,-0.9781590700149536,4.045865058898926,1.0620824098587036,2.8769843578338623,0.3977328836917877,2.9313623905181885,0.38408413529396057,2.659289598464966,1.2767776250839233,2.946690320968628,0.01724698580801487,2.177429437637329,0.584880530834198,2.2440388202667236,,,,,,,,,,,,,,,,,,,,,,,,,,,,,,,,,,,,,,,,,,,,,,,,,,
964250,CA,Spatula discors,Blue-winged Teal,Spatula discors,48000,1,False,False,False,False,False,False,2,429.8081970214844,2.1711797170877922,779.0256235827665,-0.14957315505318608,0.7407761613163164,1099859.7669358004,813291.0569342673,0.14366997413046995,0.35060818562284385,0.20591918519836083,0.3569702847140402,64.93156579994957,7.028757099279811,0.9293532186070734,0.06979049742221832,0.02689349092543125,0.13100117096018735,0.06375138314305452,2314.568856116145,415.26900265868136,2403.871149448335,203.62130933294168,4663.980852971312,582.7356767214542,-89.89411926269531,26.33195686340332,43.064029693603516,8.534704208374023,0.20119401812553406,13.253159523010254,5.775247097015381,11.189615249633789,-0.02081742137670517,6.010019063949585,-0.7008858323097229,8.747738361358643,0.28592801094055176,5.2091710567474365,1.523558795452118,4.813127756118774,-1.7742891907691956,4.62183940410614,-1.0362092703580856,3.6851236820220947,2.61035817861557,3.6072802543640137,1.658957839012146,3.8093442916870117,0.5761869549751282,3.6168793439865112,0.6470734845172063,0.002704426875672879,7.636560826806188,0.03896499634584905,0.05900393243046221,49448.88052716136,28265.499472964144,0.004407134978365167,0.035196056108086064,0.030100926296346864,0.027801231816100953,22.127308965325454,1.3146181626470137,0.014636601818749418,0.0014730428921678742,0.003734450488266117,0.010885208724034529,0.0018624406011253374,87.94292417658502,11.669648164400645,33.640406686330444,6.913433075678309,226.36156214719523,21.245469180391048,5.8756995687490745,12.509915632973922,2.329478570733127,0.28716502351806583,1.1067053930437305,1.0788554720441563,0.1633530926333112,0.14302819640741765,0.3667631928308158,0.029698018159928282,2.1624447938193594,1.175414913506979,1.5440398485403544,0.12081410984387178,0.5858124501507426,0.7861671883224349,0.6733217831265178,0.9011004640998846,1.016631656143734,0.8187166936652163,1.015355091322612,0.4847477634631966,1.3918465670431517,0.9498867899503968,0.26175595295630316,0.8566513861359315
964290,CA,Anas carolinensis,Green-winged Teal,Anas carolinensis,48000,1,False,False,False,False,False,False,14,402.2128448486328,2.075794794226352,558.6227729186913,-0.5699393413963368,0.2911581849238586,321505.9411300345,107326.1246394443,0.20966033923561142,0.4883900784638852,0.31022568281322016,0.38011227938058373,73.66670558909534,7.313199023929887,0.9580856367999635,0.032677466448928626,0.0083637662797368,0.09286696075715122,0.029847479359448335,2097.4561070539576,241.58859970106386,2496.990560011502,171.6780068685453,4529.10656538166,757.5600871840162,-144.00582776750838,16.13100610460554,40.57049669538225,7.561073882239206,3.3746155542986735,8.110338619777135,1.565840972321374,5.478235312870571,4.057211211749485,5.1904707636152,3.0407639060701643,5.644330331257412,-1.846292823286993,5.474475145339966,-1.707342158470835,5.509214094706944,-1.0275248906442098,4.22960901260376,2.10879495394017,3.820841448647635,1.6279366327715772,3.3676549025944302,0.049194159252302985,3.9263617992401123,-0.21015686967543193,3.7888365983963013,9.963426998648218,0.17974441362686597,131.61184680803768,0.18157109361779578,0.16185486086622786,114810.98579385398,108304.4218688057,0.07175503977197847,0.10531768671223732,0.11546625103721182,0.04304259977574384,30.73502517495468,1.643891154294269,0.03856328663273135,0.0044557144989501975,0.005861092055949081,0.01840917804769929,0.0072653774016382105,128.0563206790123,73.39950650344545,107.84166485564079,45.32106149337431,381.0953140633973,139.81775601551897,9.842478592376864,9.252438624832044,4.754754914723192,2.35238276543321,4.786651933046188,2.5018899915046315,2.001523613110945,1.3040993595359598,1.2749998494749955,1.2842490417753207,4.1270091898184385,1.16601512195122,2.4395990105947427,1.8738314211932852,1.6554860591877223,1.5802755958447616,1.829014210367604,1.00111460260271,1.0065143610951564,0.43203090523188176,0.9950103799921572,0.5663348127312692,0.8743792566566693,0.7476532816474216,1.400082322376632,0.9562180561592754
974054,AZ,Basilinna leucotis,White-eared Hummingbird,Basilinna leucotis,48000,2,False,True,False,False,True,False,8,477.28570556640625,2.0520838189427737,1115.231179138322,0.8629672208324289,16.353032605397154,516.2142357047818,7467.757945068302,0.1325541258242623,0.4153163872672285,0.2155602715335444,0.28340331557637294,45.511216106034915,5.466984774995522,0.7592863089976372,0.0034779710695147514,0.0033764875697670504,0.314849210287983,0.05852396623771587,4075.3979244817556,558.962926990284,2317.737641120852,298.1647987464674,6622.153360335553,917.3134216456754,-230.3595027923584,20.587955832481384,19.034390449523926,15.385292053222656,-12.843522652983665,11.139988899230957,10.604340434074402,8.640328466892242,1.1294068321585655,8.306496024131775,4.43930821120739,7.51300710439682,3.8120342046022415,6.818948745727539,4.468372769653797,6.4332534074783325,1.080147409811616,5.047060310840607,0.0858830101788044,4.780025899410248,-4.311498120427132,4.499173790216446,-0.6796662993729115,4.6889897882938385,-0.5563371274620295,4.41197407245636,42.70679169487521,0.05950734206588683,210.90584317896264,0.055680873734287706,8.681021436099329,162.69416668837474,1879.373466029514,0.05713755605171554,0.1446057817549502,0.09491949171261103,0.017323795620045414,27.937444771997242,1.6629470016206163,0.15469031701937758,0.0003838226636514112,0.000987943426053391,0.017717253022495865,0.014988454970645602,77.28645643493779,153.4217423096376,173.2371342146683,37.02517571456883,379.03375255153105,144.99943730665078,17.36740680795706,6.085979395756117,2.034263690167036,4.6856031168319365,5.126798990078396,1.064246025612679,3.714867090628269,1.3642782877592317,1.9389590124889318,1.5245625173263022,2.8107378633353837,0.7009823656254515,1.820809556375639,0.9300913228397805,2.885627711908322,1.1209825624087373,1.492969886212035,0.6479257731578829,1.6054989680704723,0.371650042630677,2.2579384048823945,0.8917216955026894,1.5872066894257733,0.6321923092497653,0.5913006513355803,0.5458797785527474
994154,TX,Antrostomus vociferus,Eastern Whip-poor-will,Antrostomus vociferus,48000,1,False,True,False,False,True,False,2,417.2611846923828,2.019338468437704,2223.7855782312927,0.06577561265881054,1.141096893882462,4528.9564170587255,5163.897067436917,0.3150354162674842,0.538122586644328,0.3376148836324832,0.43281432515503093,118.86588494395599,9.677634949629063,0.9146042962854294,0.003963078372180462,0.0020939595997333527,0.1665708019247658,0.02003765892421212,2589.622385526791,173.56761529817584,2201.419433937471,284.8073314209225,4742.108054239241,728.6895072944902,-245.22496795654297,11.958345890045166,38.77105903625488,7.612296104431152,-10.126392364501953,8.864371299743652,0.4034601002931595,12.445527076721191,-15.038797378540039,7.253266334533691,-9.035036087036133,9.62021017074585,1.7572933435440063,6.944080352783203,7.413938522338867,5.547863006591797,-7.377188205718994,6.067298650741577,10.290547370910645,5.025975227355957,3.5509620904922485,3.8920300006866455,-5.1250739097595215,4.6318089962005615,-3.4828089475631714,4.2041075229644775,0.8965936172949177,0.007444269283032283,114.40237320565247,0.015205168047994027,0.03484787864634401,234.21985821615178,109.44302907979747,0.010833263242144437,0.015408463955184356,0.008209894652696729,0.011713470758754174,1.2533962657709132,0.27826650222954247,0.002533332829166917,3.0266705586885778e-05,4.1310167713501984e-05,0.00337585399070304,0.0007341932698218863,14.28427023229887,10.683364916102782,5.768659911044257,10.812927879423025,32.60990053302038,34.64382023095034,0.12378900299916473,0.04550038895320885,0.3241274724873318,0.19993048799458163,0.6945922017519048,0.004910613613701285,0.17988551006307318,0.03730366985481018,0.63677346909072,0.0017910724743189527,0.3830750663390325,0.42160942417036074,0.45944701030210694,0.34870211974227583,0.24384143499674765,0.015405516067701986,0.8587275398935782,0.16195685183584227,0.07747062801005646,0.06817134735461279,0.10978259371463038,0.046766480282476104,0.2760106071785667,0.13407586860891565,0.17704188326746742,0.020160017754518922
