state,species_code,common_name,scientific_name,location_id,location_name,observation_datetime,how_many,latitude,longitude,observation_valid,observation_reviewed,location_private,submission_id,observation_datetime_original,observation_date,year,month,day_of_year,hour,minute,has_observation_time,season,coordinate_valid,state_bbox_match,geographic_note,flag_missing_count,flag_missing_time,flag_pelagic,flag_any,cleaning_action,cleaning_reason
CA,leasan,Least Sandpiper,Calidris minutilla,L509037,Morro Bay--Audubon overlook,2026-09-19 10:02:00,1.0,35.3316478,-120.8383334,True,False,False,S394291646,2026-09-19 10:02,2026-09-19,2026,9,262,10.0,2.0,True,Fall,True,True,,False,False,False,False,KEEP,Valid eBird observation
CA,normoc,Northern Mockingbird,Mimus polyglottos,L509037,Morro Bay--Audubon overlook,2026-09-19 10:02:00,1.0,35.3316478,-120.8383334,True,False,False,S394291646,2026-09-19 10:02,2026-09-19,2026,9,262,10.0,2.0,True,Fall,True,True,,False,False,False,False,KEEP,Valid eBird observation
CA,calthr,California Thrasher,Toxostoma redivivum,L509037,Morro Bay--Audubon overlook,2026-09-19 10:02:00,1.0,35.3316478,-120.8383334,True,False,False,S394291646,2026-09-19 10:02,2026-09-19,2026,9,262,10.0,2.0,True,Fall,True,True,,False,False,False,False,KEEP,Valid eBird observation
CA,belkin1,Belted Kingfisher,Megaceryle alcyon,L53117291,"Arastradero Lake, Palo Alto US-CA 37.38182, -122.17625",2026-09-19 10:00:00,1.0,37.381815,-122.176246,True,False,True,S394290433,2026-09-19 10:00,2026-09-19,2026,9,262,10.0,0.0,True,Fall,True,True,,False,False,False,False,KEEP,Valid eBird observation
CA,oaktit,Oak Titmouse,Baeolophus inornatus,L28362392,"315 E Miramar Ave, Claremont US-CA 34.12918, -117.71044",2026-09-19 09:59:00,1.0,34.129179,-117.710442,True,False,True,S394289935,2026-09-19 09:59,2026-09-19,2026,9,262,9.0,59.0,True,Fall,True,True,,False,False,False,False,KEEP,Valid eBird observation
CA,gocspa,Golden-crowned Sparrow,Zonotrichia atricapilla,L279207,Antonelli Pond,2026-09-19 09:57:00,1.0,36.955758,-122.0602475,True,False,False,S394292231,2026-09-19 09:57,2026-09-19,2026,9,262,9.0,57.0,True,Fall,True,True,,False,False,False,False,KEEP,Valid eBird observation
CA,bcnher,Black-crowned Night Heron,Nycticorax nycticorax,L279207,Antonelli Pond,2026-09-19 09:57:00,1.0,36.955758,-122.0602475,True,False,False,S394292231,2026-09-19 09:57,2026-09-19,2026,9,262,9.0,57.0,True,Fall,True,True,,False,False,False,False,KEEP,Valid eBird observation
CA,blkpho,Black Phoebe,Sayornis nigricans,L279207,Antonelli Pond,2026-09-19 09:57:00,1.0,36.955758,-122.0602475,True,False,False,S394292231,2026-09-19 09:57,2026-09-19,2026,9,262,9.0,57.0,True,Fall,True,True,,False,False,False,False,KEEP,Valid eBird observation
CA,sonspa,Song Sparrow,Melospiza melodia,L279207,Antonelli Pond,2026-09-19 09:57:00,2.0,36.955758,-122.0602475,True,False,False,S394292231,2026-09-19 09:57,2026-09-19,2026,9,262,9.0,57.0,True,Fall,True,True,,False,False,False,False,KEEP,Valid eBird observation
CA,bewwre,Bewick's Wren,Thryomanes bewickii,L279207,Antonelli Pond,2026-09-19 09:57:00,1.0,36.955758,-122.0602475,True,False,False,S394292231,2026-09-19 09:57,2026-09-19,2026,9,262,9.0,57.0,True,Fall,True,True,,False,False,False,False,KEEP,Valid eBird observation
CA,houfin,House Finch,Haemorhous mexicanus,L279207,Antonelli Pond,2026-09-19 09:57:00,5.0,36.955758,-122.0602475,True,False,False,S394292231,2026-09-19 09:57,2026-09-19,2026,9,262,9.0,57.0,True,Fall,True,True,,False,False,False,False,KEEP,Valid eBird observation
CA,eursta,European Starling,Sturnus vulgaris,L279207,Antonelli Pond,2026-09-19 09:57:00,1.0,36.955758,-122.0602475,True,False,False,S394292231,2026-09-19 09:57,2026-09-19,2026,9,262,9.0,57.0,True,Fall,True,True,,False,False,False,False,KEEP,Valid eBird observation
CA,mallar3,Mallard,Anas platyrhynchos,L279207,Antonelli Pond,2026-09-19 09:57:00,1.0,36.955758,-122.0602475,True,False,False,S394292231,2026-09-19 09:57,2026-09-19,2026,9,262,9.0,57.0,True,Fall,True,True,,False,False,False,False,KEEP,Valid eBird observation
CA,annhum,Anna's Hummingbird,Calypte anna,L279207,Antonelli Pond,2026-09-19 09:57:00,2.0,36.955758,-122.0602475,True,False,False,S394292231,2026-09-19 09:57,2026-09-19,2026,9,262,9.0,57.0,True,Fall,True,True,,False,False,False,False,KEEP,Valid eBird observation
CA,rethaw,Red-tailed Hawk,Buteo jamaicensis,L279207,Antonelli Pond,2026-09-19 09:57:00,1.0,36.955758,-122.0602475,True,False,False,S394292231,2026-09-19 09:57,2026-09-19,2026,9,262,9.0,57.0,True,Fall,True,True,,False,False,False,False,KEEP,Valid eBird observation
CA,y00475,American Coot,Fulica americana,L279207,Antonelli Pond,2026-09-19 09:57:00,6.0,36.955758,-122.0602475,True,False,False,S394292231,2026-09-19 09:57,2026-09-19,2026,9,262,9.0,57.0,True,Fall,True,True,,False,False,False,False,KEEP,Valid eBird observation
CA,amecro,American Crow,Corvus brachyrhynchos,L279207,Antonelli Pond,2026-09-19 09:57:00,3.0,36.955758,-122.0602475,True,False,False,S394292231,2026-09-19 09:57,2026-09-19,2026,9,262,9.0,57.0,True,Fall,True,True,,False,False,False,False,KEEP,Valid eBird observation
CA,pibgre,Pied-billed Grebe,Podilymbus podiceps,L279207,Antonelli Pond,2026-09-19 09:57:00,3.0,36.955758,-122.0602475,True,False,False,S394292231,2026-09-19 09:57,2026-09-19,2026,9,262,9.0,57.0,True,Fall,True,True,,False,False,False,False,KEEP,Valid eBird observation
CA,caltow,California Towhee,Melozone crissalis,L279207,Antonelli Pond,2026-09-19 09:57:00,3.0,36.955758,-122.0602475,True,False,False,S394292231,2026-09-19 09:57,2026-09-19,2026,9,262,9.0,57.0,True,Fall,True,True,,False,False,False,False,KEEP,Valid eBird observation
CA,spotow,Spotted Towhee,Pipilo maculatus,L279207,Antonelli Pond,2026-09-19 09:57:00,1.0,36.955758,-122.0602475,True,False,False,S394292231,2026-09-19 09:57,2026-09-19,2026,9,262,9.0,57.0,True,Fall,True,True,,False,False,False,False,KEEP,Valid eBird observation
CA,chbchi,Chestnut-backed Chickadee,Poecile rufescens,L279207,Antonelli Pond,2026-09-19 09:57:00,2.0,36.955758,-122.0602475,True,False,False,S394292231,2026-09-19 09:57,2026-09-19,2026,9,262,9.0,57.0,True,Fall,True,True,,False,False,False,False,KEEP,Valid eBird observation
CA,houwre,Northern House Wren,Troglodytes aedon,L230931,Huntington Botanical Gardens,2026-09-19 09:55:00,2.0,34.1288701,-118.114462,True,False,False,S394291091,2026-09-19 09:55,2026-09-19,2026,9,262,9.0,55.0,True,Fall,True,True,,False,False,False,False,KEEP,Valid eBird observation
CA,acowoo,Acorn Woodpecker,Melanerpes formicivorus,L230931,Huntington Botanical Gardens,2026-09-19 09:55:00,5.0,34.1288701,-118.114462,True,False,False,S394291091,2026-09-19 09:55,2026-09-19,2026,9,262,9.0,55.0,True,Fall,True,True,,False,False,False,False,KEEP,Valid eBird observation
CA,rewbul,Red-whiskered Bulbul,Pycnonotus jocosus,L230931,Huntington Botanical Gardens,2026-09-19 09:55:00,20.0,34.1288701,-118.114462,True,False,False,S394291091,2026-09-19 09:55,2026-09-19,2026,9,262,9.0,55.0,True,Fall,True,True,,False,False,False,False,KEEP,Valid eBird observation
CA,comrav,Common Raven,Corvus corax,L230931,Huntington Botanical Gardens,2026-09-19 09:55:00,2.0,34.1288701,-118.114462,True,False,False,S394291091,2026-09-19 09:55,2026-09-19,2026,9,262,9.0,55.0,True,Fall,True,True,,False,False,False,False,KEEP,Valid eBird observation
CA,larspa,Lark Sparrow,Chondestes grammacus,L230931,Huntington Botanical Gardens,2026-09-19 09:55:00,2.0,34.1288701,-118.114462,True,False,False,S394291091,2026-09-19 09:55,2026-09-19,2026,9,262,9.0,55.0,True,Fall,True,True,,False,False,False,False,KEEP,Valid eBird observation
CA,nutman,Scaly-breasted Munia,Lonchura punctulata,L230931,Huntington Botanical Gardens,2026-09-19 09:55:00,8.0,34.1288701,-118.114462,True,False,False,S394291091,2026-09-19 09:55,2026-09-19,2026,9,262,9.0,55.0,True,Fall,True,True,,False,False,False,False,KEEP,Valid eBird observation
CA,nutwoo,Nuttall's Woodpecker,Dryobates nuttallii,L230931,Huntington Botanical Gardens,2026-09-19 09:55:00,2.0,34.1288701,-118.114462,True,False,False,S394291091,2026-09-19 09:55,2026-09-19,2026,9,262,9.0,55.0,True,Fall,True,True,,False,False,False,False,KEEP,Valid eBird observation
CA,orcwar,Orange-crowned Warbler,Leiothlypis celata,L230931,Huntington Botanical Gardens,2026-09-19 09:55:00,3.0,34.1288701,-118.114462,True,False,False,S394291091,2026-09-19 09:55,2026-09-19,2026,9,262,9.0,55.0,True,Fall,True,True,,False,False,False,False,KEEP,Valid eBird observation
CA,cowscj1,California Scrub-Jay,Aphelocoma californica,L230931,Huntington Botanical Gardens,2026-09-19 09:55:00,3.0,34.1288701,-118.114462,True,False,False,S394291091,2026-09-19 09:55,2026-09-19,2026,9,262,9.0,55.0,True,Fall,True,True,,False,False,False,False,KEEP,Valid eBird observation
CA,lesgol,Lesser Goldfinch,Spinus psaltria,L230931,Huntington Botanical Gardens,2026-09-19 09:55:00,6.0,34.1288701,-118.114462,True,False,False,S394291091,2026-09-19 09:55,2026-09-19,2026,9,262,9.0,55.0,True,Fall,True,True,,False,False,False,False,KEEP,Valid eBird observation
CA,wewpew,Western Wood-Pewee,Contopus sordidulus,L230931,Huntington Botanical Gardens,2026-09-19 09:55:00,1.0,34.1288701,-118.114462,True,False,False,S394291091,2026-09-19 09:55,2026-09-19,2026,9,262,9.0,55.0,True,Fall,True,True,,False,False,False,False,KEEP,Valid eBird observation
CA,batpig1,Band-tailed Pigeon,Patagioenas fasciata,L230931,Huntington Botanical Gardens,2026-09-19 09:55:00,2.0,34.1288701,-118.114462,True,False,False,S394291091,2026-09-19 09:55,2026-09-19,2026,9,262,9.0,55.0,True,Fall,True,True,,False,False,False,False,KEEP,Valid eBird observation
CA,moudov,Mourning Dove,Zenaida macroura,L230931,Huntington Botanical Gardens,2026-09-19 09:55:00,8.0,34.1288701,-118.114462,True,False,False,S394291091,2026-09-19 09:55,2026-09-19,2026,9,262,9.0,55.0,True,Fall,True,True,,False,False,False,False,KEEP,Valid eBird observation
CA,turvul,Turkey Vulture,Cathartes aura,L230931,Huntington Botanical Gardens,2026-09-19 09:55:00,1.0,34.1288701,-118.114462,True,False,False,S394291091,2026-09-19 09:55,2026-09-19,2026,9,262,9.0,55.0,True,Fall,True,True,,False,False,False,False,KEEP,Valid eBird observation
CA,pitwhy,Pin-tailed Whydah,Vidua macroura,L230931,Huntington Botanical Gardens,2026-09-19 09:55:00,2.0,34.1288701,-118.114462,True,False,False,S394291091,2026-09-19 09:55,2026-09-19,2026,9,262,9.0,55.0,True,Fall,True,True,,False,False,False,False,KEEP,Valid eBird observation
CA,bushti,Bushtit,Psaltriparus minimus,L230931,Huntington Botanical Gardens,2026-09-19 09:55:00,15.0,34.1288701,-118.114462,True,False,False,S394291091,2026-09-19 09:55,2026-09-19,2026,9,262,9.0,55.0,True,Fall,True,True,,False,False,False,False,KEEP,Valid eBird observation
CA,daejun,Dark-eyed Junco,Junco hyemalis,L230931,Huntington Botanical Gardens,2026-09-19 09:55:00,2.0,34.1288701,-118.114462,True,False,False,S394291091,2026-09-19 09:55,2026-09-19,2026,9,262,9.0,55.0,True,Fall,True,True,,False,False,False,False,KEEP,Valid eBird observation
CA,wesgul,Western Gull,Larus occidentalis,L77368288,"2332 North Fremont Street, Monterey, California, US (36.597, -121.855)",2026-09-19 09:52:00,1.0,36.5968251,-121.8551522,True,False,True,S394287392,2026-09-19 09:52,2026-09-19,2026,9,262,9.0,52.0,True,Fall,True,True,,False,False,False,False,KEEP,Valid eBird observation
CA,calgul,California Gull,Larus californicus,L76516980,Clovis Home,2026-09-19 09:52:00,1.0,36.8669679,-119.6902417,True,False,True,S394291345,2026-09-19 09:52,2026-09-19,2026,9,262,9.0,52.0,True,Fall,True,True,,False,False,False,False,KEEP,Valid eBird observation
CA,allhum,Allen's Hummingbird,Selasphorus sasin,L4752233,Old Family Ranch,2026-09-19 09:49:00,3.0,33.7675895,-117.7938647,True,False,True,S394289949,2026-09-19 09:49,2026-09-19,2026,9,262,9.0,49.0,True,Fall,True,True,,False,False,False,False,KEEP,Valid eBird observation
CA,swiwhe1,Swinhoe's White-eye,Zosterops simplex,L4752233,Old Family Ranch,2026-09-19 09:49:00,5.0,33.7675895,-117.7938647,True,False,True,S394289949,2026-09-19 09:49,2026-09-19,2026,9,262,9.0,49.0,True,Fall,True,True,,False,False,False,False,KEEP,Valid eBird observation
CA,pygnut,Pygmy Nuthatch,Sitta pygmaea,L61232840,Home,2026-09-19 09:47:00,2.0,37.584991,-122.474099,True,False,True,S394288472,2026-09-19 09:47,2026-09-19,2026,9,262,9.0,47.0,True,Fall,True,True,,False,False,False,False,KEEP,Valid eBird observation
CA,reshaw,Red-shouldered Hawk,Buteo lineatus,L61232840,Home,2026-09-19 09:47:00,1.0,37.584991,-122.474099,True,False,True,S394288472,2026-09-19 09:47,2026-09-19,2026,9,262,9.0,47.0,True,Fall,True,True,,False,False,False,False,KEEP,Valid eBird observation
CA,yelwar1,Northern Yellow Warbler,Setophaga aestiva,L9262490,7th St. between Lighthouse & Laurel,2026-09-19 09:45:00,1.0,36.6184222,-121.9112934,True,False,True,S394287067,2026-09-19 09:45,2026-09-19,2026,9,262,9.0,45.0,True,Fall,True,True,,False,False,False,False,KEEP,Valid eBird observation
CA,norfli,Northern Flicker,Colaptes auratus,L1178295,Lexington Reservoir--dam area,2026-09-19 09:43:00,1.0,37.2012444,-121.9905674,True,False,False,S394292026,2026-09-19 09:43,2026-09-19,2026,9,262,9.0,43.0,True,Fall,True,True,,False,False,False,False,KEEP,Valid eBird observation
CA,rocpig,Rock Pigeon,Columba livia,L23321058,home,2026-09-19 09:43:00,7.0,37.470937,-122.270684,True,False,True,S394289223,2026-09-19 09:43,2026-09-19,2026,9,262,9.0,43.0,True,Fall,True,True,,False,False,False,False,KEEP,Valid eBird observation
CA,killde,Killdeer,Charadrius vociferus,L1178295,Lexington Reservoir--dam area,2026-09-19 09:43:00,1.0,37.2012444,-121.9905674,True,False,False,S394292026,2026-09-19 09:43,2026-09-19,2026,9,262,9.0,43.0,True,Fall,True,True,,False,False,False,False,KEEP,Valid eBird observation
CA,saypho,Say's Phoebe,Sayornis saya,L856018,Big Bear Lake--Metcalf Bay,2026-09-19 09:38:00,1.0,34.2419628,-116.9366741,True,False,False,S394286240,2026-09-19 09:38,2026-09-19,2026,9,262,9.0,38.0,True,Fall,True,True,,False,False,False,False,KEEP,Valid eBird observation
CA,yerwar,Yellow-rumped Warbler,Setophaga coronata,L856018,Big Bear Lake--Metcalf Bay,2026-09-19 09:38:00,1.0,34.2419628,-116.9366741,True,False,False,S394286240,2026-09-19 09:38,2026-09-19,2026,9,262,9.0,38.0,True,Fall,True,True,,False,False,False,False,KEEP,Valid eBird observation
CA,mouchi,Mountain Chickadee,Poecile gambeli,L856018,Big Bear Lake--Metcalf Bay,2026-09-19 09:38:00,2.0,34.2419628,-116.9366741,True,False,False,S394286240,2026-09-19 09:38,2026-09-19,2026,9,262,9.0,38.0,True,Fall,True,True,,False,False,False,False,KEEP,Valid eBird observation
CA,wesblu,Western Bluebird,Sialia mexicana,L856018,Big Bear Lake--Metcalf Bay,2026-09-19 09:38:00,4.0,34.2419628,-116.9366741,True,False,False,S394286240,2026-09-19 09:38,2026-09-19,2026,9,262,9.0,38.0,True,Fall,True,True,,False,False,False,False,KEEP,Valid eBird observation
CA,wesfly,Western Flycatcher,Empidonax difficilis,L1049677,Spreckels Park & Public Library,2026-09-19 09:35:00,1.0,32.690877,-117.1767318,True,False,False,S394290079,2026-09-19 09:35,2026-09-19,2026,9,262,9.0,35.0,True,Fall,True,True,,False,False,False,False,KEEP,Valid eBird observation
CA,towwar,Townsend's Warbler,Setophaga townsendi,L1049677,Spreckels Park & Public Library,2026-09-19 09:35:00,1.0,32.690877,-117.1767318,True,False,False,S394290079,2026-09-19 09:35,2026-09-19,2026,9,262,9.0,35.0,True,Fall,True,True,,False,False,False,False,KEEP,Valid eBird observation
CA,cangoo,Canada Goose,Branta canadensis,L77408957,"lake shastina above the dam 15244 Driftwood Lane, Weed, California, US (41.535, -122.376)",2026-09-19 09:33:00,13.0,41.5348297,-122.3757406,True,False,True,S394289087,2026-09-19 09:33,2026-09-19,2026,9,262,9.0,33.0,True,Fall,True,True,,False,False,False,False,KEEP,Valid eBird observation
CA,doccor,Double-crested Cormorant,Nannopterum auritum,L77408957,"lake shastina above the dam 15244 Driftwood Lane, Weed, California, US (41.535, -122.376)",2026-09-19 09:33:00,3.0,41.5348297,-122.3757406,True,False,True,S394289087,2026-09-19 09:33,2026-09-19,2026,9,262,9.0,33.0,True,Fall,True,True,,False,False,False,False,KEEP,Valid eBird observation
CA,wessan,Western Sandpiper,Calidris mauri,L77408957,"lake shastina above the dam 15244 Driftwood Lane, Weed, California, US (41.535, -122.376)",2026-09-19 09:33:00,5.0,41.5348297,-122.3757406,True,False,True,S394289087,2026-09-19 09:33,2026-09-19,2026,9,262,9.0,33.0,True,Fall,True,True,,False,False,False,False,KEEP,Valid eBird observation
CA,towsol,Townsend's Solitaire,Myadestes townsendi,L77408957,"lake shastina above the dam 15244 Driftwood Lane, Weed, California, US (41.535, -122.376)",2026-09-19 09:33:00,1.0,41.5348297,-122.3757406,True,False,True,S394289087,2026-09-19 09:33,2026-09-19,2026,9,262,9.0,33.0,True,Fall,True,True,,False,False,False,False,KEEP,Valid eBird observation
CA,greegr,Great Egret,Ardea alba,L77408957,"lake shastina above the dam 15244 Driftwood Lane, Weed, California, US (41.535, -122.376)",2026-09-19 09:33:00,1.0,41.5348297,-122.3757406,True,False,True,S394289087,2026-09-19 09:33,2026-09-19,2026,9,262,9.0,33.0,True,Fall,True,True,,False,False,False,False,KEEP,Valid eBird observation
CA,amwpel,American White Pelican,Pelecanus erythrorhynchos,L77408957,"lake shastina above the dam 15244 Driftwood Lane, Weed, California, US (41.535, -122.376)",2026-09-19 09:33:00,37.0,41.5348297,-122.3757406,True,False,True,S394289087,2026-09-19 09:33,2026-09-19,2026,9,262,9.0,33.0,True,Fall,True,True,,False,False,False,False,KEEP,Valid eBird observation
CA,rudduc,Ruddy Duck,Oxyura jamaicensis,L77408957,"lake shastina above the dam 15244 Driftwood Lane, Weed, California, US (41.535, -122.376)",2026-09-19 09:33:00,1.0,41.5348297,-122.3757406,True,False,True,S394289087,2026-09-19 09:33,2026-09-19,2026,9,262,9.0,33.0,True,Fall,True,True,,False,False,False,False,KEEP,Valid eBird observation
CA,ribgul,Ring-billed Gull,Larus delawarensis,L77408957,"lake shastina above the dam 15244 Driftwood Lane, Weed, California, US (41.535, -122.376)",2026-09-19 09:33:00,5.0,41.5348297,-122.3757406,True,False,True,S394289087,2026-09-19 09:33,2026-09-19,2026,9,262,9.0,33.0,True,Fall,True,True,,False,False,False,False,KEEP,Valid eBird observation
CA,hutvir,Hutton's Vireo,Vireo huttoni,L31886609,"439 Chestnut Lane, Escondido, California, US (33.112, -117.069)",2026-09-19 09:30:00,1.0,33.1122124,-117.0685806,True,False,True,S394281274,2026-09-19 09:30,2026-09-19,2026,9,262,9.0,30.0,True,Fall,True,True,,False,False,False,False,KEEP,Valid eBird observation
CA,rebnut,Red-breasted Nuthatch,Sitta canadensis,L241755,San Clemente Island--Wilson Cove (town),2026-09-19 09:29:00,1.0,32.9961729,-118.5520506,True,False,False,S394289311,2026-09-19 09:29,2026-09-19,2026,9,262,9.0,29.0,True,Fall,True,True,,False,False,False,False,KEEP,Valid eBird observation
CA,amekes,American Kestrel,Falco sparverius,L241755,San Clemente Island--Wilson Cove (town),2026-09-19 09:29:00,2.0,32.9961729,-118.5520506,True,False,False,S394289311,2026-09-19 09:29,2026-09-19,2026,9,262,9.0,29.0,True,Fall,True,True,,False,False,False,False,KEEP,Valid eBird observation
CA,belspa2,Bell's Sparrow,Artemisiospiza belli,L241755,San Clemente Island--Wilson Cove (town),2026-09-19 09:29:00,2.0,32.9961729,-118.5520506,True,False,False,S394289311,2026-09-19 09:29,2026-09-19,2026,9,262,9.0,29.0,True,Fall,True,True,,False,False,False,False,KEEP,Valid eBird observation
CA,gnttow,Green-tailed Towhee,Pipilo chlorurus,L8316778,Bohler Canyon,2026-09-19 09:29:00,1.0,37.900884,-119.129681,True,False,False,S394281753,2026-09-19 09:29,2026-09-19,2026,9,262,9.0,29.0,True,Fall,True,True,,False,False,False,False,KEEP,Valid eBird observation
CA,brespa,Brewer's Sparrow,Spizella breweri,L8316778,Bohler Canyon,2026-09-19 09:29:00,3.0,37.900884,-119.129681,True,False,False,S394281753,2026-09-19 09:29,2026-09-19,2026,9,262,9.0,29.0,True,Fall,True,True,,False,False,False,False,KEEP,Valid eBird observation
CA,wesmea,Western Meadowlark,Sturnella neglecta,L241755,San Clemente Island--Wilson Cove (town),2026-09-19 09:29:00,4.0,32.9961729,-118.5520506,True,False,False,S394289311,2026-09-19 09:29,2026-09-19,2026,9,262,9.0,29.0,True,Fall,True,True,,False,False,False,False,KEEP,Valid eBird observation
CA,amerob,American Robin,Turdus migratorius,L50648819,"14145 Tumbling Creek Rd, Nevada City US-CA 39.22723, -120.92337",2026-09-19 09:28:00,4.0,39.227228,-120.923374,True,False,True,S394290425,2026-09-19 09:28,2026-09-19,2026,9,262,9.0,28.0,True,Fall,True,True,,False,False,False,False,KEEP,Valid eBird observation
CA,stejay,Steller's Jay,Cyanocitta stelleri,L50648819,"14145 Tumbling Creek Rd, Nevada City US-CA 39.22723, -120.92337",2026-09-19 09:28:00,3.0,39.227228,-120.923374,True,False,True,S394290425,2026-09-19 09:28,2026-09-19,2026,9,262,9.0,28.0,True,Fall,True,True,,False,False,False,False,KEEP,Valid eBird observation
CA,brnpel,Brown Pelican,Pelecanus occidentalis,L77409039,"875 California 1, Bodega Bay, California, US (38.329, -123.045)",2026-09-19 09:27:00,50.0,38.3292878,-123.0448534,True,False,True,S394289676,2026-09-19 09:27,2026-09-19,2026,9,262,9.0,27.0,True,Fall,True,True,,False,False,False,False,KEEP,Valid eBird observation
CA,houspa,House Sparrow,Passer domesticus,L77409039,"875 California 1, Bodega Bay, California, US (38.329, -123.045)",2026-09-19 09:27:00,1.0,38.3292878,-123.0448534,True,False,True,S394289676,2026-09-19 09:27,2026-09-19,2026,9,262,9.0,27.0,True,Fall,True,True,,False,False,False,False,KEEP,Valid eBird observation
CA,sposan,Spotted Sandpiper,Actitis macularius,L77409039,"875 California 1, Bodega Bay, California, US (38.329, -123.045)",2026-09-19 09:27:00,1.0,38.3292878,-123.0448534,True,False,True,S394289676,2026-09-19 09:27,2026-09-19,2026,9,262,9.0,27.0,True,Fall,True,True,,False,False,False,False,KEEP,Valid eBird observation
CA,blktur,Black Turnstone,Arenaria melanocephala,L77409039,"875 California 1, Bodega Bay, California, US (38.329, -123.045)",2026-09-19 09:27:00,1.0,38.3292878,-123.0448534,True,False,True,S394289676,2026-09-19 09:27,2026-09-19,2026,9,262,9.0,27.0,True,Fall,True,True,,False,False,False,False,KEEP,Valid eBird observation
CA,brebla,Brewer's Blackbird,Euphagus cyanocephalus,L77409039,"875 California 1, Bodega Bay, California, US (38.329, -123.045)",2026-09-19 09:27:00,1.0,38.3292878,-123.0448534,True,False,True,S394289676,2026-09-19 09:27,2026-09-19,2026,9,262,9.0,27.0,True,Fall,True,True,,False,False,False,False,KEEP,Valid eBird observation
CA,rudtur,Ruddy Turnstone,Arenaria interpres,L77409039,"875 California 1, Bodega Bay, California, US (38.329, -123.045)",2026-09-19 09:27:00,1.0,38.3292878,-123.0448534,True,False,True,S394289676,2026-09-19 09:27,2026-09-19,2026,9,262,9.0,27.0,True,Fall,True,True,,False,False,False,False,KEEP,Valid eBird observation
CA,comloo,Common Loon,Gavia immer,L77409039,"875 California 1, Bodega Bay, California, US (38.329, -123.045)",2026-09-19 09:27:00,3.0,38.3292878,-123.0448534,True,False,True,S394289676,2026-09-19 09:27,2026-09-19,2026,9,262,9.0,27.0,True,Fall,True,True,,False,False,False,False,KEEP,Valid eBird observation
CA,eleter1,Elegant Tern,Thalasseus elegans,L1901280,Main Beach,2026-09-19 09:26:00,3.0,36.9634404,-122.0189861,True,False,False,S394289944,2026-09-19 09:26,2026-09-19,2026,9,262,9.0,26.0,True,Fall,True,True,,False,False,False,False,KEEP,Valid eBird observation
CA,whcspa,White-crowned Sparrow,Zonotrichia leucophrys,L74741496,Ramsey Home,2026-09-19 09:26:00,2.0,39.500237,-121.518305,True,False,True,S394286275,2026-09-19 09:26,2026-09-19,2026,9,262,9.0,26.0,True,Fall,True,True,,False,False,False,False,KEEP,Valid eBird observation
CA,whbnut,White-breasted Nuthatch,Sitta carolinensis,L74741496,Ramsey Home,2026-09-19 09:26:00,2.0,39.500237,-121.518305,True,False,True,S394286275,2026-09-19 09:26,2026-09-19,2026,9,262,9.0,26.0,True,Fall,True,True,,False,False,False,False,KEEP,Valid eBird observation
CA,mitpar,Mitred Parakeet,Psittacara mitratus,L31736459,"Avenue E, 300s Block",2026-09-19 09:26:00,5.0,33.822401,-118.383251,True,False,True,S394279269,2026-09-19 09:26,2026-09-19,2026,9,262,9.0,26.0,True,Fall,True,True,,False,False,False,False,KEEP,Valid eBird observation
CA,snoegr,Snowy Egret,Egretta thula,L1901280,Main Beach,2026-09-19 09:26:00,1.0,36.9634404,-122.0189861,True,False,False,S394289944,2026-09-19 09:26,2026-09-19,2026,9,262,9.0,26.0,True,Fall,True,True,,False,False,False,False,KEEP,Valid eBird observation
CA,commur,Common Murre,Uria aalge,L1901280,Main Beach,2026-09-19 09:26:00,5.0,36.9634404,-122.0189861,True,False,False,S394289944,2026-09-19 09:26,2026-09-19,2026,9,262,9.0,26.0,True,Fall,True,True,,False,False,False,False,KEEP,Valid eBird observation
CA,vigswa,Violet-green Swallow,Tachycineta thalassina,L77407836,"Taylor Lane, Occidental, California, US (38.387, -122.976)",2026-09-19 09:25:00,50.0,38.3871988,-122.9758129,True,False,True,S394282530,2026-09-19 09:25,2026-09-19,2026,9,262,9.0,25.0,True,Fall,True,True,,False,False,False,False,KEEP,Valid eBird observation
CA,vauswi,Vaux's Swift,Chaetura vauxi,L77407836,"Taylor Lane, Occidental, California, US (38.387, -122.976)",2026-09-19 09:25:00,10.0,38.3871988,-122.9758129,True,False,True,S394282530,2026-09-19 09:25,2026-09-19,2026,9,262,9.0,25.0,True,Fall,True,True,,False,False,False,False,KEEP,Valid eBird observation
CA,rewbla,Red-winged Blackbird,Agelaius phoeniceus,L77407836,"Taylor Lane, Occidental, California, US (38.387, -122.976)",2026-09-19 09:25:00,5.0,38.3871988,-122.9758129,True,False,True,S394282530,2026-09-19 09:25,2026-09-19,2026,9,262,9.0,25.0,True,Fall,True,True,,False,False,False,False,KEEP,Valid eBird observation
CA,pilwoo,Pileated Woodpecker,Dryocopus pileatus,L77407836,"Taylor Lane, Occidental, California, US (38.387, -122.976)",2026-09-19 09:25:00,1.0,38.3871988,-122.9758129,True,False,True,S394282530,2026-09-19 09:25,2026-09-19,2026,9,262,9.0,25.0,True,Fall,True,True,,False,False,False,False,KEEP,Valid eBird observation
CA,dowwoo,Downy Woodpecker,Dryobates pubescens,L9930307,UBIF official use only Pine Lake riparian,2026-09-19 09:24:00,1.0,37.736112,-122.488873,True,False,False,S394286323,2026-09-19 09:24,2026-09-19,2026,9,262,9.0,24.0,True,Fall,True,True,,False,False,False,False,KEEP,Valid eBird observation
CA,pinjay,Pinyon Jay,Gymnorhinus cyanocephalus,L978824,Mono Basin National Forest Scenic Area Visitor Center,2026-09-19 09:24:00,,37.9667796,-119.1203329,True,False,False,S394276735,2026-09-19 09:24,2026-09-19,2026,9,262,9.0,24.0,True,Fall,True,True,,True,False,False,True,KEEP,Retained with documented metadata limitation
CA,grbher3,Great Blue Heron,Ardea herodias,L9930307,UBIF official use only Pine Lake riparian,2026-09-19 09:24:00,1.0,37.736112,-122.488873,True,False,False,S394286323,2026-09-19 09:24,2026-09-19,2026,9,262,9.0,24.0,True,Fall,True,True,,False,False,False,False,KEEP,Valid eBird observation
CA,lewwoo,Lewis's Woodpecker,Melanerpes lewis,L57539552,UC Davis campus--southeast (CA Atlas - “Merrit SE”),2026-09-19 09:23:00,4.0,38.537957,-121.751864,True,False,False,S394278680,2026-09-19 09:23,2026-09-19,2026,9,262,9.0,23.0,True,Fall,True,True,,False,False,False,False,KEEP,Valid eBird observation
CA,caskin,Cassin's Kingbird,Tyrannus vociferans,L54821439,"Oak Creek Neighborhood, Escondido US-CA",2026-09-19 09:22:00,2.0,33.086326,-117.082758,True,False,True,S394289593,2026-09-19 09:22,2026-09-19,2026,9,262,9.0,22.0,True,Fall,True,True,,False,False,False,False,KEEP,Valid eBird observation
CA,coohaw,Cooper's Hawk,Astur cooperii,L54821439,"Oak Creek Neighborhood, Escondido US-CA",2026-09-19 09:22:00,1.0,33.086326,-117.082758,True,False,True,S394289593,2026-09-19 09:22,2026-09-19,2026,9,262,9.0,22.0,True,Fall,True,True,,False,False,False,False,KEEP,Valid eBird observation
CA,eucdov,Eurasian Collared-Dove,Streptopelia decaocto,L77407936,Armstrong garden center Glendale,2026-09-19 09:21:00,1.0,34.157947,-118.277517,True,False,True,S394283149,2026-09-19 09:21,2026-09-19,2026,9,262,9.0,21.0,True,Fall,True,True,,False,False,False,False,KEEP,Valid eBird observation
CA,wlswar,Wilson's Warbler,Cardellina pusilla,L1874342,San Tomas Aquino Creek Trail,2026-09-19 09:21:00,1.0,37.3862528,-121.9687202,True,False,False,S394280097,2026-09-19 09:21,2026-09-19,2026,9,262,9.0,21.0,True,Fall,True,True,,False,False,False,False,KEEP,Valid eBird observation
CA,whimbr3,Hudsonian Whimbrel,Numenius hudsonicus,L2301399,Crystal Cove SP--Pelican Point,2026-09-19 09:18:00,2.0,33.580875,-117.8497517,True,False,False,S394289378,2026-09-19 09:18,2026-09-19,2026,9,262,9.0,18.0,True,Fall,True,True,,False,False,False,False,KEEP,Valid eBird observation
CA,semplo,Semipalmated Plover,Charadrius semipalmatus,L2301399,Crystal Cove SP--Pelican Point,2026-09-19 09:18:00,3.0,33.580875,-117.8497517,True,False,False,S394289378,2026-09-19 09:18,2026-09-19,2026,9,262,9.0,18.0,True,Fall,True,True,,False,False,False,False,KEEP,Valid eBird observation
CA,norhar2,Northern Harrier,Circus hudsonius,L2301399,Crystal Cove SP--Pelican Point,2026-09-19 09:18:00,1.0,33.580875,-117.8497517,True,False,False,S394289378,2026-09-19 09:18,2026-09-19,2026,9,262,9.0,18.0,True,Fall,True,True,,False,False,False,False,KEEP,Valid eBird observation
CA,willet1,Willet,Tringa semipalmata,L2301399,Crystal Cove SP--Pelican Point,2026-09-19 09:18:00,10.0,33.580875,-117.8497517,True,False,False,S394289378,2026-09-19 09:18,2026-09-19,2026,9,262,9.0,18.0,True,Fall,True,True,,False,False,False,False,KEEP,Valid eBird observation
CA,sander,Sanderling,Calidris alba,L2301399,Crystal Cove SP--Pelican Point,2026-09-19 09:18:00,14.0,33.580875,-117.8497517,True,False,False,S394289378,2026-09-19 09:18,2026-09-19,2026,9,262,9.0,18.0,True,Fall,True,True,,False,False,False,False,KEEP,Valid eBird observation
CA,bkbplo,Black-bellied Plover,Pluvialis squatarola,L2301399,Crystal Cove SP--Pelican Point,2026-09-19 09:18:00,7.0,33.580875,-117.8497517,True,False,False,S394289378,2026-09-19 09:18,2026-09-19,2026,9,262,9.0,18.0,True,Fall,True,True,,False,False,False,False,KEEP,Valid eBird observation
CA,margod,Marbled Godwit,Limosa fedoa,L2301399,Crystal Cove SP--Pelican Point,2026-09-19 09:18:00,3.0,33.580875,-117.8497517,True,False,False,S394289378,2026-09-19 09:18,2026-09-19,2026,9,262,9.0,18.0,True,Fall,True,True,,False,False,False,False,KEEP,Valid eBird observation
CA,heegul,Heermann's Gull,Larus heermanni,L2301399,Crystal Cove SP--Pelican Point,2026-09-19 09:18:00,6.0,33.580875,-117.8497517,True,False,False,S394289378,2026-09-19 09:18,2026-09-19,2026,9,262,9.0,18.0,True,Fall,True,True,,False,False,False,False,KEEP,Valid eBird observation
CA,whfibi,White-faced Ibis,Plegadis chihi,L77407767,"1594 Nelson Shippee Road, Oroville, California, US (39.537, -121.764)",2026-09-19 09:17:00,16.0,39.5370182,-121.7640346,True,False,True,S394282218,2026-09-19 09:17,2026-09-19,2026,9,262,9.0,17.0,True,Fall,True,True,,False,False,False,False,KEEP,Valid eBird observation
CA,marwre,Marsh Wren,Cistothorus palustris,L77407767,"1594 Nelson Shippee Road, Oroville, California, US (39.537, -121.764)",2026-09-19 09:17:00,1.0,39.5370182,-121.7640346,True,False,True,S394282218,2026-09-19 09:17,2026-09-19,2026,9,262,9.0,17.0,True,Fall,True,True,,False,False,False,False,KEEP,Valid eBird observation
CA,cedwax,Cedar Waxwing,Bombycilla cedrorum,L10985478,Cherryvale Ave,2026-09-19 09:14:00,3.0,37.0049476,-121.9495121,True,False,False,S394282962,2026-09-19 09:14,2026-09-19,2026,9,262,9.0,14.0,True,Fall,True,True,,False,False,False,False,KEEP,Valid eBird observation
CA,whtkit,White-tailed Kite,Elanus leucurus,L77406086,"838–868 CA-1, Davenport US-CA 37.01766, -122.20459",2026-09-19 09:13:00,1.0,37.017665,-122.204588,True,False,True,S394273063,2026-09-19 09:13,2026-09-19,2026,9,262,9.0,13.0,True,Fall,True,True,,False,False,False,False,KEEP,Valid eBird observation
CA,evegro,Evening Grosbeak,Hesperiphona vespertina,L2169564,Lake Forest Beach Park,2026-09-19 09:13:00,2.0,39.1805598,-120.1153278,True,False,False,S394282186,2026-09-19 09:13,2026-09-19,2026,9,262,9.0,13.0,True,Fall,True,True,,False,False,False,False,KEEP,Valid eBird observation
CA,btywar,Black-throated Gray Warbler,Setophaga nigrescens,L1496486,Putah Creek Riparian Reserve,2026-09-19 09:12:00,1.0,38.5186056,-121.7727216,True,False,False,S394274694,2026-09-19 09:12,2026-09-19,2026,9,262,9.0,12.0,True,Fall,True,True,,False,False,False,False,KEEP,Valid eBird observation
CA,wrenti,Wrentit,Chamaea fasciata,L854483,Carmel Valley--Holman Rd.,2026-09-19 09:11:00,1.0,36.4792531,-121.7218345,True,False,True,S394276412,2026-09-19 09:11,2026-09-19,2026,9,262,9.0,11.0,True,Fall,True,True,,False,False,False,False,KEEP,Valid eBird observation
CA,naswar,Nashville Warbler,Leiothlypis ruficapilla,L40685918,Shaver Lake west village,2026-09-19 09:09:00,1.0,37.109017,-119.320657,True,False,True,S394271465,2026-09-19 09:09,2026-09-19,2026,9,262,9.0,9.0,True,Fall,True,True,,False,False,False,False,KEEP,Valid eBird observation
CA,shshaw,Sharp-shinned Hawk,Accipiter striatus,L4977592,Chah-GAH-Cho Trail,2026-09-19 09:08:00,1.0,40.9312368,-124.104175,True,False,False,S394289813,2026-09-19 09:08,2026-09-19,2026,9,262,9.0,8.0,True,Fall,True,True,,False,False,False,False,KEEP,Valid eBird observation
CA,amegfi,American Goldfinch,Spinus tristis,L4977592,Chah-GAH-Cho Trail,2026-09-19 09:08:00,2.0,40.9312368,-124.104175,True,False,False,S394289813,2026-09-19 09:08,2026-09-19,2026,9,262,9.0,8.0,True,Fall,True,True,,False,False,False,False,KEEP,Valid eBird observation
CA,brncre,Brown Creeper,Certhia americana,L4977592,Chah-GAH-Cho Trail,2026-09-19 09:08:00,2.0,40.9312368,-124.104175,True,False,False,S394289813,2026-09-19 09:08,2026-09-19,2026,9,262,9.0,8.0,True,Fall,True,True,,False,False,False,False,KEEP,Valid eBird observation
CA,purfin,Purple Finch,Haemorhous purpureus,L4977592,Chah-GAH-Cho Trail,2026-09-19 09:08:00,5.0,40.9312368,-124.104175,True,False,False,S394289813,2026-09-19 09:08,2026-09-19,2026,9,262,9.0,8.0,True,Fall,True,True,,False,False,False,False,KEEP,Valid eBird observation
CA,pinsis,Pine Siskin,Spinus pinus,L4977592,Chah-GAH-Cho Trail,2026-09-19 09:08:00,1.0,40.9312368,-124.104175,True,False,False,S394289813,2026-09-19 09:08,2026-09-19,2026,9,262,9.0,8.0,True,Fall,True,True,,False,False,False,False,KEEP,Valid eBird observation
CA,pacwre1,Pacific Wren,Troglodytes pacificus,L4977592,Chah-GAH-Cho Trail,2026-09-19 09:08:00,1.0,40.9312368,-124.104175,True,False,False,S394289813,2026-09-19 09:08,2026-09-19,2026,9,262,9.0,8.0,True,Fall,True,True,,False,False,False,False,KEEP,Valid eBird observation
CA,merlin,Merlin,Falco columbarius,L4977592,Chah-GAH-Cho Trail,2026-09-19 09:08:00,1.0,40.9312368,-124.104175,True,False,False,S394289813,2026-09-19 09:08,2026-09-19,2026,9,262,9.0,8.0,True,Fall,True,True,,False,False,False,False,KEEP,Valid eBird observation
CA,gockin,Golden-crowned Kinglet,Regulus satrapa,L4977592,Chah-GAH-Cho Trail,2026-09-19 09:08:00,4.0,40.9312368,-124.104175,True,False,False,S394289813,2026-09-19 09:08,2026-09-19,2026,9,262,9.0,8.0,True,Fall,True,True,,False,False,False,False,KEEP,Valid eBird observation
CA,bkchum,Black-chinned Hummingbird,Archilochus alexandri,L420195,Big Morongo Canyon Preserve & Covington Park,2026-09-19 09:07:00,4.0,34.0497222,-116.5702639,True,False,False,S394291024,2026-09-19 09:07,2026-09-19,2026,9,262,9.0,7.0,True,Fall,True,True,,False,False,False,False,KEEP,Valid eBird observation
CA,bkhgro,Black-headed Grosbeak,Pheucticus melanocephalus,L420195,Big Morongo Canyon Preserve & Covington Park,2026-09-19 09:07:00,4.0,34.0497222,-116.5702639,True,False,False,S394291024,2026-09-19 09:07,2026-09-19,2026,9,262,9.0,7.0,True,Fall,True,True,,False,False,False,False,KEEP,Valid eBird observation
CA,whwdov,White-winged Dove,Zenaida asiatica,L420195,Big Morongo Canyon Preserve & Covington Park,2026-09-19 09:07:00,4.0,34.0497222,-116.5702639,True,False,False,S394291024,2026-09-19 09:07,2026-09-19,2026,9,262,9.0,7.0,True,Fall,True,True,,False,False,False,False,KEEP,Valid eBird observation
CA,bulori,Bullock's Oriole,Icterus bullockii,L420195,Big Morongo Canyon Preserve & Covington Park,2026-09-19 09:07:00,2.0,34.0497222,-116.5702639,True,False,False,S394291024,2026-09-19 09:07,2026-09-19,2026,9,262,9.0,7.0,True,Fall,True,True,,False,False,False,False,KEEP,Valid eBird observation
CA,westan,Western Tanager,Piranga ludoviciana,L420195,Big Morongo Canyon Preserve & Covington Park,2026-09-19 09:07:00,2.0,34.0497222,-116.5702639,True,False,False,S394291024,2026-09-19 09:07,2026-09-19,2026,9,262,9.0,7.0,True,Fall,True,True,,False,False,False,False,KEEP,Valid eBird observation
CA,lazbun,Lazuli Bunting,Passerina amoena,L420195,Big Morongo Canyon Preserve & Covington Park,2026-09-19 09:07:00,1.0,34.0497222,-116.5702639,True,False,False,S394291024,2026-09-19 09:07,2026-09-19,2026,9,262,9.0,7.0,True,Fall,True,True,,False,False,False,False,KEEP,Valid eBird observation
CA,rufhum,Rufous Hummingbird,Selasphorus rufus,L420195,Big Morongo Canyon Preserve & Covington Park,2026-09-19 09:07:00,1.0,34.0497222,-116.5702639,True,False,False,S394291024,2026-09-19 09:07,2026-09-19,2026,9,262,9.0,7.0,True,Fall,True,True,,False,False,False,False,KEEP,Valid eBird observation
CA,coshum,Costa's Hummingbird,Calypte costae,L420195,Big Morongo Canyon Preserve & Covington Park,2026-09-19 09:07:00,4.0,34.0497222,-116.5702639,True,False,False,S394291024,2026-09-19 09:07,2026-09-19,2026,9,262,9.0,7.0,True,Fall,True,True,,False,False,False,False,KEEP,Valid eBird observation
CA,gamqua,Gambel's Quail,Callipepla gambelii,L420195,Big Morongo Canyon Preserve & Covington Park,2026-09-19 09:07:00,6.0,34.0497222,-116.5702639,True,False,False,S394291024,2026-09-19 09:07,2026-09-19,2026,9,262,9.0,7.0,True,Fall,True,True,,False,False,False,False,KEEP,Valid eBird observation
CA,sumtan,Summer Tanager,Piranga rubra,L420195,Big Morongo Canyon Preserve & Covington Park,2026-09-19 09:07:00,1.0,34.0497222,-116.5702639,True,False,False,S394291024,2026-09-19 09:07,2026-09-19,2026,9,262,9.0,7.0,True,Fall,True,True,,False,False,False,False,KEEP,Valid eBird observation
CA,verfly,Vermilion Flycatcher,Pyrocephalus rubinus,L420195,Big Morongo Canyon Preserve & Covington Park,2026-09-19 09:07:00,2.0,34.0497222,-116.5702639,True,False,False,S394291024,2026-09-19 09:07,2026-09-19,2026,9,262,9.0,7.0,True,Fall,True,True,,False,False,False,False,KEEP,Valid eBird observation
CA,yebcha,Yellow-breasted Chat,Icteria virens,L420195,Big Morongo Canyon Preserve & Covington Park,2026-09-19 09:07:00,1.0,34.0497222,-116.5702639,True,False,False,S394291024,2026-09-19 09:07,2026-09-19,2026,9,262,9.0,7.0,True,Fall,True,True,,False,False,False,False,KEEP,Valid eBird observation
CA,haiwoo,Hairy Woodpecker,Leuconotopicus villosus,L76132345,"26897 Spring Court, Pioneer, California, US (38.495, -120.527)",2026-09-19 09:06:00,1.0,38.4952659,-120.5269561,True,False,True,S394287694,2026-09-19 09:06,2026-09-19,2026,9,262,9.0,6.0,True,Fall,True,True,,False,False,False,False,KEEP,Valid eBird observation
CA,comyel,Common Yellowthroat,Geothlypis trichas,L506275,San Diego River mudflats (including Robb Field & Quivira Way),2026-09-19 09:05:00,1.0,32.75684,-117.23911,True,False,False,S394292042,2026-09-19 09:05,2026-09-19,2026,9,262,9.0,5.0,True,Fall,True,True,,False,False,False,False,KEEP,Valid eBird observation
CA,libher,Little Blue Heron,Egretta caerulea,L506275,San Diego River mudflats (including Robb Field & Quivira Way),2026-09-19 09:05:00,6.0,32.75684,-117.23911,True,False,False,S394292042,2026-09-19 09:05,2026-09-19,2026,9,262,9.0,5.0,True,Fall,True,True,,False,False,False,False,KEEP,Valid eBird observation
CA,osprey,Osprey,Pandion haliaetus,L802205,YMCA--Camp Surf,2026-09-19 09:05:00,1.0,32.588024,-117.1323314,True,False,False,S394284968,2026-09-19 09:05,2026-09-19,2026,9,262,9.0,5.0,True,Fall,True,True,,False,False,False,False,KEEP,Valid eBird observation
CA,royter1,Royal Tern,Thalasseus maximus,L506275,San Diego River mudflats (including Robb Field & Quivira Way),2026-09-19 09:05:00,18.0,32.75684,-117.23911,True,False,False,S394292042,2026-09-19 09:05,2026-09-19,2026,9,262,9.0,5.0,True,Fall,True,True,,False,False,False,False,KEEP,Valid eBird observation
CA,snoplo5,Snowy Plover,Anarhynchus nivosus,L802205,YMCA--Camp Surf,2026-09-19 09:05:00,35.0,32.588024,-117.1323314,True,False,False,S394284968,2026-09-19 09:05,2026-09-19,2026,9,262,9.0,5.0,True,Fall,True,True,,False,False,False,False,KEEP,Valid eBird observation
CA,wooduc,Wood Duck,Aix sponsa,L447347,"UC Davis--Arboretum west end (for CBA Block ""Merrit SE"")",2026-09-19 09:03:00,3.0,38.5290667,-121.7613653,True,False,False,S394283872,2026-09-19 09:03,2026-09-19,2026,9,262,9.0,3.0,True,Fall,True,True,,False,False,False,False,KEEP,Valid eBird observation
CA,wiltur,Wild Turkey,Meleagris gallopavo,L595179,McIntyre Rd.,2026-09-19 09:03:00,9.0,38.2126252,-121.0371494,True,False,False,S394269615,2026-09-19 09:03,2026-09-19,2026,9,262,9.0,3.0,True,Fall,True,True,,False,False,False,False,KEEP,Valid eBird observation
CA,savspa,Savannah Sparrow,Passerculus sandwichensis,L447347,"UC Davis--Arboretum west end (for CBA Block ""Merrit SE"")",2026-09-19 09:03:00,1.0,38.5290667,-121.7613653,True,False,False,S394283872,2026-09-19 09:03,2026-09-19,2026,9,262,9.0,3.0,True,Fall,True,True,,False,False,False,False,KEEP,Valid eBird observation
CA,mutswa,Mute Swan,Cygnus olor,L207664,Las Gallinas Valley Sanitary District,2026-09-19 09:02:00,2.0,38.0274109,-122.515583,True,False,False,S394283915,2026-09-19 09:02,2026-09-19,2026,9,262,9.0,2.0,True,Fall,True,True,,False,False,False,False,KEEP,Valid eBird observation
CA,comgal1,Common Gallinule,Gallinula galeata,L207664,Las Gallinas Valley Sanitary District,2026-09-19 09:02:00,1.0,38.0274109,-122.515583,True,False,False,S394283915,2026-09-19 09:02,2026-09-19,2026,9,262,9.0,2.0,True,Fall,True,True,,False,False,False,False,KEEP,Valid eBird observation
CA,amewig,American Wigeon,Mareca americana,L207664,Las Gallinas Valley Sanitary District,2026-09-19 09:02:00,3.0,38.0274109,-122.515583,True,False,False,S394283915,2026-09-19 09:02,2026-09-19,2026,9,262,9.0,2.0,True,Fall,True,True,,False,False,False,False,KEEP,Valid eBird observation
CA,gadwal,Gadwall,Mareca strepera,L207664,Las Gallinas Valley Sanitary District,2026-09-19 09:02:00,7.0,38.0274109,-122.515583,True,False,False,S394283915,2026-09-19 09:02,2026-09-19,2026,9,262,9.0,2.0,True,Fall,True,True,,False,False,False,False,KEEP,Valid eBird observation
CA,hooori,Hooded Oriole,Icterus cucullatus,L77327983,Tall trees on bank,2026-09-19 09:01:00,1.0,34.381262,-118.881494,True,False,True,S394272515,2026-09-19 09:01,2026-09-19,2026,9,262,9.0,1.0,True,Fall,True,True,,False,False,False,False,KEEP,Valid eBird observation
CA,sooshe,Sooty Shearwater,Ardenna grisea,L77409247,"North Pacific Ocean (34.7671,-121.8737)",2026-09-19 09:00:00,5.0,34.767127,-121.87374,True,False,True,S394290936,2026-09-19 09:00,2026-09-19,2026,9,262,9.0,0.0,True,Fall,True,True,,False,False,False,False,KEEP,Valid eBird observation
CA,bkspet,Black Storm-Petrel,Hydrobates melania,L77409247,"North Pacific Ocean (34.7671,-121.8737)",2026-09-19 09:00:00,1.0,34.767127,-121.87374,True,False,True,S394290936,2026-09-19 09:00,2026-09-19,2026,9,262,9.0,0.0,True,Fall,True,True,,False,False,False,False,KEEP,Valid eBird observation
CA,pifshe,Pink-footed Shearwater,Ardenna creatopus,L77409247,"North Pacific Ocean (34.7671,-121.8737)",2026-09-19 09:00:00,10.0,34.767127,-121.87374,True,False,True,S394290936,2026-09-19 09:00,2026-09-19,2026,9,262,9.0,0.0,True,Fall,True,True,,False,False,False,False,KEEP,Valid eBird observation
CA,caster1,Caspian Tern,Hydroprogne caspia,L1135995,Calavera Lake & Nature Preserve,2026-09-19 09:00:00,2.0,33.1704153,-117.2850394,True,False,False,S394283191,2026-09-19 09:00,2026-09-19,2026,9,262,9.0,0.0,True,Fall,True,True,,False,False,False,False,KEEP,Valid eBird observation
CA,parjae,Parasitic Jaeger,Stercorarius parasiticus,L77409247,"North Pacific Ocean (34.7671,-121.8737)",2026-09-19 09:00:00,1.0,34.767127,-121.87374,True,False,True,S394290936,2026-09-19 09:00,2026-09-19,2026,9,262,9.0,0.0,True,Fall,True,True,,False,False,False,False,KEEP,Valid eBird observation
CA,egygoo,Egyptian Goose,Alopochen aegyptiaca,L2118996,Buena Vista Park (LA Co.),2026-09-19 08:59:00,6.0,34.1520665,-118.3283087,True,False,False,S394282324,2026-09-19 08:59,2026-09-19,2026,9,262,8.0,59.0,True,Fall,True,True,,False,False,False,False,KEEP,Valid eBird observation
CA,bknsti,Black-necked Stilt,Himantopus mexicanus,L2118996,Buena Vista Park (LA Co.),2026-09-19 08:59:00,27.0,34.1520665,-118.3283087,True,False,False,S394282324,2026-09-19 08:59,2026-09-19,2026,9,262,8.0,59.0,True,Fall,True,True,,False,False,False,False,KEEP,Valid eBird observation
CA,retloo,Red-throated Loon,Gavia stellata,L77406336,"6090 California 1, Montara, California, US (37.552, -122.513)",2026-09-19 08:58:00,2.0,37.5523674,-122.5133099,True,False,True,S394274456,2026-09-19 08:58,2026-09-19,2026,9,262,8.0,58.0,True,Fall,True,True,,False,False,False,False,KEEP,Valid eBird observation
CA,calqua,California Quail,Callipepla californica,L19111741,"43766 Brookside Rd, Miramonte US-CA (36.7031,-119.0830)",2026-09-19 08:56:00,6.0,36.703062,-119.083049,True,False,True,S394280684,2026-09-19 08:56,2026-09-19,2026,9,262,8.0,56.0,True,Fall,True,True,,False,False,False,False,KEEP,Valid eBird observation
CA,greyel,Greater Yellowlegs,Tringa melanoleuca,L2376387,Los Angeles River--Glendale Narrows Riverwalk area,2026-09-19 08:56:00,10.0,34.1564737,-118.2869196,True,False,False,S394292160,2026-09-19 08:56,2026-09-19,2026,9,262,8.0,56.0,True,Fall,True,True,,False,False,False,False,KEEP,Valid eBird observation
CA,whtswi,White-throated Swift,Aeronautes saxatalis,L2376387,Los Angeles River--Glendale Narrows Riverwalk area,2026-09-19 08:56:00,6.0,34.1564737,-118.2869196,True,False,False,S394292160,2026-09-19 08:56,2026-09-19,2026,9,262,8.0,56.0,True,Fall,True,True,,False,False,False,False,KEEP,Valid eBird observation
CA,rebsap,Red-breasted Sapsucker,Sphyrapicus ruber,L796625,West Davis pond,2026-09-19 08:53:00,1.0,38.5553476,-121.7825031,True,False,False,S394291176,2026-09-19 08:53,2026-09-19,2026,9,262,8.0,53.0,True,Fall,True,True,,False,False,False,False,KEEP,Valid eBird observation
CA,grtgra,Great-tailed Grackle,Quiscalus mexicanus,L251839,Sweet Springs Nature Preserve,2026-09-19 08:52:00,1.0,35.3217375,-120.8422726,True,False,False,S394291805,2026-09-19 08:52,2026-09-19,2026,9,262,8.0,52.0,True,Fall,True,True,,False,False,False,False,KEEP,Valid eBird observation
CA,chispa,Chipping Sparrow,Spizella passerina,L26708879,Glacier Point,2026-09-19 08:52:00,2.0,37.729765,-119.573568,True,False,True,S394282909,2026-09-19 08:52,2026-09-19,2026,9,262,8.0,52.0,True,Fall,True,True,,False,False,False,False,KEEP,Valid eBird observation
CA,whhwoo,White-headed Woodpecker,Leuconotopicus albolarvatus,L26708879,Glacier Point,2026-09-19 08:52:00,2.0,37.729765,-119.573568,True,False,True,S394282909,2026-09-19 08:52,2026-09-19,2026,9,262,8.0,52.0,True,Fall,True,True,,False,False,False,False,KEEP,Valid eBird observation
CA,barswa,Barn Swallow,Hirundo rustica,L468267,Irvine Lake,2026-09-19 08:50:00,21.0,33.7737252,-117.7176476,True,False,False,S394289002,2026-09-19 08:50,2026-09-19,2026,9,262,8.0,50.0,True,Fall,True,True,,False,False,False,False,KEEP,Valid eBird observation
CA,buggna,Blue-gray Gnatcatcher,Polioptila caerulea,L468267,Irvine Lake,2026-09-19 08:50:00,1.0,33.7737252,-117.7176476,True,False,False,S394289002,2026-09-19 08:50,2026-09-19,2026,9,262,8.0,50.0,True,Fall,True,True,,False,False,False,False,KEEP,Valid eBird observation
CA,baleag,Bald Eagle,Haliaeetus leucocephalus,L468267,Irvine Lake,2026-09-19 08:50:00,1.0,33.7737252,-117.7176476,True,False,False,S394289002,2026-09-19 08:50,2026-09-19,2026,9,262,8.0,50.0,True,Fall,True,True,,False,False,False,False,KEEP,Valid eBird observation
CA,treswa,Tree Swallow,Tachycineta bicolor,L468267,Irvine Lake,2026-09-19 08:50:00,12.0,33.7737252,-117.7176476,True,False,False,S394289002,2026-09-19 08:50,2026-09-19,2026,9,262,8.0,50.0,True,Fall,True,True,,False,False,False,False,KEEP,Valid eBird observation
CA,solsan,Solitary Sandpiper,Tringa solitaria,L468267,Irvine Lake,2026-09-19 08:50:00,1.0,33.7737252,-117.7176476,True,False,False,S394289002,2026-09-19 08:50,2026-09-19,2026,9,262,8.0,50.0,True,Fall,True,True,,False,False,False,False,KEEP,Valid eBird observation
CA,wesgre,Western Grebe,Aechmophorus occidentalis,L468267,Irvine Lake,2026-09-19 08:50:00,2.0,33.7737252,-117.7176476,True,False,False,S394289002,2026-09-19 08:50,2026-09-19,2026,9,262,8.0,50.0,True,Fall,True,True,,False,False,False,False,KEEP,Valid eBird observation
CA,lobdow,Long-billed Dowitcher,Limnodromus scolopaceus,L77152179,Durnel Dr--South of Nelson Rd.,2026-09-19 08:47:00,20.0,39.5469587,-121.8004682,True,False,False,S394283007,2026-09-19 08:47,2026-09-19,2026,9,262,8.0,47.0,True,Fall,True,True,,False,False,False,False,KEEP,Valid eBird observation
CA,sancra,Sandhill Crane,Antigone canadensis,L77152179,Durnel Dr--South of Nelson Rd.,2026-09-19 08:47:00,2.0,39.5469587,-121.8004682,True,False,False,S394283007,2026-09-19 08:47,2026-09-19,2026,9,262,8.0,47.0,True,Fall,True,True,,False,False,False,False,KEEP,Valid eBird observation
CA,swathr,Swainson's Thrush,Catharus ustulatus,L1357335,Huntington Central Park--East,2026-09-19 08:46:00,1.0,33.7040978,-118.0022383,True,False,False,S394275926,2026-09-19 08:46,2026-09-19,2026,9,262,8.0,46.0,True,Fall,True,True,,False,False,False,False,KEEP,Valid eBird observation
CA,perfal,Peregrine Falcon,Falco peregrinus,L210223,Vasona Lake County Park,2026-09-19 08:46:00,1.0,37.2385116,-121.9709873,True,False,False,S394286906,2026-09-19 08:46,2026-09-19,2026,9,262,8.0,46.0,True,Fall,True,True,,False,False,False,False,KEEP,Valid eBird observation
CA,pomjae,Pomarine Jaeger,Stercorarius pomarinus,L77408183,"North Pacific Ocean (34.8532,-121.9171)",2026-09-19 08:44:00,1.0,34.853225,-121.91709,True,False,True,S394284585,2026-09-19 08:44,2026-09-19,2026,9,262,8.0,44.0,True,Fall,True,True,,False,False,False,False,KEEP,Valid eBird observation
CA,arcter,Arctic Tern,Sterna paradisaea,L77408183,"North Pacific Ocean (34.8532,-121.9171)",2026-09-19 08:44:00,4.0,34.853225,-121.91709,True,False,True,S394284585,2026-09-19 08:44,2026-09-19,2026,9,262,8.0,44.0,True,Fall,True,True,,False,False,False,False,KEEP,Valid eBird observation
CA,grnher,Green Heron,Butorides virescens,L54443993,OVLC Riparian Restoration Site,2026-09-19 08:38:00,1.0,34.429486,-119.258067,True,False,True,S394289705,2026-09-19 08:38,2026-09-19,2026,9,262,8.0,38.0,True,Fall,True,True,,False,False,False,False,KEEP,Valid eBird observation
CA,clanut,Clark's Nutcracker,Nucifraga columbiana,L1074379,Cattleguard Campground,2026-09-19 08:37:00,2.0,37.9293535,-119.1569987,True,False,False,S394270102,2026-09-19 08:37,2026-09-19,2026,9,262,8.0,37.0,True,Fall,True,True,,False,False,False,False,KEEP,Valid eBird observation
CA,astfly,Ash-throated Flycatcher,Myiarchus cinerascens,L509037,Morro Bay--Audubon overlook,2026-09-19 08:35:00,1.0,35.3316478,-120.8383334,True,False,False,S394260237,2026-09-19 08:35,2026-09-19,2026,9,262,8.0,35.0,True,Fall,True,True,,False,False,False,False,KEEP,Valid eBird observation
CA,mouqua,Mountain Quail,Oreortyx pictus,L547925,UC Field Station--Sagehen Creek (restricted access),2026-09-19 08:33:00,1.0,39.4319172,-120.2373791,True,False,False,S394286179,2026-09-19 08:33,2026-09-19,2026,9,262,8.0,33.0,True,Fall,True,True,,False,False,False,False,KEEP,Valid eBird observation
CA,wilsap,Williamson's Sapsucker,Sphyrapicus thyroideus,L547925,UC Field Station--Sagehen Creek (restricted access),2026-09-19 08:33:00,2.0,39.4319172,-120.2373791,True,False,False,S394286179,2026-09-19 08:33,2026-09-19,2026,9,262,8.0,33.0,True,Fall,True,True,,False,False,False,False,KEEP,Valid eBird observation
CA,ameavo,American Avocet,Recurvirostra americana,L500360,Don Edwards NWR (ALA Co.),2026-09-19 08:31:00,20.0,37.5316305,-122.0733619,True,False,False,S394277917,2026-09-19 08:31,2026-09-19,2026,9,262,8.0,31.0,True,Fall,True,True,,False,False,False,False,KEEP,Valid eBird observation
CA,ruckin,Ruby-crowned Kinglet,Corthylio calendula,L298523,Loch Lomond,2026-09-19 08:30:00,1.0,37.1106404,-122.064839,True,False,False,S394291094,2026-09-19 08:30,2026-09-19,2026,9,262,8.0,30.0,True,Fall,True,True,,False,False,False,False,KEEP,Valid eBird observation
CA,norsho,Northern Shoveler,Spatula clypeata,L41849072,"Lake Emily (39.447, -123.392)",2026-09-19 08:30:00,1.0,39.4466194,-123.3916555,True,False,False,S394287827,2026-09-19 08:30,2026-09-19,2026,9,262,8.0,30.0,True,Fall,True,True,,False,False,False,False,KEEP,Valid eBird observation
CA,gnwtea,Green-winged Teal,Anas crecca,L41849072,"Lake Emily (39.447, -123.392)",2026-09-19 08:30:00,10.0,39.4466194,-123.3916555,True,False,False,S394287827,2026-09-19 08:30,2026-09-19,2026,9,262,8.0,30.0,True,Fall,True,True,,False,False,False,False,KEEP,Valid eBird observation
CA,cintea,Cinnamon Teal,Spatula cyanoptera,L481023,Los Angeles River--Willow St.,2026-09-19 08:27:00,6.0,33.8048977,-118.2059383,True,False,False,S394278792,2026-09-19 08:27,2026-09-19,2026,9,262,8.0,27.0,True,Fall,True,True,,False,False,False,False,KEEP,Valid eBird observation
CA,bongul,Bonaparte's Gull,Chroicocephalus philadelphia,L481023,Los Angeles River--Willow St.,2026-09-19 08:27:00,1.0,33.8048977,-118.2059383,True,False,False,S394278792,2026-09-19 08:27,2026-09-19,2026,9,262,8.0,27.0,True,Fall,True,True,,False,False,False,False,KEEP,Valid eBird observation
CA,amepip,American Pipit,Anthus rubescens,L11890244,Sycamore South -- Rob's home,2026-09-19 08:26:00,1.0,38.5519699,-121.7635799,True,False,True,S394262491,2026-09-19 08:26,2026-09-19,2026,9,262,8.0,26.0,True,Fall,True,True,,False,False,False,False,KEEP,Valid eBird observation
CA,yecpar,Yellow-chevroned Parakeet,Brotogeris chiriri,L628278,Los Angeles National Cemetery,2026-09-19 08:22:00,14.0,34.0609811,-118.4538031,True,False,False,S394283042,2026-09-19 08:22,2026-09-19,2026,9,262,8.0,22.0,True,Fall,True,True,,False,False,False,False,KEEP,Valid eBird observation
CA,bkhpar,Nanday Parakeet,Aratinga nenday,L628278,Los Angeles National Cemetery,2026-09-19 08:22:00,2.0,34.0609811,-118.4538031,True,False,False,S394283042,2026-09-19 08:22,2026-09-19,2026,9,262,8.0,22.0,True,Fall,True,True,,False,False,False,False,KEEP,Valid eBird observation
CA,grhowl,Great Horned Owl,Bubo virginianus,L506275,San Diego River mudflats (including Robb Field & Quivira Way),2026-09-19 08:22:00,2.0,32.75684,-117.23911,True,False,False,S394262186,2026-09-19 08:22,2026-09-19,2026,9,262,8.0,22.0,True,Fall,True,True,,False,False,False,False,KEEP,Valid eBird observation
CA,horlar,Horned Lark,Eremophila alpestris,L506275,San Diego River mudflats (including Robb Field & Quivira Way),2026-09-19 08:22:00,6.0,32.75684,-117.23911,True,False,False,S394262186,2026-09-19 08:22,2026-09-19,2026,9,262,8.0,22.0,True,Fall,True,True,,False,False,False,False,KEEP,Valid eBird observation
CA,linspa,Lincoln's Sparrow,Melospiza lincolnii,L12750579,Nelson Shippee Rd--East of Midway,2026-09-19 08:22:00,3.0,39.53779,-121.7403499,True,False,False,S394271530,2026-09-19 08:22,2026-09-19,2026,9,262,8.0,22.0,True,Fall,True,True,,False,False,False,False,KEEP,Valid eBird observation
CA,redegr,Reddish Egret,Egretta rufescens,L506275,San Diego River mudflats (including Robb Field & Quivira Way),2026-09-19 08:22:00,1.0,32.75684,-117.23911,True,False,False,S394262186,2026-09-19 08:22,2026-09-19,2026,9,262,8.0,22.0,True,Fall,True,True,,False,False,False,False,KEEP,Valid eBird observation
CA,yebmag,Yellow-billed Magpie,Pica nuttalli,L1030029,My yard,2026-09-19 08:21:00,10.0,38.5531935,-121.3505186,True,False,True,S394287110,2026-09-19 08:21,2026-09-19,2026,9,262,8.0,21.0,True,Fall,True,True,,False,False,False,False,KEEP,Valid eBird observation
CA,casfin,Cassin's Finch,Haemorhous cassinii,L66625516,Floppy Boot Ranch,2026-09-19 08:20:00,7.0,41.947782,-120.29654,True,False,True,S394280307,2026-09-19 08:20,2026-09-19,2026,9,262,8.0,20.0,True,Fall,True,True,,False,False,False,False,KEEP,Valid eBird observation
CA,bkbmag1,Black-billed Magpie,Pica hudsonia,L66625516,Floppy Boot Ranch,2026-09-19 08:20:00,3.0,41.947782,-120.29654,True,False,True,S394280307,2026-09-19 08:20,2026-09-19,2026,9,262,8.0,20.0,True,Fall,True,True,,False,False,False,False,KEEP,Valid eBird observation
CA,phaino,Phainopepla,Phainopepla nitens,L354400,Monrovia Canyon Park,2026-09-19 08:19:00,1.0,34.1765449,-117.989527,True,False,False,S394257770,2026-09-19 08:19,2026-09-19,2026,9,262,8.0,19.0,True,Fall,True,True,,False,False,False,False,KEEP,Valid eBird observation
CA,rocwre,Rock Wren,Salpinctes obsoletus,L354400,Monrovia Canyon Park,2026-09-19 08:19:00,1.0,34.1765449,-117.989527,True,False,False,S394257770,2026-09-19 08:19,2026-09-19,2026,9,262,8.0,19.0,True,Fall,True,True,,False,False,False,False,KEEP,Valid eBird observation
CA,recpar,Red-crowned Amazon,Amazona viridigenalis,L824449,Johnson Lake/laguna area,2026-09-19 08:17:00,10.0,34.1299104,-118.1739235,True,False,True,S394277662,2026-09-19 08:17,2026-09-19,2026,9,262,8.0,17.0,True,Fall,True,True,,False,False,False,False,KEEP,Valid eBird observation
CA,mdxmal1,Muscovy Duck x Mallard (hybrid),Cairina moschata x Anas platyrhynchos,L824449,Johnson Lake/laguna area,2026-09-19 08:17:00,1.0,34.1299104,-118.1739235,True,False,True,S394277662,2026-09-19 08:17,2026-09-19,2026,9,262,8.0,17.0,True,Fall,True,True,,False,False,False,False,KEEP,Valid eBird observation
CA,lobcur,Long-billed Curlew,Numenius americanus,L802205,YMCA--Camp Surf,2026-09-19 08:14:00,2.0,32.588024,-117.1323314,True,False,False,S394277585,2026-09-19 08:14,2026-09-19,2026,9,262,8.0,14.0,True,Fall,True,True,,False,False,False,False,KEEP,Valid eBird observation
CA,forter,Forster's Tern,Sterna forsteri,L802205,YMCA--Camp Surf,2026-09-19 08:14:00,2.0,32.588024,-117.1323314,True,False,False,S394277585,2026-09-19 08:14,2026-09-19,2026,9,262,8.0,14.0,True,Fall,True,True,,False,False,False,False,KEEP,Valid eBird observation
CA,wewvir2,Western Warbling Vireo,Vireo swainsoni,L1059740,Marbella Green Belt and private yard -92128,2026-09-19 08:14:00,1.0,33.0374314,-117.0464087,True,False,True,S394278206,2026-09-19 08:14,2026-09-19,2026,9,262,8.0,14.0,True,Fall,True,True,,False,False,False,False,KEEP,Valid eBird observation
CA,rempar,Red-masked Parakeet,Psittacara erythrogenys,L5145585,Montclair Park,2026-09-19 08:10:00,2.0,32.735115,-117.115591,True,False,False,S394290952,2026-09-19 08:10,2026-09-19,2026,9,262,8.0,10.0,True,Fall,True,True,,False,False,False,False,KEEP,Valid eBird observation
CA,wilfly,Willow Flycatcher,Empidonax traillii,L358617,Woodbridge Wilderness,2026-09-19 08:09:00,1.0,38.1615561,-121.3138676,True,False,False,S394287012,2026-09-19 08:09,2026-09-19,2026,9,262,8.0,9.0,True,Fall,True,True,,False,False,False,False,KEEP,Valid eBird observation
CA,sursco,Surf Scoter,Melanitta perspicillata,L329541,Half Moon Bay SB--Venice Beach and Pilarcitos/Frenchman's Creek Mouth,2026-09-19 08:07:00,6.0,37.4770523,-122.4492789,True,False,False,S394270215,2026-09-19 08:07,2026-09-19,2026,9,262,8.0,7.0,True,Fall,True,True,,False,False,False,False,KEEP,Valid eBird observation
CA,marmur,Marbled Murrelet,Brachyramphus marmoratus,L329541,Half Moon Bay SB--Venice Beach and Pilarcitos/Frenchman's Creek Mouth,2026-09-19 08:07:00,2.0,37.4770523,-122.4492789,True,False,False,S394270215,2026-09-19 08:07,2026-09-19,2026,9,262,8.0,7.0,True,Fall,True,True,,False,False,False,False,KEEP,Valid eBird observation
CA,bracor,Brandt's Cormorant,Urile penicillatus,L329541,Half Moon Bay SB--Venice Beach and Pilarcitos/Frenchman's Creek Mouth,2026-09-19 08:07:00,600.0,37.4770523,-122.4492789,True,False,False,S394270215,2026-09-19 08:07,2026-09-19,2026,9,262,8.0,7.0,True,Fall,True,True,,False,False,False,False,KEEP,Valid eBird observation
CA,herthr,Hermit Thrush,Catharus guttatus,L2606646,Lorinda Ln,2026-09-19 08:06:00,1.0,39.762859,-121.847551,True,False,True,S394258412,2026-09-19 08:06,2026-09-19,2026,9,262,8.0,6.0,True,Fall,True,True,,False,False,False,False,KEEP,Valid eBird observation
CA,macwar,MacGillivray's Warbler,Geothlypis tolmiei,L2606646,Lorinda Ln,2026-09-19 08:06:00,2.0,39.762859,-121.847551,True,False,True,S394258412,2026-09-19 08:06,2026-09-19,2026,9,262,8.0,6.0,True,Fall,True,True,,False,False,False,False,KEEP,Valid eBird observation
CA,pelcor,Pelagic Cormorant,Urile pelagicus,L329541,Half Moon Bay SB--Venice Beach and Pilarcitos/Frenchman's Creek Mouth,2026-09-19 08:03:00,2.0,37.4770523,-122.4492789,True,False,False,S394284523,2026-09-19 08:03,2026-09-19,2026,9,262,8.0,3.0,True,Fall,True,True,,False,False,False,False,KEEP,Valid eBird observation
CA,shbdow,Short-billed Dowitcher,Limnodromus griseus,L329541,Half Moon Bay SB--Venice Beach and Pilarcitos/Frenchman's Creek Mouth,2026-09-19 08:00:00,1.0,37.4770523,-122.4492789,True,False,False,S394266849,2026-09-19 08:00,2026-09-19,2026,9,262,8.0,0.0,True,Fall,True,True,,False,False,False,False,KEEP,Valid eBird observation
CA,commer,Common Merganser,Mergus merganser,L1259871,Tahoe Marsh--via San Francisco Ave.,2026-09-19 07:59:00,9.0,38.9397508,-119.9931049,True,False,False,S394277364,2026-09-19 07:59,2026-09-19,2026,9,262,7.0,59.0,True,Fall,True,True,,False,False,False,False,KEEP,Valid eBird observation
CA,wilsni1,Wilson's Snipe,Gallinago delicata,L1259871,Tahoe Marsh--via San Francisco Ave.,2026-09-19 07:59:00,1.0,38.9397508,-119.9931049,True,False,False,S394277364,2026-09-19 07:59,2026-09-19,2026,9,262,7.0,59.0,True,Fall,True,True,,False,False,False,False,KEEP,Valid eBird observation
CA,virrai,Virginia Rail,Rallus limicola,L1259871,Tahoe Marsh--via San Francisco Ave.,2026-09-19 07:59:00,2.0,38.9397508,-119.9931049,True,False,False,S394277364,2026-09-19 07:59,2026-09-19,2026,9,262,7.0,59.0,True,Fall,True,True,,False,False,False,False,KEEP,Valid eBird observation
CA,vesspa,Vesper Sparrow,Pooecetes gramineus,L1259871,Tahoe Marsh--via San Francisco Ave.,2026-09-19 07:59:00,1.0,38.9397508,-119.9931049,True,False,False,S394277364,2026-09-19 07:59,2026-09-19,2026,9,262,7.0,59.0,True,Fall,True,True,,False,False,False,False,KEEP,Valid eBird observation
CA,sora,Sora,Porzana carolina,L1259871,Tahoe Marsh--via San Francisco Ave.,2026-09-19 07:59:00,1.0,38.9397508,-119.9931049,True,False,False,S394277364,2026-09-19 07:59,2026-09-19,2026,9,262,7.0,59.0,True,Fall,True,True,,False,False,False,False,KEEP,Valid eBird observation
CA,rinduc,Ring-necked Duck,Aythya collaris,L1259871,Tahoe Marsh--via San Francisco Ave.,2026-09-19 07:59:00,1.0,38.9397508,-119.9931049,True,False,False,S394277364,2026-09-19 07:59,2026-09-19,2026,9,262,7.0,59.0,True,Fall,True,True,,False,False,False,False,KEEP,Valid eBird observation
CA,ycnher,Yellow-crowned Night Heron,Nyctanassa violacea,L246035,Famosa Slough,2026-09-19 07:57:00,1.0,32.7514463,-117.2287632,True,False,False,S394283408,2026-09-19 07:57,2026-09-19,2026,9,262,7.0,57.0,True,Fall,True,True,,False,False,False,False,KEEP,Valid eBird observation
CA,buwtea,Blue-winged Teal,Spatula discors,L1839493,Tijuana Slough NWR--South McCoy Trail area,2026-09-19 07:56:00,4.0,32.5647001,-117.125522,True,False,False,S394291405,2026-09-19 07:56,2026-09-19,2026,9,262,7.0,56.0,True,Fall,True,True,,False,False,False,False,KEEP,Valid eBird observation
CA,ridrai1,Ridgway's Rail,Rallus obsoletus,L1839493,Tijuana Slough NWR--South McCoy Trail area,2026-09-19 07:56:00,3.0,32.5647001,-117.125522,True,False,False,S394291405,2026-09-19 07:56,2026-09-19,2026,9,262,7.0,56.0,True,Fall,True,True,,False,False,False,False,KEEP,Valid eBird observation
CA,redcro,Red Crossbill,Loxia curvirostra,L614570,Lake McCumber,2026-09-19 07:54:00,4.0,40.5391124,-121.7329788,True,False,False,S394287225,2026-09-19 07:54,2026-09-19,2026,9,262,7.0,54.0,True,Fall,True,True,,False,False,False,False,KEEP,Valid eBird observation
CA,foxspa,Fox Sparrow,Passerella iliaca,L614570,Lake McCumber,2026-09-19 07:54:00,2.0,40.5391124,-121.7329788,True,False,False,S394287225,2026-09-19 07:54,2026-09-19,2026,9,262,7.0,54.0,True,Fall,True,True,,False,False,False,False,KEEP,Valid eBird observation
CA,blkoys,Black Oystercatcher,Haematopus bachmani,L77154229,"15280 U.S. 101, Smith River, California, US (41.975, -124.205)",2026-09-19 07:53:00,5.0,41.9752414,-124.2053481,True,False,True,S394260843,2026-09-19 07:53,2026-09-19,2026,9,262,7.0,53.0,True,Fall,True,True,,False,False,False,False,KEEP,Valid eBird observation
CA,sabgul,Sabine's Gull,Xema sabini,L77154229,"15280 U.S. 101, Smith River, California, US (41.975, -124.205)",2026-09-19 07:53:00,1.0,41.9752414,-124.2053481,True,False,True,S394260843,2026-09-19 07:53,2026-09-19,2026,9,262,7.0,53.0,True,Fall,True,True,,False,False,False,False,KEEP,Valid eBird observation
CA,nswowl,Northern Saw-whet Owl,Aegolius acadicus,L3868924,James San Jacinto Mountains Reserve (restricted access),2026-09-19 07:51:00,1.0,33.8090046,-116.7755404,True,False,False,S394258967,2026-09-19 07:51,2026-09-19,2026,9,262,7.0,51.0,True,Fall,True,True,,False,False,False,False,KEEP,Valid eBird observation
CA,nrwswa,Northern Rough-winged Swallow,Stelgidopteryx serripennis,L446944,"William R Mason Regional Park, Irvine",2026-09-19 07:49:00,2.0,33.6561023,-117.8293562,True,False,False,S394283121,2026-09-19 07:49,2026-09-19,2026,9,262,7.0,49.0,True,Fall,True,True,,False,False,False,False,KEEP,Valid eBird observation
CA,x00759,Domestic goose sp. x Canada Goose (hybrid),Anser sp. (Domestic type) x Branta canadensis,L165104,Laguna Grande Park,2026-09-19 07:48:00,1.0,36.6034126,-121.8568645,True,False,False,S394283299,2026-09-19 07:48,2026-09-19,2026,9,262,7.0,48.0,True,Fall,True,True,,False,False,False,False,KEEP,Valid eBird observation
CA,bkcchi,Black-capped Chickadee,Poecile atricapillus,L373414,Arcata Marsh and Wildlife Sanctuary--Butcher Slough log pond,2026-09-19 07:45:00,3.0,40.860077,-124.0907907,True,False,False,S394283609,2026-09-19 07:45,2026-09-19,2026,9,262,7.0,45.0,True,Fall,True,True,,False,False,False,False,KEEP,Valid eBird observation
CA,bulshe,Buller's Shearwater,Ardenna bulleri,L77404095,"North Pacific Ocean (35.0517,-122.0168)",2026-09-19 07:44:00,1.0,35.051694,-122.016758,True,False,True,S394264488,2026-09-19 07:44,2026-09-19,2026,9,262,7.0,44.0,True,Fall,True,True,,False,False,False,False,KEEP,Valid eBird observation
CA,tribla,Tricolored Blackbird,Agelaius tricolor,L690873,Pacific Union College campus,2026-09-19 07:43:00,1.0,38.5716392,-122.4356747,True,False,False,S394273034,2026-09-19 07:43,2026-09-19,2026,9,262,7.0,43.0,True,Fall,True,True,,False,False,False,False,KEEP,Valid eBird observation
CA,btmjay,Black-throated Magpie-Jay,Cyanocorax colliei,L418752,Tijuana River Valley--Bird & Butterfly Garden (Myers Ranch),2026-09-19 07:38:00,6.0,32.5538589,-117.084619,True,False,False,S394278801,2026-09-19 07:38,2026-09-19,2026,9,262,7.0,38.0,True,Fall,True,True,,False,False,False,False,KEEP,Valid eBird observation
CA,norcar,Northern Cardinal,Cardinalis cardinalis,L418752,Tijuana River Valley--Bird & Butterfly Garden (Myers Ranch),2026-09-19 07:38:00,1.0,32.5538589,-117.084619,True,False,False,S394278801,2026-09-19 07:38,2026-09-19,2026,9,262,7.0,38.0,True,Fall,True,True,,False,False,False,False,KEEP,Valid eBird observation
CA,wantat1,Wandering Tattler,Tringa incana,L785035,"Pillar Point Harbor--West Point Ave. Riparian areas,  Freshwater Pond trails,  includes Maverick's Beach",2026-09-19 07:35:00,1.0,37.5018956,-122.4967432,True,False,False,S394275234,2026-09-19 07:35,2026-09-19,2026,9,262,7.0,35.0,True,Fall,True,True,,False,False,False,False,KEEP,Valid eBird observation
CA,bnhcow,Brown-headed Cowbird,Molothrus ater,L785035,"Pillar Point Harbor--West Point Ave. Riparian areas,  Freshwater Pond trails,  includes Maverick's Beach",2026-09-19 07:35:00,15.0,37.5018956,-122.4967432,True,False,False,S394275234,2026-09-19 07:35,2026-09-19,2026,9,262,7.0,35.0,True,Fall,True,True,,False,False,False,False,KEEP,Valid eBird observation
CA,clagre,Clark's Grebe,Aechmophorus clarkii,L785035,"Pillar Point Harbor--West Point Ave. Riparian areas,  Freshwater Pond trails,  includes Maverick's Beach",2026-09-19 07:35:00,3.0,37.5018956,-122.4967432,True,False,False,S394275234,2026-09-19 07:35,2026-09-19,2026,9,262,7.0,35.0,True,Fall,True,True,,False,False,False,False,KEEP,Valid eBird observation
CA,blkswi,Black Swift,Cypseloides niger,L8265695,Dinely Drive,2026-09-19 07:35:00,2.0,36.469231,-118.869044,True,False,True,S394244696,2026-09-19 07:35,2026-09-19,2026,9,262,7.0,35.0,True,Fall,True,True,,False,False,False,False,KEEP,Valid eBird observation
CA,rucspa,Rufous-crowned Sparrow,Aimophila ruficeps,L8265695,Dinely Drive,2026-09-19 07:35:00,1.0,36.469231,-118.869044,True,False,True,S394244696,2026-09-19 07:35,2026-09-19,2026,9,262,7.0,35.0,True,Fall,True,True,,False,False,False,False,KEEP,Valid eBird observation
CA,musduc,Muscovy Duck,Cairina moschata,L374927,American River Parkway--Nimbus Fish Hatchery downstream to Upper Sunrise Nimbus Road Parking Area,2026-09-19 07:34:00,2.0,38.6341872,-121.2253864,True,False,False,S394285278,2026-09-19 07:34,2026-09-19,2026,9,262,7.0,34.0,True,Fall,True,True,,False,False,False,False,KEEP,Valid eBird observation
CA,herwar,Hermit Warbler,Setophaga occidentalis,L8341990,La Jolla Colony Park,2026-09-19 07:32:00,2.0,32.861766,-117.2271983,True,False,False,S394260079,2026-09-19 07:32,2026-09-19,2026,9,262,7.0,32.0,True,Fall,True,True,,False,False,False,False,KEEP,Valid eBird observation
CA,yehbla,Yellow-headed Blackbird,Xanthocephalus xanthocephalus,L448084,Woodland WTP,2026-09-19 07:29:00,15.0,38.6624345,-121.7173585,True,False,False,S394274594,2026-09-19 07:29,2026-09-19,2026,9,262,7.0,29.0,True,Fall,True,True,,False,False,False,False,KEEP,Valid eBird observation
CA,renpha,Red-necked Phalarope,Phalaropus lobatus,L448084,Woodland WTP,2026-09-19 07:29:00,25.0,38.6624345,-121.7173585,True,False,False,S394274594,2026-09-19 07:29,2026-09-19,2026,9,262,7.0,29.0,True,Fall,True,True,,False,False,False,False,KEEP,Valid eBird observation
CA,lesyel,Lesser Yellowlegs,Tringa flavipes,L448084,Woodland WTP,2026-09-19 07:29:00,2.0,38.6624345,-121.7173585,True,False,False,S394274594,2026-09-19 07:29,2026-09-19,2026,9,262,7.0,29.0,True,Fall,True,True,,False,False,False,False,KEEP,Valid eBird observation
CA,cliswa,Cliff Swallow,Petrochelidon pyrrhonota,L448084,Woodland WTP,2026-09-19 07:29:00,8.0,38.6624345,-121.7173585,True,False,False,S394274594,2026-09-19 07:29,2026-09-19,2026,9,262,7.0,29.0,True,Fall,True,True,,False,False,False,False,KEEP,Valid eBird observation
CA,swahaw,Swainson's Hawk,Buteo swainsoni,L448084,Woodland WTP,2026-09-19 07:29:00,1.0,38.6624345,-121.7173585,True,False,False,S394274594,2026-09-19 07:29,2026-09-19,2026,9,262,7.0,29.0,True,Fall,True,True,,False,False,False,False,KEEP,Valid eBird observation
CA,gwfgoo,Greater White-fronted Goose,Anser albifrons,L448084,Woodland WTP,2026-09-19 07:29:00,1.0,38.6624345,-121.7173585,True,False,False,S394274594,2026-09-19 07:29,2026-09-19,2026,9,262,7.0,29.0,True,Fall,True,True,,False,False,False,False,KEEP,Valid eBird observation
CA,lawgol,Lawrence's Goldfinch,Spinus lawrencei,L22235803,The Ranch (Private),2026-09-19 07:24:00,2.0,35.920507,-120.495327,True,False,True,S394268075,2026-09-19 07:24,2026-09-19,2026,9,262,7.0,24.0,True,Fall,True,True,,False,False,False,False,KEEP,Valid eBird observation
CA,norpin,Northern Pintail,Anas acuta,L785035,"Pillar Point Harbor--West Point Ave. Riparian areas,  Freshwater Pond trails,  includes Maverick's Beach",2026-09-19 07:10:00,4.0,37.5018956,-122.4967432,True,False,False,S394267095,2026-09-19 07:10,2026-09-19,2026,9,262,7.0,10.0,True,Fall,True,True,,False,False,False,False,KEEP,Valid eBird observation
CA,dunlin,Dunlin,Calidris alpina,L506275,San Diego River mudflats (including Robb Field & Quivira Way),2026-09-19 07:09:00,2.0,32.75684,-117.23911,True,False,False,S394283205,2026-09-19 07:09,2026-09-19,2026,9,262,7.0,9.0,True,Fall,True,True,,False,False,False,False,KEEP,Valid eBird observation
CA,weskin,Western Kingbird,Tyrannus verticalis,L1409516,Heritage Park (Chula Vista),2026-09-19 07:05:00,1.0,32.62438,-116.99747,True,False,False,S394285774,2026-09-19 07:05,2026-09-19,2026,9,262,7.0,5.0,True,Fall,True,True,,False,False,False,False,KEEP,Valid eBird observation
CA,verdin,Verdin,Auriparus flaviceps,L420195,Big Morongo Canyon Preserve & Covington Park,2026-09-19 07:04:00,1.0,34.0497222,-116.5702639,True,False,False,S394283202,2026-09-19 07:04,2026-09-19,2026,9,262,7.0,4.0,True,Fall,True,True,,False,False,False,False,KEEP,Valid eBird observation
CA,incdov,Inca Dove,Columbina inca,L20328972,Prescott Preserve (includes former Mesquite and Bel Air Greens golf courses),2026-09-19 07:01:00,1.0,33.8112785,-116.5199619,True,False,False,S394283928,2026-09-19 07:01,2026-09-19,2026,9,262,7.0,1.0,True,Fall,True,True,,False,False,False,False,KEEP,Valid eBird observation
CA,greroa,Greater Roadrunner,Geococcyx californianus,L20328972,Prescott Preserve (includes former Mesquite and Bel Air Greens golf courses),2026-09-19 07:01:00,1.0,33.8112785,-116.5199619,True,False,False,S394283928,2026-09-19 07:01,2026-09-19,2026,9,262,7.0,1.0,True,Fall,True,True,,False,False,False,False,KEEP,Valid eBird observation
CA,whtspa,White-throated Sparrow,Zonotrichia albicollis,L9240035,"7540 Live Oak Drive, Kelseyville, California, US (38.946, -122.826)",2026-09-19 06:53:00,1.0,38.9455951,-122.8260005,True,False,True,S394255966,2026-09-19 06:53,2026-09-19,2026,9,262,6.0,53.0,True,Fall,True,True,,False,False,False,False,KEEP,Valid eBird observation
CA,bktspa,Black-throated Sparrow,Amphispiza bilineata,L30963534,"54999 Martinez Trail, Yucca Valley US-CA 34.11663, -116.46444",2026-09-19 06:50:00,1.0,34.116626,-116.464438,True,False,True,S394236076,2026-09-19 06:50,2026-09-19,2026,9,262,6.0,50.0,True,Fall,True,True,,False,False,False,False,KEEP,Valid eBird observation
CA,labwoo,Ladder-backed Woodpecker,Dryobates scalaris,L30963534,"54999 Martinez Trail, Yucca Valley US-CA 34.11663, -116.46444",2026-09-19 06:50:00,2.0,34.116626,-116.464438,True,False,True,S394236076,2026-09-19 06:50,2026-09-19,2026,9,262,6.0,50.0,True,Fall,True,True,,False,False,False,False,KEEP,Valid eBird observation
CA,calgna,California Gnatcatcher,Polioptila californica,L5959224,Belmont Park Rd - Spur riparian bridle path,2026-09-19 06:48:00,1.0,33.2446933,-117.2496167,True,False,True,S394240724,2026-09-19 06:48,2026-09-19,2026,9,262,6.0,48.0,True,Fall,True,True,,False,False,False,False,KEEP,Valid eBird observation
CA,casauk,Cassin's Auklet,Ptychoramphus aleuticus,L77399466,"North Pacific Ocean (35.2737,-122.1285)",2026-09-19 06:43:00,1.0,35.273666,-122.128488,True,False,True,S394242016,2026-09-19 06:43,2026-09-19,2026,9,262,6.0,43.0,True,Fall,True,True,,False,False,False,False,KEEP,Valid eBird observation
CA,cocboo1,Cocos Booby,Sula brewsteri,L77405732,"685 Seacoast Dr, Imperial Beach US-CA 32.58436, -117.13168",2026-09-19 06:36:00,3.0,32.584365,-117.131676,True,False,True,S394271038,2026-09-19 06:36,2026-09-19,2026,9,262,6.0,36.0,True,Fall,True,True,,False,False,False,False,KEEP,Valid eBird observation
CA,brnowl,American Barn Owl,Tyto furcata,L77393231,"San Diego Fwy, Irvine US-CA 33.66278, -117.79169",2026-09-19 06:11:00,1.0,33.662782,-117.791694,True,False,True,S394200665,2026-09-19 06:11,2026-09-19,2026,9,262,6.0,11.0,True,Fall,True,True,,False,False,False,False,KEEP,Valid eBird observation
CA,lesnig,Lesser Nighthawk,Chordeiles acutipennis,L305422,Malibu Creek SP,2026-09-19 05:18:00,4.0,34.0991117,-118.7157119,True,False,False,S394283632,2026-09-19 05:18,2026-09-19,2026,9,262,5.0,18.0,True,Fall,True,True,,False,False,False,False,KEEP,Valid eBird observation
CA,wesowl1,Western Screech-Owl,Megascops kennicottii,L305422,Malibu Creek SP,2026-09-19 05:18:00,2.0,34.0991117,-118.7157119,True,False,False,S394283632,2026-09-19 05:18,2026-09-19,2026,9,262,5.0,18.0,True,Fall,True,True,,False,False,False,False,KEEP,Valid eBird observation
CA,redpha1,Red Phalarope,Phalaropus fulicarius,L77374563,"North Pacific Ocean (37.3598,-123.5010)",2026-09-18 20:32:00,13.0,37.359815,-123.501018,True,False,True,S394091165,2026-09-18 20:32,2026-09-18,2026,9,261,20.0,32.0,True,Fall,True,True,,False,False,False,False,KEEP,Valid eBird observation
CA,compoo,Common Poorwill,Phalaenoptilus nuttallii,L5904815,Arroyo Seco Canyon--Explorer Road Bridge to first ford,2026-09-18 19:25:00,1.0,34.2086812,-118.1688357,True,False,False,S394084700,2026-09-18 19:25,2026-09-18,2026,9,261,19.0,25.0,True,Fall,True,True,,False,False,False,False,KEEP,Valid eBird observation
CA,goleag,Golden Eagle,Aquila chrysaetos,L77371485,"13305 Watsonville Rd, Morgan Hill US-CA (37.0667,-121.6607)",2026-09-18 18:36:00,1.0,37.066719,-121.660727,True,False,True,S394075135,2026-09-18 18:36,2026-09-18,2026,9,261,18.0,36.0,True,Fall,True,True,,False,False,False,False,KEEP,Valid eBird observation
CA,calcon,California Condor,Gymnogyps californianus,L2427823,Pinnacles NP--Visitor Center,2026-09-18 18:12:00,2.0,36.4937287,-121.1462805,True,False,False,S394085871,2026-09-18 18:12,2026-09-18,2026,9,261,18.0,12.0,True,Fall,True,True,,False,False,False,False,KEEP,Valid eBird observation
CA,blkski,Black Skimmer,Rynchops niger,L67615484,San Joaquin Marsh,2026-09-18 18:09:00,40.0,33.660805,-117.84404,True,False,True,S394089584,2026-09-18 18:09,2026-09-18,2026,9,261,18.0,9.0,True,Fall,True,True,,False,False,False,False,KEEP,Valid eBird observation
CA,blugrb1,Blue Grosbeak,Passerina caerulea,L509037,Morro Bay--Audubon overlook,2026-09-18 18:01:00,1.0,35.3316478,-120.8383334,True,False,False,S394071995,2026-09-18 18:01,2026-09-18,2026,9,261,18.0,1.0,True,Fall,True,True,,False,False,False,False,KEEP,Valid eBird observation
CA,bkfalb,Black-footed Albatross,Phoebastria nigripes,L77373600,"North Pacific Ocean (38.1894,-123.9977)",2026-09-18 18:00:00,2.0,38.189352,-123.99773,True,False,True,S394086389,2026-09-18 18:00,2026-09-18,2026,9,261,18.0,0.0,True,Fall,True,True,,False,False,False,False,KEEP,Valid eBird observation
CA,asspet,Ashy Storm-Petrel,Hydrobates homochroa,L77373600,"North Pacific Ocean (38.1894,-123.9977)",2026-09-18 18:00:00,35.0,38.189352,-123.99773,True,False,True,S394086389,2026-09-18 18:00,2026-09-18,2026,9,261,18.0,0.0,True,Fall,True,True,,False,False,False,False,KEEP,Valid eBird observation
CA,rhiauk,Rhinoceros Auklet,Cerorhinca monocerata,L77373600,"North Pacific Ocean (38.1894,-123.9977)",2026-09-18 18:00:00,4.0,38.189352,-123.99773,True,False,True,S394086389,2026-09-18 18:00,2026-09-18,2026,9,261,18.0,0.0,True,Fall,True,True,,False,False,False,False,KEEP,Valid eBird observation
CA,nopowl,Northern Pygmy-Owl,Glaucidium gnoma,L77370494,"Eldorado National Forest, Pollock Pines US-CA 38.88789, -120.36759",2026-09-18 17:53:00,1.0,38.887887,-120.367594,True,False,True,S394069619,2026-09-18 17:53,2026-09-18,2026,9,261,17.0,53.0,True,Fall,True,True,,False,False,False,False,KEEP,Valid eBird observation
CA,amered,American Redstart,Setophaga ruticilla,L19011182,Business Park at Mentor Dr. (restricted access),2026-09-18 17:42:00,1.0,34.4340729,-119.8124367,True,True,False,S394078140,2026-09-18 17:42,2026-09-18,2026,9,261,17.0,42.0,True,Fall,True,True,,False,False,False,False,KEEP,Valid eBird observation
CA,norpar,Northern Parula,Setophaga americana,L19011182,Business Park at Mentor Dr. (restricted access),2026-09-18 17:42:00,1.0,34.4340729,-119.8124367,True,True,False,S394078140,2026-09-18 17:42,2026-09-18,2026,9,261,17.0,42.0,True,Fall,True,True,,False,False,False,False,KEEP,Valid eBird observation
CA,xanmur2,Scripps's Murrelet,Synthliboramphus scrippsi,L77371591,"North Pacific Ocean (38.3171,-124.0591)",2026-09-18 17:30:00,1.0,38.317143,-124.059064,True,False,True,S394075711,2026-09-18 17:30,2026-09-18,2026,9,261,17.0,30.0,True,Fall,True,True,,False,False,False,False,KEEP,Valid eBird observation
CA,burowl,Burrowing Owl,Athene cunicularia,L77371276,"North Pacific Ocean (38.2209,-124.0130)",2026-09-18 17:22:00,1.0,38.220867,-124.013019,True,False,True,S394073944,2026-09-18 17:22,2026-09-18,2026,9,261,17.0,22.0,True,Fall,True,True,,False,False,False,False,KEEP,Valid eBird observation
CA,cogdov,Common Ground Dove,Columbina passerina,L17853923,"There 2, Brawley, California, US (32.982, -115.546)",2026-09-18 17:16:00,2.0,32.981865,-115.5464885,True,False,True,S394070418,2026-09-18 17:16,2026-09-18,2026,9,261,17.0,16.0,True,Fall,True,True,,False,False,False,False,KEEP,Valid eBird observation
CA,x00051,Western x Glaucous-winged Gull (hybrid),Larus occidentalis x glaucescens,L242192,Pillar Point Harbor,2026-09-18 17:12:00,1.0,37.5033407,-122.4819213,True,False,False,S394075625,2026-09-18 17:12,2026-09-18,2026,9,261,17.0,12.0,True,Fall,True,True,,False,False,False,False,KEEP,Valid eBird observation
CA,comter,Common Tern,Sterna hirundo,L422817,"Coal Oil Point, Devereux Beach, Sands Beach, and bluff trails",2026-09-18 17:10:00,12.0,34.4071359,-119.8783064,True,True,False,S394225238,2026-09-18 17:10,2026-09-18,2026,9,261,17.0,10.0,True,Fall,True,True,,False,False,False,False,KEEP,Valid eBird observation
CA,amebit,American Bittern,Botaurus lentiginosus,L5391511,Willows gravel pit ponds--Rd. 48,2026-09-18 17:09:00,4.0,39.5389053,-122.1689746,True,False,False,S394072081,2026-09-18 17:09,2026-09-18,2026,9,261,17.0,9.0,True,Fall,True,True,,False,False,False,False,KEEP,Valid eBird observation
CA,lotjae,Long-tailed Jaeger,Stercorarius longicaudus,L77373604,"North Pacific Ocean (38.3537,-124.0770)",2026-09-18 17:00:00,2.0,38.353704,-124.076975,True,False,True,S394086409,2026-09-18 17:00,2026-09-18,2026,9,261,17.0,0.0,True,Fall,True,True,,False,False,False,False,KEEP,Valid eBird observation
CA,sopsku1,South Polar Skua,Stercorarius maccormicki,L77373604,"North Pacific Ocean (38.3537,-124.0770)",2026-09-18 17:00:00,1.0,38.353704,-124.076975,True,False,True,S394086409,2026-09-18 17:00,2026-09-18,2026,9,261,17.0,0.0,True,Fall,True,True,,False,False,False,False,KEEP,Valid eBird observation
CA,eargre,Eared Grebe,Podiceps nigricollis,L497626,Mono Lake--South Tufa area,2026-09-18 16:53:00,50.0,37.9418284,-119.0278316,True,False,False,S394067044,2026-09-18 16:53,2026-09-18,2026,9,261,16.0,53.0,True,Fall,True,True,,False,False,False,False,KEEP,Valid eBird observation
CA,issjay,Island Scrub-Jay,Aphelocoma insularis,L77371770,"Channel Islands National Park US-CA (34.0033,-119.7455)",2026-09-18 16:46:00,4.0,34.003279,-119.745451,True,False,True,S394076761,2026-09-18 16:46,2026-09-18,2026,9,261,16.0,46.0,True,Fall,True,True,,False,False,False,False,KEEP,Valid eBird observation
CA,rengre,Red-necked Grebe,Podiceps grisegena,L1007933,"Navarro River Redwoods SP--Estuary, Beach and Campground",2026-09-18 16:39:00,1.0,39.1930668,-123.7579608,True,False,False,S394070440,2026-09-18 16:39,2026-09-18,2026,9,261,16.0,39.0,True,Fall,True,True,,False,False,False,False,KEEP,Valid eBird observation
CA,olsfly,Olive-sided Flycatcher,Contopus cooperi,L448520,North Davis Farms greenbelt,2026-09-18 16:37:00,1.0,38.5713205,-121.7611313,True,False,False,S394061854,2026-09-18 16:37,2026-09-18,2026,9,261,16.0,37.0,True,Fall,True,True,,False,False,False,False,KEEP,Valid eBird observation
CA,harduc,Harlequin Duck,Histrionicus histrionicus,L352281,Pebble Beach--Bird & Seal Rocks,2026-09-18 16:30:00,1.0,36.5912431,-121.9640791,True,True,False,S394077481,2026-09-18 16:30,2026-09-18,2026,9,261,16.0,30.0,True,Fall,True,True,,False,False,False,False,KEEP,Valid eBird observation
CA,logshr,Loggerhead Shrike,Lanius ludovicianus,L35943049,"10012 Wilson Road, At Santa Fe Grade, aka Wilson Pond,  Los Banos, California, US (37.138, -120.869)",2026-09-18 16:30:00,1.0,37.1382075,-120.8694947,True,False,True,S394090113,2026-09-18 16:30,2026-09-18,2026,9,261,16.0,30.0,True,Fall,True,True,,False,False,False,False,KEEP,Valid eBird observation
CA,bkvshe,Black-vented Shearwater,Puffinus opisthomelas,L4751440,Newport Beach--nearshore (ORA Co.),2026-09-18 16:23:00,70.0,33.5551278,-117.9141333,True,False,False,S394069716,2026-09-18 16:23,2026-09-18,2026,9,261,16.0,23.0,True,Fall,True,True,,False,False,False,False,KEEP,Valid eBird observation
CA,camwar,Cape May Warbler,Setophaga tigrina,L15105111,Sequoia Park,2026-09-18 16:19:00,1.0,34.054574,-118.141981,True,True,False,S394066323,2026-09-18 16:19,2026-09-18,2026,9,261,16.0,19.0,True,Fall,True,True,,False,False,False,False,KEEP,Valid eBird observation
CA,surfbi,Surfbird,Calidris virgata,L2999612,Playa del Rey/Ballona area,2026-09-18 16:06:00,6.0,33.9634551,-118.4519934,True,False,False,S394077822,2026-09-18 16:06,2026-09-18,2026,9,261,16.0,6.0,True,Fall,True,True,,False,False,False,False,KEEP,Valid eBird observation
CA,hudgod,Hudsonian Godwit,Limosa haemastica,L218324,Pt. Reyes--Abbotts Lagoon,2026-09-18 16:00:00,1.0,38.1190611,-122.9522467,True,True,False,S394088891,2026-09-18 16:00,2026-09-18,2026,9,261,16.0,0.0,True,Fall,True,True,,False,False,False,False,KEEP,Valid eBird observation
CA,pecsan,Pectoral Sandpiper,Calidris melanotos,L218324,Pt. Reyes--Abbotts Lagoon,2026-09-18 16:00:00,1.0,38.1190611,-122.9522467,True,False,False,S394088891,2026-09-18 16:00,2026-09-18,2026,9,261,16.0,0.0,True,Fall,True,True,,False,False,False,False,KEEP,Valid eBird observation
CA,burpar,Burrowing Parakeet,Cyanoliseus patagonus,L75433283,"3751 42nd St, San Diego US-CA (32.7468,-117.1043)",2026-09-18 15:55:00,9.0,32.746849,-117.104285,True,False,True,S394044110,2026-09-18 15:55,2026-09-18,2026,9,261,15.0,55.0,True,Fall,True,True,,False,False,False,False,KEEP,Valid eBird observation
CA,chukar,Chukar,Alectoris chukar,L77370159,"Little Panoche Road, Firebaugh, California, US (36.668, -120.869)",2026-09-18 15:46:00,8.0,36.6680459,-120.8686606,True,False,True,S394067505,2026-09-18 15:46,2026-09-18,2026,9,261,15.0,46.0,True,Fall,True,True,,False,False,False,False,KEEP,Valid eBird observation
CA,cacgoo1,Cackling Goose,Branta hutchinsii,L469058,Apollo Park,2026-09-18 15:45:00,1.0,34.7421591,-118.2011104,True,False,False,S394097807,2026-09-18 15:45,2026-09-18,2026,9,261,15.0,45.0,True,Fall,True,True,,False,False,False,False,KEEP,Valid eBird observation
CA,snogoo,Snow Goose,Anser caerulescens,L469058,Apollo Park,2026-09-18 15:45:00,1.0,34.7421591,-118.2011104,True,False,False,S394097807,2026-09-18 15:45,2026-09-18,2026,9,261,15.0,45.0,True,Fall,True,True,,False,False,False,False,KEEP,Valid eBird observation
CA,rosgoo,Ross's Goose,Anser rossii,L469058,Apollo Park,2026-09-18 15:45:00,1.0,34.7421591,-118.2011104,True,False,False,S394097807,2026-09-18 15:45,2026-09-18,2026,9,261,15.0,45.0,True,Fall,True,True,,False,False,False,False,KEEP,Valid eBird observation
CA,casvir,Cassin's Vireo,Vireo cassinii,L1085740,Golden Gate Park--Arboretum (San Francisco Botanical Garden),2026-09-18 15:40:00,1.0,37.7675937,-122.4688053,True,False,False,S394063333,2026-09-18 15:40,2026-09-18,2026,9,261,15.0,40.0,True,Fall,True,True,,False,False,False,False,KEEP,Valid eBird observation
CA,sagspa1,Sagebrush Sparrow,Artemisiospiza nevadensis,L725880,Dechambeau Ponds,2026-09-18 15:29:00,3.0,38.0506527,-119.0841529,True,False,False,S394051072,2026-09-18 15:29,2026-09-18,2026,9,261,15.0,29.0,True,Fall,True,True,,False,False,False,False,KEEP,Valid eBird observation
CA,amhgul1,American Herring Gull,Larus smithsonianus,L61558802,Woodland WTP,2026-09-18 15:29:00,1.0,38.666825,-121.718776,True,False,True,S394065892,2026-09-18 15:29,2026-09-18,2026,9,261,15.0,29.0,True,Fall,True,True,,False,False,False,False,KEEP,Valid eBird observation
CA,baisan,Baird's Sandpiper,Calidris bairdii,L1272567,Russ Ranch Wetlands,2026-09-18 15:23:00,2.0,40.577205,-124.3439871,True,False,False,S394084713,2026-09-18 15:23,2026-09-18,2026,9,261,15.0,23.0,True,Fall,True,True,,False,False,False,False,KEEP,Valid eBird observation
CA,whwsco2,White-winged Scoter,Melanitta deglandi,L1272567,Russ Ranch Wetlands,2026-09-18 15:23:00,1.0,40.577205,-124.3439871,True,False,False,S394084713,2026-09-18 15:23,2026-09-18,2026,9,261,15.0,23.0,True,Fall,True,True,,False,False,False,False,KEEP,Valid eBird observation
CA,redkno,Red Knot,Calidris canutus,L467982,Foster City Shell Bar,2026-09-18 15:08:00,4.0,37.5635405,-122.248714,True,False,False,S394050077,2026-09-18 15:08,2026-09-18,2026,9,261,15.0,8.0,True,Fall,True,True,,False,False,False,False,KEEP,Valid eBird observation
CA,amedip,American Dipper,Cinclus mexicanus,L20509722,Dynamo Pond,2026-09-18 14:28:00,1.0,38.149614,-119.223231,True,False,False,S394033485,2026-09-18 14:28,2026-09-18,2026,9,261,14.0,28.0,True,Fall,True,True,,False,False,False,False,KEEP,Valid eBird observation
CA,compea,Indian Peafowl,Pavo cristatus,L4379714,Los Angeles County Arboretum & Botanic Garden,2026-09-18 14:13:00,,34.1438801,-118.0518637,True,False,False,S394083570,2026-09-18 14:13,2026-09-18,2026,9,261,14.0,13.0,True,Fall,True,True,,True,False,False,True,KEEP,Retained with documented metadata limitation
CA,grefla2,American Flamingo,Phoenicopterus ruber,L859942,Bayshore Bikeway--10th Street (Pond 23),2026-09-18 13:59:00,2.0,32.5901154,-117.1133738,True,False,False,S394032753,2026-09-18 13:59,2026-09-18,2026,9,261,13.0,59.0,True,Fall,True,True,,False,False,False,False,KEEP,Valid eBird observation
CA,pagplo,Pacific Golden-Plover,Pluvialis fulva,L802205,YMCA--Camp Surf,2026-09-18 13:46:00,1.0,32.588024,-117.1323314,True,True,False,S394042040,2026-09-18 13:46,2026-09-18,2026,9,261,13.0,46.0,True,Fall,True,True,,False,False,False,False,KEEP,Valid eBird observation
CA,rinphe1,Ring-necked Pheasant,Phasianus colchicus,L837268,Sacramento NWR--Auto Route & Visitor Center,2026-09-18 13:35:00,2.0,39.4284385,-122.1564999,True,False,False,S394037508,2026-09-18 13:35,2026-09-18,2026,9,261,13.0,35.0,True,Fall,True,True,,False,False,False,False,KEEP,Valid eBird observation
CA,pacloo,Pacific Loon,Gavia pacifica,L453386,Pt. Reyes--Fish Docks (DO NOT INCLUDE Chimney Rock area),2026-09-18 13:30:00,1.0,37.9956216,-122.9782104,True,False,False,S394038514,2026-09-18 13:30,2026-09-18,2026,9,261,13.0,30.0,True,Fall,True,True,,False,False,False,False,KEEP,Valid eBird observation
CA,prawar,Prairie Warbler,Setophaga discolor,L453386,Pt. Reyes--Fish Docks (DO NOT INCLUDE Chimney Rock area),2026-09-18 13:30:00,1.0,37.9956216,-122.9782104,True,True,False,S394038514,2026-09-18 13:30,2026-09-18,2026,9,261,13.0,30.0,True,Fall,True,True,,False,False,False,False,KEEP,Valid eBird observation
CA,piggui,Pigeon Guillemot,Cepphus columba,L453386,Pt. Reyes--Fish Docks (DO NOT INCLUDE Chimney Rock area),2026-09-18 13:30:00,3.0,37.9956216,-122.9782104,True,False,False,S394038514,2026-09-18 13:30,2026-09-18,2026,9,261,13.0,30.0,True,Fall,True,True,,False,False,False,False,KEEP,Valid eBird observation
CA,brant,Brant,Branta bernicla,L190263,Carpinteria Salt Marsh Reserve (restricted access),2026-09-18 13:24:00,1.0,34.3996863,-119.5353699,True,False,False,S394022140,2026-09-18 13:24,2026-09-18,2026,9,261,13.0,24.0,True,Fall,True,True,,False,False,False,False,KEEP,Valid eBird observation
CA,moublu,Mountain Bluebird,Sialia currucoides,L77363069,"5593 Red Rock Road, Macdoel, California, US (41.791, -121.922) technor/ long Prairie",2026-09-18 13:19:00,1.0,41.790813,-121.9219668,True,False,True,S394015508,2026-09-18 13:19,2026-09-18,2026,9,261,13.0,19.0,True,Fall,True,True,,False,False,False,False,KEEP,Valid eBird observation
CA,bktgna,Black-tailed Gnatcatcher,Polioptila melanura,L418021,Baker sewage ponds,2026-09-18 13:19:00,1.0,35.2568688,-116.0720801,True,False,False,S394080964,2026-09-18 13:19,2026-09-18,2026,9,261,13.0,19.0,True,Fall,True,True,,False,False,False,False,KEEP,Valid eBird observation
CA,norwat,Northern Waterthrush,Parkesia noveboracensis,L1913254,Mills College,2026-09-18 13:15:00,1.0,37.781705,-122.1832466,True,True,False,S394032024,2026-09-18 13:15,2026-09-18,2026,9,261,13.0,15.0,True,Fall,True,True,,False,False,False,False,KEEP,Valid eBird observation
CA,tufpuf,Tufted Puffin,Fratercula cirrhata,L77365270,"North Pacific Ocean (39.4248,-124.5988)",2026-09-18 13:00:00,1.0,39.424843,-124.598837,True,False,True,S394029370,2026-09-18 13:00,2026-09-18,2026,9,261,13.0,0.0,True,Fall,True,False,Pelagic observation outside simplified state bounding box,False,False,True,True,KEEP,Retained with documented metadata limitation
CA,leafly,Least Flycatcher,Empidonax minimus,L3289168,Fiesta Island--north,2026-09-18 12:59:00,1.0,32.7838051,-117.2183075,True,True,False,S394047065,2026-09-18 12:59,2026-09-18,2026,9,261,12.0,59.0,True,Fall,True,True,,False,False,False,False,KEEP,Valid eBird observation
CA,boboli,Bobolink,Dolichonyx oryzivorus,L473317,Quail Lake,2026-09-18 12:44:00,1.0,34.7701368,-118.7521648,True,True,False,S394036820,2026-09-18 12:44,2026-09-18,2026,9,261,12.0,44.0,True,Fall,True,True,,False,False,False,False,KEEP,Valid eBird observation
CA,lucwar,Lucy's Warbler,Leiothlypis luciae,L3177894,West San Gabriel River Parkway Nature Trail,2026-09-18 12:30:00,1.0,33.83918,-118.09587,True,True,False,S394078868,2026-09-18 12:30,2026-09-18,2026,9,261,12.0,30.0,True,Fall,True,True,,False,False,False,False,KEEP,Valid eBird observation
CA,varthr,Varied Thrush,Ixoreus naevius,L272849,Mt. Tamalpais,2026-09-18 12:26:00,1.0,37.9246199,-122.5981135,True,True,False,S394015878,2026-09-18 12:26,2026-09-18,2026,9,261,12.0,26.0,True,Fall,True,True,,False,False,False,False,KEEP,Valid eBird observation
CA,canvas,Canvasback,Aythya valisineria,L12060584,San Pablo Bay NWR-- Tern Island,2026-09-18 12:24:00,1.0,38.1334657,-122.3371599,True,False,False,S394005389,2026-09-18 12:24,2026-09-18,2026,9,261,12.0,24.0,True,Fall,True,True,,False,False,False,False,KEEP,Valid eBird observation
CA,cacwre,Cactus Wren,Campylorhynchus brunneicapillus,L5665726,Sky Valley Resort (restricted access),2026-09-18 11:40:00,3.0,33.9013097,-116.3644805,True,False,False,S393997155,2026-09-18 11:40,2026-09-18,2026,9,261,11.0,40.0,True,Fall,True,True,,False,False,False,False,KEEP,Valid eBird observation
CA,glwgul,Glaucous-winged Gull,Larus glaucescens,L614301,Bird Walk Coastal Access and Smith Brothers Road,2026-09-18 11:32:00,1.0,38.3213295,-123.0372924,True,False,False,S394030188,2026-09-18 11:32,2026-09-18,2026,9,261,11.0,32.0,True,Fall,True,True,,False,False,False,False,KEEP,Valid eBird observation
CA,virwar,Virginia's Warbler,Leiothlypis virginiae,L506275,San Diego River mudflats (including Robb Field & Quivira Way),2026-09-18 11:26:00,1.0,32.75684,-117.23911,True,True,False,S394006447,2026-09-18 11:26,2026-09-18,2026,9,261,11.0,26.0,True,Fall,True,True,,False,False,False,False,KEEP,Valid eBird observation
CA,canwre,Canyon Wren,Catherpes mexicanus,L27966580,Yosemite NP--Nevada Fall,2026-09-18 11:26:00,1.0,37.7248024,-119.5333529,True,False,False,S394084746,2026-09-18 11:26,2026-09-18,2026,9,261,11.0,26.0,True,Fall,True,True,,False,False,False,False,KEEP,Valid eBird observation
CA,bkpwar,Blackpoll Warbler,Setophaga striata,L506275,San Diego River mudflats (including Robb Field & Quivira Way),2026-09-18 11:23:00,1.0,32.75684,-117.23911,True,True,False,S394022242,2026-09-18 11:23,2026-09-18,2026,9,261,11.0,23.0,True,Fall,True,True,,False,False,False,False,KEEP,Valid eBird observation
CA,bawwar,Black-and-white Warbler,Mniotilta varia,L506275,San Diego River mudflats (including Robb Field & Quivira Way),2026-09-18 11:23:00,1.0,32.75684,-117.23911,True,True,False,S394022242,2026-09-18 11:23,2026-09-18,2026,9,261,11.0,23.0,True,Fall,True,True,,False,False,False,False,KEEP,Valid eBird observation
CA,rebmer,Red-breasted Merganser,Mergus serrator,L3906153,Pajaro Dunes--lower Watsonville Slough (restricted access; permit required),2026-09-18 11:20:00,1.0,36.86115,-121.8142605,True,False,False,S394019646,2026-09-18 11:20,2026-09-18,2026,9,261,11.0,20.0,True,Fall,True,True,,False,False,False,False,KEEP,Valid eBird observation
CA,buffle,Bufflehead,Bucephala albeola,L803520,Lake Shastina,2026-09-18 11:04:00,4.0,41.5162898,-122.3945618,True,False,False,S394027857,2026-09-18 11:04,2026-09-18,2026,9,261,11.0,4.0,True,Fall,True,True,,False,False,False,False,KEEP,Valid eBird observation
CA,sctfly,Scissor-tailed Flycatcher,Tyrannus forficatus,L2687305,Laws Fields and Canals,2026-09-18 10:42:00,1.0,37.4192068,-118.3452724,True,True,False,S393989235,2026-09-18 10:42,2026-09-18,2026,9,261,10.0,42.0,True,Fall,True,True,,False,False,False,False,KEEP,Valid eBird observation
CA,prafal,Prairie Falcon,Falco mexicanus,L76625952,"Silver Canyon Rd, E of Laws",2026-09-18 10:35:00,1.0,37.401737,-118.338661,True,False,True,S393995229,2026-09-18 10:35,2026-09-18,2026,9,261,10.0,35.0,True,Fall,True,True,,False,False,False,False,KEEP,Valid eBird observation
CA,leabit,Least Bittern,Botaurus exilis,L1552663,Ken Malloy Harbor Regional Park,2026-09-18 10:28:00,1.0,33.7874582,-118.2939363,True,False,False,S393992762,2026-09-18 10:28,2026-09-18,2026,9,261,10.0,28.0,True,Fall,True,True,,False,False,False,False,KEEP,Valid eBird observation
CA,gresca,Greater Scaup,Aythya marila,L2837420,Hamilton Wetlands,2026-09-18 10:26:00,3.0,38.0578151,-122.5078261,True,False,False,S394040609,2026-09-18 10:26,2026-09-18,2026,9,261,10.0,26.0,True,Fall,True,True,,False,False,False,False,KEEP,Valid eBird observation
CA,cramur,Craveri's Murrelet,Synthliboramphus craveri,L77372850,"North Pacific Ocean US (32.6843,-117.4418)",2026-09-18 10:25:00,2.0,32.68426,-117.441797,True,False,True,S394082921,2026-09-18 10:25,2026-09-18,2026,9,261,10.0,25.0,True,Fall,True,True,,False,False,False,False,KEEP,Valid eBird observation
CA,lsspet,Least Storm-Petrel,Hydrobates microsoma,L77372850,"North Pacific Ocean US (32.6843,-117.4418)",2026-09-18 10:25:00,1.0,32.68426,-117.441797,True,False,True,S394093767,2026-09-18 10:25,2026-09-18,2026,9,261,10.0,25.0,True,Fall,True,True,,False,False,False,False,KEEP,Valid eBird observation
CA,robgro,Rose-breasted Grosbeak,Pheucticus ludovicianus,L54419084,my backyard,2026-09-18 10:24:00,1.0,36.6288837,-121.8305934,True,True,True,S393981157,2026-09-18 10:24,2026-09-18,2026,9,261,10.0,24.0,True,Fall,True,True,,False,False,False,False,KEEP,Valid eBird observation
CA,ftspet,Fork-tailed Storm-Petrel,Hydrobates furcatus,L77358447,"North Pacific Ocean (40.2152,-124.9891)",2026-09-18 10:00:00,1.0,40.215156,-124.989111,True,False,True,S393988939,2026-09-18 10:00,2026-09-18,2026,9,261,10.0,0.0,True,Fall,True,False,Pelagic observation outside simplified state bounding box,False,False,True,True,KEEP,Retained with documented metadata limitation
CA,ferhaw,Ferruginous Hawk,Buteo regalis,L224081,Hawk Hill,2026-09-18 10:00:00,1.0,37.8281456,-122.4991411,True,False,False,S394061664,2026-09-18 10:00,2026-09-18,2026,9,261,10.0,0.0,True,Fall,True,True,,False,False,False,False,KEEP,Valid eBird observation
CA,brwhaw,Broad-winged Hawk,Buteo platypterus,L224081,Hawk Hill,2026-09-18 10:00:00,14.0,37.8281456,-122.4991411,True,False,False,S394061664,2026-09-18 10:00,2026-09-18,2026,9,261,10.0,0.0,True,Fall,True,True,,False,False,False,False,KEEP,Valid eBird observation
CA,fragul,Franklin's Gull,Leucophaeus pipixcan,L448084,Woodland WTP,2026-09-18 09:45:00,1.0,38.6624345,-121.7173585,True,True,False,S393984905,2026-09-18 09:45,2026-09-18,2026,9,261,9.0,45.0,True,Fall,True,True,,False,False,False,False,KEEP,Valid eBird observation
CA,banswa,Bank Swallow,Riparia riparia,L715898,Whelan Lake Bird Sanctuary (permission required),2026-09-18 09:36:00,1.0,33.2424922,-117.3364091,True,True,False,S393998124,2026-09-18 09:36,2026-09-18,2026,9,261,9.0,36.0,True,Fall,True,True,,False,False,False,False,KEEP,Valid eBird observation
CA,lessap2,Siberian Sand-Plover,Anarhynchus mongolus,L802205,YMCA--Camp Surf,2026-09-18 09:33:00,1.0,32.588024,-117.1323314,True,True,False,S394022630,2026-09-18 09:33,2026-09-18,2026,9,261,9.0,33.0,True,Fall,True,True,,False,False,False,False,KEEP,Valid eBird observation
CA,rorpar,Rose-ringed Parakeet,Psittacula krameri,L8282281,Panorama Vista Preserve (west),2026-09-18 09:12:00,3.0,35.4128021,-118.999486,True,False,False,S394003666,2026-09-18 09:12,2026-09-18,2026,9,261,9.0,12.0,True,Fall,True,True,,False,False,False,False,KEEP,Valid eBird observation
CA,swagoo1,Swan Goose,Anser cygnoides,L470242,Lagoon Valley Park and Pena Adobe Historical Area,2026-09-18 09:00:00,2.0,38.3351815,-122.0145249,True,False,False,S394004471,2026-09-18 09:00,2026-09-18,2026,9,261,9.0,0.0,True,Fall,True,True,,False,False,False,False,KEEP,Valid eBird observation
CA,wilpha,Wilson's Phalarope,Phalaropus tricolor,L275227,Piute Ponds (permit required),2026-09-18 08:43:00,10.0,34.7901193,-118.1181776,True,False,False,S394067000,2026-09-18 08:43,2026-09-18,2026,9,261,8.0,43.0,True,Fall,True,True,,False,False,False,False,KEEP,Valid eBird observation
CA,dusfly,Dusky Flycatcher,Empidonax oberholseri,L270903,Mono Lake County Park,2026-09-18 08:24:00,1.0,38.0152767,-119.1486168,True,False,False,S393975408,2026-09-18 08:24,2026-09-18,2026,9,261,8.0,24.0,True,Fall,True,True,,False,False,False,False,KEEP,Valid eBird observation
CA,gragoo,Graylag Goose,Anser anser,L480325,John F. Kennedy Memorial Park,2026-09-18 08:20:00,1.0,38.2692519,-122.2806644,True,False,False,S394011874,2026-09-18 08:20,2026-09-18,2026,9,261,8.0,20.0,True,Fall,True,True,,False,False,False,False,KEEP,Valid eBird observation
CA,bkbwoo,Black-backed Woodpecker,Picoides arcticus,L547925,UC Field Station--Sagehen Creek (restricted access),2026-09-18 08:09:00,1.0,39.4319172,-120.2373791,True,False,False,S393974180,2026-09-18 08:09,2026-09-18,2026,9,261,8.0,9.0,True,Fall,True,True,,False,False,False,False,KEEP,Valid eBird observation
CA,gcrfin,Gray-crowned Rosy-Finch,Leucosticte tephrocotis,L13323674,Ponderosa Basin,2026-09-18 07:55:00,1.0,37.4577536,-119.7386089,True,False,True,S394004784,2026-09-18 07:55,2026-09-18,2026,9,261,7.0,55.0,True,Fall,True,True,,False,False,False,False,KEEP,Valid eBird observation
CA,plsvir,Plumbeous Vireo,Vireo plumbeus,L760658,Pleasant Valley Reservoir,2026-09-18 07:53:00,1.0,37.4234802,-118.5381889,True,False,False,S393977163,2026-09-18 07:53,2026-09-18,2026,9,261,7.0,53.0,True,Fall,True,True,,False,False,False,False,KEEP,Valid eBird observation
CA,redhea,Redhead,Aythya americana,L448084,Woodland WTP,2026-09-18 07:53:00,2.0,38.6624345,-121.7173585,True,False,False,S394015663,2026-09-18 07:53,2026-09-18,2026,9,261,7.0,53.0,True,Fall,True,True,,False,False,False,False,KEEP,Valid eBird observation
CA,comgol,Common Goldeneye,Bucephala clangula,L448084,Woodland WTP,2026-09-18 07:53:00,1.0,38.6624345,-121.7173585,True,False,False,S394015663,2026-09-18 07:53,2026-09-18,2026,9,261,7.0,53.0,True,Fall,True,True,,False,False,False,False,KEEP,Valid eBird observation
CA,neocor,Neotropic Cormorant,Nannopterum brasilianum,L152149,Bette Davis Picnic Area,2026-09-18 07:51:00,2.0,34.1576843,-118.2978616,True,False,False,S393969756,2026-09-18 07:51,2026-09-18,2026,9,261,7.0,51.0,True,Fall,True,True,,False,False,False,False,KEEP,Valid eBird observation
CA,clcspa,Clay-colored Sparrow,Spizella pallida,L2497189,My Yard,2026-09-18 07:36:00,1.0,33.8238402,-118.1706347,True,True,True,S393956198,2026-09-18 07:36,2026-09-18,2026,9,261,7.0,36.0,True,Fall,True,True,,False,False,False,False,KEEP,Valid eBird observation
CA,spodov,Spotted Dove,Spilopelia chinensis,L280831,Santa Catalina Island--Avalon area,2026-09-18 07:32:00,12.0,33.3424927,-118.3267611,True,False,False,S394066242,2026-09-18 07:32,2026-09-18,2026,9,261,7.0,32.0,True,Fall,True,True,,False,False,False,False,KEEP,Valid eBird observation
CA,tenwar,Tennessee Warbler,Leiothlypis peregrina,L280831,Santa Catalina Island--Avalon area,2026-09-18 07:32:00,5.0,33.3424927,-118.3267611,True,True,False,S394066242,2026-09-18 07:32,2026-09-18,2026,9,261,7.0,32.0,True,Fall,True,True,,False,False,False,False,KEEP,Valid eBird observation
CA,ovenbi1,Ovenbird,Seiurus aurocapilla,L329116,"Southeast Farallon Island (Farallon Islands NWR, restricted access)",2026-09-18 07:00:00,1.0,37.69852,-123.002789,True,False,False,S394088235,2026-09-18 07:00,2026-09-18,2026,9,261,7.0,0.0,True,Fall,True,True,,False,False,False,False,KEEP,Valid eBird observation
CA,gryjay,Canada Jay,Perisoreus canadensis,L65263107,Allen house,2026-09-18 06:58:00,20.0,41.192834,-124.0945548,True,False,True,S394065594,2026-09-18 06:58,2026-09-18,2026,9,261,6.0,58.0,True,Fall,True,True,,False,False,False,False,KEEP,Valid eBird observation
CA,dickci,Dickcissel,Spiza americana,L241743,Fort Rosecrans National Cemetery (no birding 8a-5p),2026-09-18 06:45:00,1.0,32.6846387,-117.2446284,True,True,False,S393983617,2026-09-18 06:45,2026-09-18,2026,9,261,6.0,45.0,True,Fall,True,True,,False,False,False,False,KEEP,Valid eBird observation
CA,trokin,Tropical Kingbird,Tyrannus melancholicus,L241743,Fort Rosecrans National Cemetery (no birding 8a-5p),2026-09-18 06:45:00,1.0,32.6846387,-117.2446284,True,True,False,S393983617,2026-09-18 06:45,2026-09-18,2026,9,261,6.0,45.0,True,Fall,True,True,,False,False,False,False,KEEP,Valid eBird observation
CA,norgos,American Goshawk,Astur atricapillus,L199372,Kings Canyon NP--Grant Grove,2026-09-18 06:38:00,1.0,36.7433115,-118.9679553,True,False,False,S394045002,2026-09-18 06:38,2026-09-18,2026,9,261,6.0,38.0,True,Fall,True,True,,False,False,False,False,KEEP,Valid eBird observation
CA,hamfly,Hammond's Flycatcher,Empidonax hammondii,L199372,Kings Canyon NP--Grant Grove,2026-09-18 06:38:00,2.0,36.7433115,-118.9679553,True,False,False,S394045002,2026-09-18 06:38,2026-09-18,2026,9,261,6.0,38.0,True,Fall,True,True,,False,False,False,False,KEEP,Valid eBird observation
CA,hrshaw,Harris's Hawk,Parabuteo unicinctus,L560027,"Jacumba--town, pond, fields",2026-09-18 06:01:00,2.0,32.6191061,-116.1844861,True,True,False,S393952726,2026-09-18 06:01,2026-09-18,2026,9,261,6.0,1.0,True,Fall,True,True,,False,False,False,False,KEEP,Valid eBird observation
CA,abetow,Abert's Towhee,Melozone aberti,L77242713,<i>cunicu</i>-Lair-<i>ia</i>,2026-09-17 18:32:00,7.0,33.5469175,-116.065693,True,False,True,S393803791,2026-09-17 18:32,2026-09-17,2026,9,260,18.0,32.0,True,Fall,True,True,,False,False,False,False,KEEP,Valid eBird observation
CA,categr1,Western Cattle-Egret,Ardea ibis,L77326987,"West Cady Road, Brawley, California, US (32.977, -115.649)",2026-09-17 18:07:00,2.0,32.9773522,-115.6486747,True,False,True,S393797098,2026-09-17 18:07,2026-09-17,2026,9,260,18.0,7.0,True,Fall,True,True,,False,False,False,False,KEEP,Valid eBird observation
CA,eurwig,Eurasian Wigeon,Mareca penelope,L448084,Woodland WTP,2026-09-17 18:04:00,1.0,38.6624345,-121.7173585,True,True,False,S393806270,2026-09-17 18:04,2026-09-17,2026,9,260,18.0,4.0,True,Fall,True,True,,False,False,False,False,KEEP,Valid eBird observation
CA,lessca,Lesser Scaup,Aythya affinis,L448084,Woodland WTP,2026-09-17 18:04:00,1.0,38.6624345,-121.7173585,True,False,False,S393806270,2026-09-17 18:04,2026-09-17,2026,9,260,18.0,4.0,True,Fall,True,True,,False,False,False,False,KEEP,Valid eBird observation
CA,indbun,Indigo Bunting,Passerina cyanea,L1838049,Santa Ana River at Greenspot Rd.,2026-09-17 17:56:00,1.0,34.0985517,-117.1172389,True,True,False,S393806389,2026-09-17 17:56,2026-09-17,2026,9,260,17.0,56.0,True,Fall,True,True,,False,False,False,False,KEEP,Valid eBird observation
CA,bkbwar,Blackburnian Warbler,Setophaga fusca,L77330666,Pt. Reyes -- Mendoza Annex,2026-09-17 17:02:00,1.0,38.0134696,-122.9939939,True,True,True,S393818130,2026-09-17 17:02,2026-09-17,2026,9,260,17.0,2.0,True,Fall,True,True,,False,False,False,False,KEEP,Valid eBird observation
CA,sagthr,Sage Thrasher,Oreoscoptes montanus,L35625936,Coyote Springs Rd.,2026-09-17 16:04:00,1.0,38.1296498,-119.1023985,True,False,False,S393782519,2026-09-17 16:04,2026-09-17,2026,9,260,16.0,4.0,True,Fall,True,True,,False,False,False,False,KEEP,Valid eBird observation
CA,chswar,Chestnut-sided Warbler,Setophaga pensylvanica,L1001240,Presidio--Dragonfly Creek,2026-09-17 15:36:00,1.0,37.8000016,-122.4722815,True,True,False,S393820394,2026-09-17 15:36,2026-09-17,2026,9,260,15.0,36.0,True,Fall,True,True,,False,False,False,False,KEEP,Valid eBird observation
CA,reevir1,Red-eyed Vireo,Vireo olivaceus,L1085740,Golden Gate Park--Arboretum (San Francisco Botanical Garden),2026-09-17 15:33:00,1.0,37.7675937,-122.4688053,True,True,False,S393808041,2026-09-17 15:33,2026-09-17,2026,9,260,15.0,33.0,True,Fall,True,True,,False,False,False,False,KEEP,Valid eBird observation
CA,grawar,Grace's Warbler,Setophaga graciae,L418752,Tijuana River Valley--Bird & Butterfly Garden (Myers Ranch),2026-09-17 15:31:00,1.0,32.5538589,-117.084619,True,True,False,S393781286,2026-09-17 15:31,2026-09-17,2026,9,260,15.0,31.0,True,Fall,True,True,,False,False,False,False,KEEP,Valid eBird observation
CA,gryfly,Gray Flycatcher,Empidonax wrightii,L596558,Furnace Creek Inn--The Inn at Death Valley,2026-09-17 13:03:00,1.0,36.4506044,-116.8536639,True,False,False,S393752343,2026-09-17 13:03,2026-09-17,2026,9,260,13.0,3.0,True,Fall,True,True,,False,False,False,False,KEEP,Valid eBird observation
CA,brnthr,Brown Thrasher,Toxostoma rufum,L351478,Pacific Grove--El Carmelo Cemetery,2026-09-17 13:02:00,1.0,36.632002,-121.931607,True,True,False,S393764897,2026-09-17 13:02,2026-09-17,2026,9,260,13.0,2.0,True,Fall,True,True,,False,False,False,False,KEEP,Valid eBird observation
CA,norful,Northern Fulmar,Fulmarus glacialis,L77358787,"Auto selected 37.37842, -123.12048",2026-09-17 12:41:00,1.0,37.378424,-123.120481,True,False,True,S393991027,2026-09-17 12:41,2026-09-17,2026,9,260,12.0,41.0,True,Fall,True,True,,False,False,False,False,KEEP,Valid eBird observation
CA,wispet,Wilson's Storm-Petrel,Oceanites oceanicus,L77358726,"Auto selected 37.35596, -123.01962",2026-09-17 11:40:00,1.0,37.355957,-123.019625,True,False,True,S393990702,2026-09-17 11:40,2026-09-17,2026,9,260,11.0,40.0,True,Fall,True,True,,False,False,False,False,KEEP,Valid eBird observation
CA,horgre,Horned Grebe,Podiceps auritus,L218324,Pt. Reyes--Abbotts Lagoon,2026-09-17 11:00:00,3.0,38.1190611,-122.9522467,True,False,False,S394064396,2026-09-17 11:00,2026-09-17,2026,9,260,11.0,0.0,True,Fall,True,True,,False,False,False,False,KEEP,Valid eBird observation
CA,pingro,Pine Grosbeak,Pinicola enucleator,L1285540,Sugar Pine Point SP,2026-09-17 10:50:00,9.0,39.052385,-120.1190186,True,False,False,S393805683,2026-09-17 10:50,2026-09-17,2026,9,260,10.0,50.0,True,Fall,True,True,,False,False,False,False,KEEP,Valid eBird observation
CA,btbwar,Black-throated Blue Warbler,Setophaga caerulescens,L453386,Pt. Reyes--Fish Docks (DO NOT INCLUDE Chimney Rock area),2026-09-17 10:46:00,1.0,37.9956216,-122.9782104,True,True,False,S393816774,2026-09-17 10:46,2026-09-17,2026,9,260,10.0,46.0,True,Fall,True,True,,False,False,False,False,KEEP,Valid eBird observation
CA,soogro1,Sooty Grouse,Dendragapus fuliginosus,L77318224,"Mary Ave, Trinity Center US-CA 40.97323, -122.69329",2026-09-17 10:43:00,2.0,40.973231,-122.693286,True,False,True,S393738453,2026-09-17 10:43,2026-09-17,2026,9,260,10.0,43.0,True,Fall,True,True,,False,False,False,False,KEEP,Valid eBird observation
CA,hoomer,Hooded Merganser,Lophodytes cucullatus,L1410029,Kellogg Rd.,2026-09-17 10:40:00,6.0,41.8692555,-124.2117649,True,False,False,S393788590,2026-09-17 10:40,2026-09-17,2026,9,260,10.0,40.0,True,Fall,True,True,,False,False,False,False,KEEP,Valid eBird observation
CA,orcwax,Orange-cheeked Waxbill,Estrilda melpoda,L4263423,Casta Del Sol Golf Course,2026-09-17 10:13:00,2.0,33.6191759,-117.6484036,True,False,False,S393726663,2026-09-17 10:13,2026-09-17,2026,9,260,10.0,13.0,True,Fall,True,True,,False,False,False,False,KEEP,Valid eBird observation
CA,purmar,Purple Martin,Progne subis,L878741,Soscol Water Recycling Facility,2026-09-17 09:25:00,1.0,38.2340171,-122.2826385,True,True,False,S393737417,2026-09-17 09:25,2026-09-17,2026,9,260,9.0,25.0,True,Fall,True,True,,False,False,False,False,KEEP,Valid eBird observation
CA,lcspet,Leach's Storm-Petrel,Hydrobates leucorhous,L77314258,Off Cherry 3,2026-09-17 08:56:00,1.0,32.920782,-119.592403,True,False,True,S393711316,2026-09-17 08:56,2026-09-17,2026,9,260,8.0,56.0,True,Fall,True,True,,False,False,False,False,KEEP,Valid eBird observation
CA,goufin3,Gouldian Finch,Chloebia gouldiae,L11386698,Patterson Acres East,2026-09-17 08:39:00,1.0,33.133697,-117.036181,True,True,True,S393737314,2026-09-17 08:39,2026-09-17,2026,9,260,8.0,39.0,True,Fall,True,True,,False,False,False,False,KEEP,Valid eBird observation
CA,scoori,Scott's Oriole,Icterus parisorum,L386977,Indian Canyons--Andreas Canyon,2026-09-17 08:32:00,1.0,33.760989,-116.5491486,True,False,False,S393728795,2026-09-17 08:32,2026-09-17,2026,9,260,8.0,32.0,True,Fall,True,True,,False,False,False,False,KEEP,Valid eBird observation
CA,woothr,Wood Thrush,Hylocichla mustelina,L608391,Chadbourne Gulch,2026-09-17 08:26:00,1.0,39.612747,-123.7791181,True,True,False,S393740061,2026-09-17 08:26,2026-09-17,2026,9,260,8.0,26.0,True,Fall,True,True,,False,False,False,False,KEEP,Valid eBird observation
CA,sheowl,Short-eared Owl,Asio flammeus,L36164602,10-Mile Beach S and Lower Inglenook Fen,2026-09-17 08:19:00,1.0,39.5156495,-123.7785532,True,True,True,S393737791,2026-09-17 08:19,2026-09-17,2026,9,260,8.0,19.0,True,Fall,True,True,,False,False,False,False,KEEP,Valid eBird observation
CA,x00776,Graylag x Swan Goose (hybrid),Anser anser x cygnoides,L208280,Lindo Lake,2026-09-17 07:50:00,5.0,32.8583295,-116.9170833,True,False,False,S393701456,2026-09-17 07:50,2026-09-17,2026,9,260,7.0,50.0,True,Fall,True,True,,False,False,False,False,KEEP,Valid eBird observation
CA,licpar,Lilac-crowned Amazon,Amazona finschi,L208280,Lindo Lake,2026-09-17 07:50:00,11.0,32.8583295,-116.9170833,True,False,False,S393701456,2026-09-17 07:50,2026-09-17,2026,9,260,7.0,50.0,True,Fall,True,True,,False,False,False,False,KEEP,Valid eBird observation
CA,y00678,Crested Caracara,Caracara plancus,L799789,Cactus Flats Rd. west end,2026-09-17 07:08:00,1.0,36.2475266,-117.9790449,True,True,False,S393927473,2026-09-17 07:08,2026-09-17,2026,9,260,7.0,8.0,True,Fall,True,True,,False,False,False,False,KEEP,Valid eBird observation
CA,blkter,Black Tern,Chlidonias niger,L695607,Owens Lake--westside delta ponds (T36s),2026-09-17 07:01:00,1.0,36.5135522,-117.9787226,True,False,False,S393676284,2026-09-17 07:01,2026-09-17,2026,9,260,7.0,1.0,True,Fall,True,True,,False,False,False,False,KEEP,Valid eBird observation
CA,norgan,Northern Gannet,Morus bassanus,L329116,"Southeast Farallon Island (Farallon Islands NWR, restricted access)",2026-09-17 07:00:00,1.0,37.69852,-123.002789,True,False,False,S393813188,2026-09-17 07:00,2026-09-17,2026,9,260,7.0,0.0,True,Fall,True,True,,False,False,False,False,KEEP,Valid eBird observation
CA,x00448,Rose-breasted x Black-headed Grosbeak (hybrid),Pheucticus ludovicianus x melanocephalus,L2261976,Laguna Mtns.--mile 19 pullout,2026-09-17 06:56:00,1.0,32.860055,-116.4625274,True,True,False,S393715167,2026-09-17 06:56,2026-09-17,2026,9,260,6.0,56.0,True,Fall,True,True,,False,False,False,False,KEEP,Valid eBird observation
CA,crithr,Crissal Thrasher,Toxostoma crissale,L59301484,Whale House Tecopa,2026-09-17 06:34:00,1.0,35.8512743,-116.2408327,True,False,True,S393677480,2026-09-17 06:34,2026-09-17,2026,9,260,6.0,34.0,True,Fall,True,True,,False,False,False,False,KEEP,Valid eBird observation
CA,x00420,Gadwall x Mallard (hybrid),Mareca strepera x Anas platyrhynchos,L1357335,Huntington Central Park--East,2026-09-17 06:30:00,1.0,33.7040978,-118.0022383,True,True,False,S393742932,2026-09-17 06:30,2026-09-17,2026,9,260,6.0,30.0,True,Fall,True,True,,False,False,False,False,KEEP,Valid eBird observation
CA,whrsan,White-rumped Sandpiper,Calidris fuscicollis,L218324,Pt. Reyes--Abbotts Lagoon,2026-09-16 18:30:00,1.0,38.1190611,-122.9522467,True,True,False,S393764972,2026-09-16 18:30,2026-09-16,2026,9,259,18.0,30.0,True,Fall,True,True,,False,False,False,False,KEEP,Valid eBird observation
CA,yegvir,Yellow-green Vireo,Vireo flavoviridis,L464545,Buddy Todd Park,2026-09-16 17:11:00,1.0,33.2076695,-117.3475885,True,True,False,S393546538,2026-09-16 17:11,2026-09-16,2026,9,259,17.0,11.0,True,Fall,True,True,,False,False,False,False,KEEP,Valid eBird observation
CA,manshe,Manx Shearwater,Puffinus puffinus,L77283190,"Alvaro's Adventures - 36.67237, -121.99965",2026-09-16 15:30:00,2.0,36.672373,-121.999646,True,True,True,S393549258,2026-09-16 15:30,2026-09-16,2026,9,259,15.0,30.0,True,Fall,True,True,,False,False,False,False,KEEP,Valid eBird observation
CA,whevir,White-eyed Vireo,Vireo griseus,L2066083,"NAS North Island--O St. path, golf course, ponds (restricted access)",2026-09-16 13:30:00,1.0,32.6958327,-117.1901979,True,True,False,S393558134,2026-09-16 13:30,2026-09-16,2026,9,259,13.0,30.0,True,Fall,True,True,,False,False,False,False,KEEP,Valid eBird observation
CA,belvir,Bell's Vireo,Vireo bellii,L194688,Sepulveda Basin--East of Woodley Ave,2026-09-16 11:37:00,1.0,34.1767221,-118.4737308,True,False,False,S393503681,2026-09-16 11:37,2026-09-16,2026,9,259,11.0,37.0,True,Fall,True,True,,False,False,False,False,KEEP,Valid eBird observation
CA,leater1,Least Tern,Sternula antillarum,L38098523,Bay Farm Island--Shoreline Park,2026-09-16 08:46:00,2.0,37.7383449,-122.2578335,True,False,False,S393468234,2026-09-16 08:46,2026-09-16,2026,9,259,8.0,46.0,True,Fall,True,True,,False,False,False,False,KEEP,Valid eBird observation
CA,manduc,Mandarin Duck,Aix galericulata,L391840,Te Winkle Park,2026-09-16 08:43:00,1.0,33.670603,-117.8956324,True,False,False,S393478722,2026-09-16 08:43,2026-09-16,2026,9,259,8.0,43.0,True,Fall,True,True,,False,False,False,False,KEEP,Valid eBird observation
CA,chifla1,Chilean Flamingo,Phoenicopterus chilensis,L216132,Coyote Hills Regional Park,2026-09-16 08:09:00,1.0,37.553764,-122.0875025,True,True,False,S393536424,2026-09-16 08:09,2026-09-16,2026,9,259,8.0,9.0,True,Fall,True,True,,False,False,False,False,KEEP,Valid eBird observation
CA,lecthr,LeConte's Thrasher,Toxostoma lecontei,L14923075,"92311, Barstow US-CA 35.25022, -116.91611",2026-09-16 07:53:00,2.0,35.250215,-116.916106,True,False,True,S394101703,2026-09-16 07:53,2026-09-16,2026,9,259,7.0,53.0,True,Fall,True,True,,False,False,False,False,KEEP,Valid eBird observation
CA,zothaw,Zone-tailed Hawk,Buteo albonotatus,L2261976,Laguna Mtns.--mile 19 pullout,2026-09-16 07:30:00,1.0,32.860055,-116.4625274,True,True,False,S393546919,2026-09-16 07:30,2026-09-16,2026,9,259,7.0,30.0,True,Fall,True,True,,False,False,False,False,KEEP,Valid eBird observation
CA,yehpar,Yellow-headed Amazon,Amazona oratrix,L1274616,N. Catalina Ave,2026-09-16 07:04:00,1.0,34.1655985,-118.12984,True,False,True,S393408745,2026-09-16 07:04,2026-09-16,2026,9,259,7.0,4.0,True,Fall,True,True,,False,False,False,False,KEEP,Valid eBird observation
CA,relpar10,Red-lored Amazon,Amazona autumnalis,L517284,Pasadena City Hall,2026-09-15 18:28:00,1.0,34.1478259,-118.1432819,True,False,False,S393280475,2026-09-15 18:28,2026-09-15,2026,9,258,18.0,28.0,True,Fall,True,True,,False,False,False,False,KEEP,Valid eBird observation
CA,orabis1,Northern Red Bishop,Euplectes franciscanus,L8565316,Arevalos Park,2026-09-15 16:55:00,3.0,33.6767097,-117.9452166,True,False,False,S393273076,2026-09-15 16:55,2026-09-15,2026,9,258,16.0,55.0,True,Fall,True,True,,False,False,False,False,KEEP,Valid eBird observation
CA,x00662,Downy x Nuttall's Woodpecker (hybrid),Dryobates pubescens x nuttallii,L464545,Buddy Todd Park,2026-09-15 16:36:00,1.0,33.2076695,-117.3475885,True,True,False,S393446473,2026-09-15 16:36,2026-09-15,2026,9,258,16.0,36.0,True,Fall,True,True,,False,False,False,False,KEEP,Valid eBird observation
CA,easkin,Eastern Kingbird,Tyrannus tyrannus,L77240446,"Santa Barbara Shores Dr X Carmel Beach Cir, Goleta US-CA 34.42465, -119.89336",2026-09-15 13:42:00,1.0,34.424647,-119.89336,True,True,True,S393265950,2026-09-15 13:42,2026-09-15,2026,9,258,13.0,42.0,True,Fall,True,True,,False,False,False,False,KEEP,Valid eBird observation
CA,prowar,Prothonotary Warbler,Protonotaria citrea,L256020,Zmudowski SB,2026-09-15 13:30:00,1.0,36.8372464,-121.8014572,True,True,False,S393238217,2026-09-15 13:30,2026-09-15,2026,9,258,13.0,30.0,True,Fall,True,True,,False,False,False,False,KEEP,Valid eBird observation
CA,nazboo1,Nazca Booby,Sula granti,L271476,Pigeon Pt.,2026-09-15 13:05:00,1.0,37.182,-122.394,True,True,False,S393281438,2026-09-15 13:05,2026-09-15,2026,9,258,13.0,5.0,True,Fall,True,True,,False,False,False,False,KEEP,Valid eBird observation
CA,x00006,American x Black Oystercatcher (hybrid),Haematopus palliatus x bachmani,L1440594,Mission Bay--entrance channel (not river mudflats),2026-09-15 13:00:00,1.0,32.7587111,-117.2494586,True,False,False,S393285571,2026-09-15 13:00,2026-09-15,2026,9,258,13.0,0.0,True,Fall,True,True,,False,False,False,False,KEEP,Valid eBird observation
CA,hoowar,Hooded Warbler,Setophaga citrina,L1671859,Presidio--Main Post,2026-09-15 09:36:00,1.0,37.7999966,-122.4564075,True,True,False,S393185091,2026-09-15 09:36,2026-09-15,2026,9,258,9.0,36.0,True,Fall,True,True,,False,False,False,False,KEEP,Valid eBird observation
CA,stisan,Stilt Sandpiper,Calidris himantopus,L367627,Salton Sea--Young Rd. (west end),2026-09-15 09:28:00,10.0,33.1330196,-115.6666589,True,False,False,S393279398,2026-09-15 09:28,2026-09-15,2026,9,258,9.0,28.0,True,Fall,True,True,,False,False,False,False,KEEP,Valid eBird observation
CA,laugul,Laughing Gull,Leucophaeus atricilla,L367627,Salton Sea--Young Rd. (west end),2026-09-15 09:28:00,3.0,33.1330196,-115.6666589,True,False,False,S393279398,2026-09-15 09:28,2026-09-15,2026,9,258,9.0,28.0,True,Fall,True,True,,False,False,False,False,KEEP,Valid eBird observation
CA,yefgul,Yellow-footed Gull,Larus livens,L367627,Salton Sea--Young Rd. (west end),2026-09-15 09:28:00,2.0,33.1330196,-115.6666589,True,True,False,S393279398,2026-09-15 09:28,2026-09-15,2026,9,258,9.0,28.0,True,Fall,True,True,,False,False,False,False,KEEP,Valid eBird observation
CA,budger,Budgerigar,Melopsittacus undulatus,L18262164,San Rafael hills north of la Loma rd.,2026-09-15 07:47:00,1.0,34.136664,-118.180409,True,False,True,S393168865,2026-09-15 07:47,2026-09-15,2026,9,258,7.0,47.0,True,Fall,True,True,,False,False,False,False,KEEP,Valid eBird observation
CA,graspa,Grasshopper Sparrow,Ammodramus savannarum,L5730668,Home,2026-09-15 00:00:00,1.0,37.9752804,-122.579366,True,False,True,S393225248,2026-09-15 00:00,2026-09-15,2026,9,258,0.0,0.0,True,Fall,True,True,,False,False,False,False,KEEP,Valid eBird observation
CA,x00059,Townsend's x Hermit Warbler (hybrid),Setophaga townsendi x occidentalis,L1415313,Vacation Isle,2026-09-14 17:28:00,1.0,32.7750146,-117.2352583,True,True,False,S393010720,2026-09-14 17:28,2026-09-14,2026,9,257,17.0,28.0,True,Fall,True,True,,False,False,False,False,KEEP,Valid eBird observation
CA,larbun,Lark Bunting,Calamospiza melanocorys,L563447,Cholame Valley (MTY Co.),2026-09-14 09:58:00,1.0,35.8450215,-120.3797722,True,True,False,S393204087,2026-09-14 09:58,2026-09-14,2026,9,257,9.0,58.0,True,Fall,True,True,,False,False,False,False,KEEP,Valid eBird observation
CA,whtpta1,White-tailed Ptarmigan,Lagopus leucura,L26906865,Yosemite NP--Mt. Dana Trail,2026-09-14 08:53:00,2.0,37.9094833,-119.2481633,True,False,False,S393238072,2026-09-14 08:53,2026-09-14,2026,9,257,8.0,53.0,True,Fall,True,True,,False,False,False,False,KEEP,Valid eBird observation
CA,x00739,Anna's Hummingbird x Selasphorus sp. (hybrid),Calypte anna x Selasphorus sp.,L23577594,La Canada Hummingbird Feeders,2026-09-13 17:08:00,1.0,34.190527,-118.200362,True,True,True,S392742264,2026-09-13 17:08,2026-09-13,2026,9,256,17.0,8.0,True,Fall,True,True,,False,False,False,False,KEEP,Valid eBird observation
CA,litgul,Little Gull,Hydrocoloeus minutus,L52604644,Eastern slope of Santa Cruz Basin (SBA),2026-09-13 15:41:00,1.0,33.633243,-119.331997,True,True,True,S393457093,2026-09-13 15:41,2026-09-13,2026,9,256,15.0,41.0,True,Fall,True,True,,False,False,False,False,KEEP,Valid eBird observation
CA,leastp5,Townsend's Storm-Petrel,Hydrobates socorroensis,L52604462,Southern Santa Cruz Basin (VEN),2026-09-13 14:39:00,1.0,33.496356,-119.462732,True,False,True,S393456797,2026-09-13 14:39,2026-09-13,2026,9,256,14.0,39.0,True,Fall,True,True,,False,False,False,False,KEEP,Valid eBird observation
CA,mewgul2,Short-billed Gull,Larus brachyrhynchus,L1901280,Main Beach,2026-09-13 13:55:00,2.0,36.9634404,-122.0189861,True,False,False,S392746756,2026-09-13 13:55,2026-09-13,2026,9,256,13.0,55.0,True,Fall,True,True,,False,False,False,False,KEEP,Valid eBird observation
CA,layalb,Laysan Albatross,Phoebastria immutabilis,L77196177,North Wind Ornithology Pelagic -- Sep 13th 2026 -- Chum Stop 2,2026-09-13 11:05:00,1.0,40.7610934,-124.7539482,True,False,True,S392973314,2026-09-13 11:05,2026-09-13,2026,9,256,11.0,5.0,True,Fall,True,False,Pelagic observation outside simplified state bounding box,False,False,True,True,KEEP,Retained with documented metadata limitation
CA,amgplo,American Golden-Plover,Pluvialis dominica,L77132693,Aguas Frias Rd. [South of 162] (CA Atlas-West of Biggs CW),2026-09-13 11:00:00,1.0,39.4489257,-121.8558371,True,True,True,S392694572,2026-09-13 11:00,2026-09-13,2026,9,256,11.0,0.0,True,Fall,True,True,,False,False,False,False,KEEP,Valid eBird observation
CA,magwar,Magnolia Warbler,Setophaga magnolia,L375214,Humboldt Bay NWR--Salmon Creek Unit,2026-09-13 10:56:00,1.0,40.684888,-124.211354,True,True,False,S392675984,2026-09-13 10:56,2026-09-13,2026,9,256,10.0,56.0,True,Fall,True,True,,False,False,False,False,KEEP,Valid eBird observation
CA,refboo,Red-footed Booby,Sula sula,L77144252,"19050 Pacific Coast Hwy, Malibu US-CA 34.03971, -118.59110",2026-09-13 10:53:00,1.0,34.039711,-118.591104,True,True,True,S392638854,2026-09-13 10:53,2026-09-13,2026,9,256,10.0,53.0,True,Fall,True,True,,False,False,False,False,KEEP,Valid eBird observation
CA,x00758,Graylag x Canada Goose (hybrid),Anser anser x Branta canadensis,L189306,Woodward Park,2026-09-13 09:08:00,4.0,36.86695,-119.784874,True,False,False,S392617752,2026-09-13 09:08,2026-09-13,2026,9,256,9.0,8.0,True,Fall,True,True,,False,False,False,False,KEEP,Valid eBird observation
CA,wooscj2,Woodhouse's Scrub-Jay,Aphelocoma woodhouseii,L270903,Mono Lake County Park,2026-09-13 08:30:00,2.0,38.0152767,-119.1486168,True,False,False,S392949350,2026-09-13 08:30,2026-09-13,2026,9,256,8.0,30.0,True,Fall,True,True,,False,False,False,False,KEEP,Valid eBird observation
CA,eurgol,European Goldfinch,Carduelis carduelis,L771490,San Gabriel River--Peck Rd. to Whittier Narrows Dam,2026-09-13 07:45:00,2.0,34.0264148,-118.0519581,True,True,False,S392737989,2026-09-13 07:45,2026-09-13,2026,9,256,7.0,45.0,True,Fall,True,True,,False,False,False,False,KEEP,Valid eBird observation
CA,corplo,Common Ringed Plover,Charadrius hiaticula,L2467054,Candlestick SRA--Yosemite Slough restoration,2026-09-13 07:20:00,1.0,37.7237331,-122.38379,True,True,False,S392560002,2026-09-13 07:20,2026-09-13,2026,9,256,7.0,20.0,True,Fall,True,True,,False,False,False,False,KEEP,Valid eBird observation
CA,grycat,Gray Catbird,Dumetella carolinensis,L814492,Shelter Cove (town),2026-09-13 06:41:00,1.0,40.029501,-124.0726635,True,True,False,S392769275,2026-09-13 06:41,2026-09-13,2026,9,256,6.0,41.0,True,Fall,True,True,,False,False,False,False,KEEP,Valid eBird observation
CA,brdowl,Barred Owl,Strix varia,L814492,Shelter Cove (town),2026-09-13 06:41:00,1.0,40.029501,-124.0726635,True,False,False,S392769275,2026-09-13 06:41,2026-09-13,2026,9,256,6.0,41.0,True,Fall,True,True,,False,False,False,False,KEEP,Valid eBird observation
CA,bkcspa,Black-chinned Sparrow,Spizella atrogularis,L738440,Kitchen Creek Rd.--south gate,2026-09-13 06:25:00,1.0,32.7867371,-116.4495899,True,False,False,S392664103,2026-09-13 06:25,2026-09-13,2026,9,256,6.0,25.0,True,Fall,True,True,,False,False,False,False,KEEP,Valid eBird observation
CA,gilwoo,Gila Woodpecker,Melanerpes uropygialis,L17853923,"There 2, Brawley, California, US (32.982, -115.546)",2026-09-12 18:18:00,1.0,32.981865,-115.5464885,True,False,True,S392324008,2026-09-12 18:18,2026-09-12,2026,9,255,18.0,18.0,True,Fall,True,True,,False,False,False,False,KEEP,Valid eBird observation
CA,wrspet,Wedge-rumped Storm-Petrel,Hydrobates tethys,L35896606,Offshore Waters Between The 43 Bank (Forty Mile Bank) And The Thirty Mile Bank,2026-09-12 12:39:00,1.0,32.751294,-117.8969526,True,True,True,S392341849,2026-09-12 12:39,2026-09-12,2026,9,255,12.0,39.0,True,Fall,True,True,,False,False,False,False,KEEP,Valid eBird observation
CA,xanmur1,Guadalupe Murrelet,Synthliboramphus hypoleucus,L77100485,LA County Offshore--289 Bank To 43 Bank/The Corner,2026-09-12 11:40:00,1.0,32.8260089,-118.0399797,True,False,True,S392341743,2026-09-12 11:40,2026-09-12,2026,9,255,11.0,40.0,True,Fall,True,True,,False,False,False,False,KEEP,Valid eBird observation
CA,rensap,Red-naped Sapsucker,Sphyrapicus nuchalis,L581981,29 Palms Inn,2026-09-12 09:58:00,1.0,34.1298704,-116.0494637,True,True,False,S392212842,2026-09-12 09:58,2026-09-12,2026,9,255,9.0,58.0,True,Fall,True,True,,False,False,False,False,KEEP,Valid eBird observation
CA,fuwduc,Fulvous Whistling-Duck,Dendrocygna bicolor,L1414440,Alamo River Wetlands Project--Shank Rd.,2026-09-12 09:55:00,1.0,32.9940176,-115.4680527,True,True,False,S392221465,2026-09-12 09:55,2026-09-12,2026,9,255,9.0,55.0,True,Fall,True,True,,False,False,False,False,KEEP,Valid eBird observation
CA,flfshe,Flesh-footed Shearwater,Ardenna carneipes,L77147182,"Alvaro's Adventures - 36.71390, -122.08641",2026-09-12 09:24:00,1.0,36.7139,-122.08641,True,False,True,S393241049,2026-09-12 09:24,2026-09-12,2026,9,255,9.0,24.0,True,Fall,True,True,,False,False,False,False,KEEP,Valid eBird observation
CA,bucpar,Blue-crowned Parakeet,Thectocercus acuticaudatus,L6668557,The Rolling Land Company,2026-09-12 09:00:00,4.0,32.759099,-117.054679,True,False,True,S392343464,2026-09-12 09:00,2026-09-12,2026,9,255,9.0,0.0,True,Fall,True,True,,False,False,False,False,KEEP,Valid eBird observation
CA,juntit1,Juniper Titmouse,Baeolophus ridgwayi,L809357,Red Rock Rd. (LAS Co.),2026-09-12 08:18:00,3.0,39.9081561,-120.0079536,True,False,False,S392692339,2026-09-12 08:18,2026-09-12,2026,9,255,8.0,18.0,True,Fall,True,True,,False,False,False,False,KEEP,Valid eBird observation
CA,yecbis,Yellow-crowned Bishop,Euplectes afer,L453066,Arroyo Grande Creek mouth,2026-09-12 08:13:00,1.0,35.1001785,-120.6287241,True,True,False,S392263790,2026-09-12 08:13,2026-09-12,2026,9,255,8.0,13.0,True,Fall,True,True,,False,False,False,False,KEEP,Valid eBird observation
CA,semsan,Semipalmated Sandpiper,Calidris pusilla,L190263,Carpinteria Salt Marsh Reserve (restricted access),2026-09-12 07:34:00,1.0,34.3996863,-119.5353699,True,True,False,S392250291,2026-09-12 07:34,2026-09-12,2026,9,255,7.0,34.0,True,Fall,True,True,,False,False,False,False,KEEP,Valid eBird observation
CA,gubter2,Gull-billed Tern,Gelochelidon nilotica,L367627,Salton Sea--Young Rd. (west end),2026-09-12 06:29:00,1.0,33.1330196,-115.6666589,True,True,False,S392196153,2026-09-12 06:29,2026-09-12,2026,9,255,6.0,29.0,True,Fall,True,True,,False,False,False,False,KEEP,Valid eBird observation
CA,rufgro,Ruffed Grouse,Bonasa umbellus,L34952639,Redwood NP--Redwood Creek Overlook,2026-09-11 17:00:00,1.0,41.2580122,-123.9893882,True,False,False,S392752744,2026-09-11 17:00,2026-09-11,2026,9,254,17.0,0.0,True,Fall,True,True,,False,False,False,False,KEEP,Valid eBird observation
CA,mouwar,Mourning Warbler,Geothlypis philadelphia,L391136,Pt. Reyes--Drakes Beach (DO NOT INCLUDE Horseshoe Pond or beach/estero beyond Horseshoe Pond),2026-09-11 14:46:00,1.0,38.0271821,-122.9615507,True,True,False,S391966540,2026-09-11 14:46,2026-09-11,2026,9,254,14.0,46.0,True,Fall,True,True,,False,False,False,False,KEEP,Valid eBird observation
CA,batgod,Bar-tailed Godwit,Limosa lapponica,L2837420,Hamilton Wetlands,2026-09-11 14:00:00,1.0,38.0578151,-122.5078261,True,True,False,S391947151,2026-09-11 14:00,2026-09-11,2026,9,254,14.0,0.0,True,Fall,True,True,,False,False,False,False,KEEP,Valid eBird observation
CA,ruff,Ruff,Calidris pugnax,L77036228,Ward Ave Beaches and rocks,2026-09-11 13:25:00,1.0,39.4980375,-123.7911544,True,True,True,S391967385,2026-09-11 13:25,2026-09-11,2026,9,254,13.0,25.0,True,Fall,True,True,,False,False,False,False,KEEP,Valid eBird observation
CA,comnig,Common Nighthawk,Chordeiles minor,L725880,Dechambeau Ponds,2026-09-11 10:43:00,1.0,38.0506527,-119.0841529,True,True,False,S391957888,2026-09-11 10:43,2026-09-11,2026,9,254,10.0,43.0,True,Fall,True,True,,False,False,False,False,KEEP,Valid eBird observation
CA,yetwar,Yellow-throated Warbler,Setophaga dominica,L1415313,Vacation Isle,2026-09-11 08:52:00,1.0,32.7750146,-117.2352583,True,True,False,S391860214,2026-09-11 08:52,2026-09-11,2026,9,254,8.0,52.0,True,Fall,True,True,,False,False,False,False,KEEP,Valid eBird observation
CA,x00787,Common Black x Red-shouldered Hawk (hybrid),Buteogallus anthracinus x Buteo lineatus,L761019,Santa Rosa Creek Trail and Delta Pond (west of Willowside Rd),2026-09-11 08:28:00,1.0,38.4453208,-122.8155613,True,True,False,S391854326,2026-09-11 08:28,2026-09-11,2026,9,254,8.0,28.0,True,Fall,True,True,,False,False,False,False,KEEP,Valid eBird observation
CA,phivir,Philadelphia Vireo,Vireo philadelphicus,L902707,Sacramento River NWR--Packer Unit,2026-09-11 07:58:00,1.0,39.4408746,-122.0055556,True,True,False,S392287832,2026-09-11 07:58,2026-09-11,2026,9,254,7.0,58.0,True,Fall,True,True,,False,False,False,False,KEEP,Valid eBird observation
CA,paibun,Painted Bunting,Passerina ciris,L2442150,Santa Cruz Island--Scorpion Canyon Campgrounds,2026-09-11 07:54:00,1.0,34.0484615,-119.5645389,True,True,False,S391973572,2026-09-11 07:54,2026-09-11,2026,9,254,7.0,54.0,True,Fall,True,True,,False,False,False,False,KEEP,Valid eBird observation
CA,canwar,Canada Warbler,Cardellina canadensis,L2302509,Balboa Park--central area,2026-09-11 07:37:00,1.0,32.7296826,-117.1504273,True,True,False,S391841343,2026-09-11 07:37,2026-09-11,2026,9,254,7.0,37.0,True,Fall,True,True,,False,False,False,False,KEEP,Valid eBird observation
CA,x00958,Red-crowned x Lilac-crowned Amazon (hybrid),Amazona viridigenalis x finschi,L6560954,"Angels Community Park (Parrot Roost), Santa Ana",2026-09-10 18:41:00,,33.746749,-117.8771034,True,False,False,S391671523,2026-09-10 18:41,2026-09-10,2026,9,253,18.0,41.0,True,Fall,True,True,,True,False,False,True,KEEP,Retained with documented metadata limitation
CA,kineid,King Eider,Somateria spectabilis,L17603022,Pasadena Park Beach,2026-09-10 16:54:00,1.0,35.3302867,-120.8440733,True,True,False,S391678218,2026-09-10 16:54,2026-09-10,2026,9,253,16.0,54.0,True,Fall,True,True,,False,False,False,False,KEEP,Valid eBird observation
CA,blkswa,Black Swan,Cygnus atratus,L209171,Lake San Marcos,2026-09-10 14:52:00,2.0,33.1236649,-117.207616,True,False,False,S391635487,2026-09-10 14:52,2026-09-10,2026,9,253,14.0,52.0,True,Fall,True,True,,False,False,False,False,KEEP,Valid eBird observation
CA,cockat,Cockatiel,Nymphicus hollandicus,L481023,Los Angeles River--Willow St.,2026-09-10 07:06:00,1.0,33.8048977,-118.2059383,True,True,False,S391562481,2026-09-10 07:06,2026-09-10,2026,9,253,7.0,6.0,True,Fall,True,True,,False,False,False,False,KEEP,Valid eBird observation
CA,norwhe,Northern Wheatear,Oenanthe oenanthe,L76955698,Northern Wheatear 9/9/2026,2026-09-09 19:07:00,1.0,38.0564072,-122.974917,True,True,True,S391424953,2026-09-09 19:07,2026-09-09,2026,9,252,19.0,7.0,True,Fall,True,True,,False,False,False,False,KEEP,Valid eBird observation
CA,coopet,Cook's Petrel,Pterodroma cookii,L77040076,"Auto selected 32.75044, -118.91645",2026-09-09 17:52:00,1.0,32.750439,-118.916451,True,False,True,S391977766,2026-09-09 17:52,2026-09-09,2026,9,252,17.0,52.0,True,Fall,True,True,,False,False,False,False,KEEP,Valid eBird observation
CA,rebtro,Red-billed Tropicbird,Phaethon aethereus,L77040366,"Auto selected 32.73482, -118.32566",2026-09-09 14:27:00,1.0,32.734822,-118.325656,True,True,True,S391979301,2026-09-09 14:27,2026-09-09,2026,9,252,14.0,27.0,True,Fall,True,True,,False,False,False,False,KEEP,Valid eBird observation
CA,scatan,Scarlet Tanager,Piranga olivacea,L616539,Pecho Road Willows,2026-09-09 10:52:00,1.0,35.3170687,-120.85271,True,True,False,S391422038,2026-09-09 10:52,2026-09-09,2026,9,252,10.0,52.0,True,Fall,True,True,,False,False,False,False,KEEP,Valid eBird observation
CA,easpho,Eastern Phoebe,Sayornis phoebe,L774817,Middle Harbor Shoreline Park,2026-09-09 08:58:00,1.0,37.8054779,-122.3259401,True,True,False,S391360688,2026-09-09 08:58,2026-09-09,2026,9,252,8.0,58.0,True,Fall,True,True,,False,False,False,False,KEEP,Valid eBird observation
CA,saggro,Greater Sage-Grouse,Centrocercus urophasianus,L720724,Crowley Lake--McGee Bay Access Road,2026-09-08 07:04:00,1.0,37.63062,-118.78414,True,False,False,S394042544,2026-09-08 07:04,2026-09-08,2026,9,251,7.0,4.0,True,Fall,True,True,,False,False,False,False,KEEP,Valid eBird observation
CA,gryvir,Gray Vireo,Vireo vicinior,L738440,Kitchen Creek Rd.--south gate,2026-09-08 07:04:00,3.0,32.7867371,-116.4495899,True,False,False,S391100758,2026-09-08 07:04,2026-09-08,2026,9,251,7.0,4.0,True,Fall,True,True,,False,False,False,False,KEEP,Valid eBird observation
CA,brthum,Broad-tailed Hummingbird,Selasphorus platycercus,L16183176,"5637 Darrah Road Mariposa, CA",2026-09-07 18:20:00,1.0,37.4976922,-119.8540176,True,True,True,S391666371,2026-09-07 18:20,2026-09-07,2026,9,250,18.0,20.0,True,Fall,True,True,,False,False,False,False,KEEP,Valid eBird observation
CA,x00415,Greater White-fronted x Canada Goose (hybrid),Anser albifrons x Branta canadensis,L76868839,Home Peninsula Court,2026-09-07 16:07:00,6.0,38.000183,-121.365626,True,False,True,S390899824,2026-09-07 16:07,2026-09-07,2026,9,250,16.0,7.0,True,Fall,True,True,,False,False,False,False,KEEP,Valid eBird observation
CA,flaowl,Flammulated Owl,Psiloscops flammeolus,L4959036,Sequoia NP--Crystal Cave vicinity,2026-09-07 14:07:00,1.0,36.5852228,-118.8264942,True,False,False,S390907629,2026-09-07 14:07,2026-09-07,2026,9,250,14.0,7.0,True,Fall,True,True,,False,False,False,False,KEEP,Valid eBird observation
CA,palwar,Palm Warbler,Setophaga palmarum,L7377130,Yard Birds,2026-09-07 10:04:00,1.0,36.9769068,-121.9723642,True,True,True,S390804967,2026-09-07 10:04,2026-09-07,2026,9,250,10.0,4.0,True,Fall,True,True,,False,False,False,False,KEEP,Valid eBird observation
CA,x00427,Western x Clark's Grebe (hybrid),Aechmophorus occidentalis x clarkii,L404795,"Oak Canyon Nature Center, Anaheim",2026-09-07 06:14:00,1.0,33.8372351,-117.7554989,True,True,False,S390922522,2026-09-07 06:14,2026-09-07,2026,9,250,6.0,14.0,True,Fall,True,True,,False,False,False,False,KEEP,Valid eBird observation
CA,x00857,Red-crowned x Red-lored Amazon (hybrid),Amazona viridigenalis x autumnalis,L517284,Pasadena City Hall,2026-09-07 05:41:00,1.0,34.1478259,-118.1432819,True,True,False,S390714782,2026-09-07 05:41,2026-09-07,2026,9,250,5.0,41.0,True,Fall,True,True,,False,False,False,False,KEEP,Valid eBird observation
CA,whoswa,Whooper Swan,Cygnus cygnus,L76824841,Pine Mountain Lake,2026-09-06 15:34:00,1.0,37.8496458,-120.190258,True,True,True,S390604173,2026-09-06 15:34,2026-09-06,2026,9,249,15.0,34.0,True,Fall,True,True,,False,False,False,False,KEEP,Valid eBird observation
CA,rnxsap1,Red-naped x Red-breasted Sapsucker (hybrid),Sphyrapicus nuchalis x ruber,L767626,Fort Bidwell,2026-09-06 08:57:00,1.0,41.8613792,-120.1567841,True,False,False,S390438265,2026-09-06 08:57,2026-09-06,2026,9,249,8.0,57.0,True,Fall,True,True,,False,False,False,False,KEEP,Valid eBird observation
CA,kenwar,Kentucky Warbler,Geothlypis formosa,L3078004,Golden Gate Park--Log Cabin Trail,2026-09-04 12:55:00,1.0,37.770172,-122.4748564,True,True,False,S389960037,2026-09-04 12:55,2026-09-04,2026,9,247,12.0,55.0,True,Fall,True,True,,False,False,False,False,KEEP,Valid eBird observation
CA,yeclov,Yellow-collared Lovebird,Agapornis personatus,L22008560,"Exeter District Cemetery, Exeter US-CA 36.31155, -119.13461",2026-09-04 10:49:00,1.0,36.311553,-119.134612,True,True,True,S389747314,2026-09-04 10:49,2026-09-04,2026,9,247,10.0,49.0,True,Fall,True,True,,False,False,False,False,KEEP,Valid eBird observation
CA,calhum,Calliope Hummingbird,Selasphorus calliope,L44356058,"3341 Tourmaline Way, Rescue US-CA 38.70003, -121.00202",2026-09-03 16:39:00,1.0,38.700026,-121.00202,True,False,True,S389488259,2026-09-03 16:39,2026-09-03,2026,9,246,16.0,39.0,True,Fall,True,True,,False,False,False,False,KEEP,Valid eBird observation
CA,purgal2,Purple Gallinule,Porphyrio martinica,L109339,IRWD San Joaquin Marsh & Wildlife Sanctuary,2026-09-03 15:01:00,1.0,33.6637274,-117.8426814,True,True,False,S389507229,2026-09-03 15:01,2026-09-03,2026,9,246,15.0,1.0,True,Fall,True,True,,False,False,False,False,KEEP,Valid eBird observation
CA,rolhaw,Rough-legged Hawk,Buteo lagopus,L5808199,Lower Ball Mountain Rd.,2026-09-03 10:19:00,1.0,41.7261984,-122.4072433,True,True,False,S389425869,2026-09-03 10:19,2026-09-03,2026,9,246,10.0,19.0,True,Fall,True,True,,False,False,False,False,KEEP,Valid eBird observation
CA,shtalb,Short-tailed Albatross,Phoebastria albatrus,L76512952,Bodega offshore,2026-08-31 13:12:00,1.0,38.139012,-123.522695,True,True,True,S388718164,2026-08-31 13:12,2026-08-31,2026,8,243,13.0,12.0,True,Summer,True,True,,False,False,False,False,KEEP,Valid eBird observation
CA,bncfly,Brown-crested Flycatcher,Myiarchus tyrannulus,L420195,Big Morongo Canyon Preserve & Covington Park,2026-08-31 06:28:00,1.0,34.0497222,-116.5702639,True,False,False,S388646386,2026-08-31 06:28,2026-08-31,2026,8,243,6.0,28.0,True,Summer,True,True,,False,False,False,False,KEEP,Valid eBird observation
CA,hawpet1,Hawaiian Petrel,Pterodroma sandwichensis,L76518644,"Auto selected 39.58679, -124.09435",2026-08-30 11:29:00,1.0,39.586786,-124.094349,True,True,True,S388755421,2026-08-30 11:29,2026-08-30,2026,8,242,11.0,29.0,True,Summer,True,True,,False,False,False,False,KEEP,Valid eBird observation
CA,orcori,Orchard Oriole,Icterus spurius,L453066,Arroyo Grande Creek mouth,2026-08-30 07:35:00,1.0,35.1001785,-120.6287241,True,True,False,S388475088,2026-08-30 07:35,2026-08-30,2026,8,242,7.0,35.0,True,Summer,True,True,,False,False,False,False,KEEP,Valid eBird observation
CA,grepew,Greater Pewee,Contopus pertinax,L1357335,Huntington Central Park--East,2026-08-30 07:30:00,1.0,33.7040978,-118.0022383,True,True,False,S388379406,2026-08-30 07:30,2026-08-30,2026,8,242,7.0,30.0,True,Summer,True,True,,False,False,False,False,KEEP,Valid eBird observation
CA,ameoys,American Oystercatcher,Haematopus palliatus,L64755282,Dana Point Harbor (CA Atlas - Dana Point CW),2026-08-29 16:24:00,1.0,33.4560944,-117.693619,True,True,False,S388107089,2026-08-29 16:24,2026-08-29,2026,8,241,16.0,24.0,True,Summer,True,True,,False,False,False,False,KEEP,Valid eBird observation
CA,yetvir,Yellow-throated Vireo,Vireo flavifrons,L264648,Neary Lagoon,2026-08-29 10:40:00,1.0,36.9632874,-122.0303111,True,True,False,S388027134,2026-08-29 10:40,2026-08-29,2026,8,241,10.0,40.0,True,Summer,True,True,,False,False,False,False,KEEP,Valid eBird observation
CA,masboo,Masked Booby,Sula dactylatra,L468473,Newport Pier,2026-08-26 09:55:00,1.0,33.6059343,-117.9312801,True,True,False,S387152952,2026-08-26 09:55,2026-08-26,2026,8,238,9.0,55.0,True,Summer,True,True,,False,False,False,False,KEEP,Valid eBird observation
CA,blksco2,Black Scoter,Melanitta americana,L370930,Freshwater Lagoon,2026-08-25 10:22:00,1.0,41.2684528,-124.0928078,True,True,False,S386886592,2026-08-25 10:22,2026-08-25,2026,8,237,10.0,22.0,True,Summer,True,True,,False,False,False,False,KEEP,Valid eBird observation
CA,helgui,Helmeted Guineafowl,Numida meleagris,L76069036,"156–276 W Sandy Mush Rd, Merced US-CA (37.1864,-120.4932)",2026-08-22 07:25:00,2.0,37.18639,-120.49322,True,True,True,S385996162,2026-08-22 07:25,2026-08-22,2026,8,234,7.0,25.0,True,Summer,True,True,,False,False,False,False,KEEP,Valid eBird observation
CA,whcpin,White-cheeked Pintail,Anas bahamensis,L75870725,"2500-2580 Biggs-Willows Road, Oroville, California, US (39.457, -121.81)",2026-08-21 13:02:00,3.0,39.4570981,-121.8098117,True,True,True,S386220628,2026-08-21 13:02,2026-08-21,2026,8,233,13.0,2.0,True,Summer,True,True,,False,False,False,False,KEEP,Valid eBird observation
CA,ancmur,Ancient Murrelet,Synthliboramphus antiquus,L329116,"Southeast Farallon Island (Farallon Islands NWR, restricted access)",2026-08-21 07:00:00,1.0,37.69852,-123.002789,True,True,False,S385609355,2026-08-21 07:00,2026-08-21,2026,8,233,7.0,0.0,True,Summer,True,True,,False,False,False,False,KEEP,Valid eBird observation
AZ,cubthr,Curve-billed Thrasher,Toxostoma curvirostre,L15663702,"2436 West Bartlett Way, Queen Creek, Arizona, US (33.19, -111.592)",2026-09-19 09:50:00,1.0,33.1896424,-111.5922473,True,False,True,S394289103,2026-09-19 09:50,2026-09-19,2026,9,262,9.0,50.0,True,Fall,True,True,,False,False,False,False,KEEP,Valid eBird observation
AZ,barswa,Barn Swallow,Hirundo rustica,L77408801,"85534, Duncan US-AZ 32.69122, -109.12408",2026-09-19 09:43:00,1.0,32.691216,-109.124085,True,False,True,S394288044,2026-09-19 09:43,2026-09-19,2026,9,262,9.0,43.0,True,Fall,True,True,,False,False,False,False,KEEP,Valid eBird observation
AZ,houwre,Northern House Wren,Troglodytes aedon,L77408801,"85534, Duncan US-AZ 32.69122, -109.12408",2026-09-19 09:43:00,1.0,32.691216,-109.124085,True,False,True,S394288044,2026-09-19 09:43,2026-09-19,2026,9,262,9.0,43.0,True,Fall,True,True,,False,False,False,False,KEEP,Valid eBird observation
AZ,logshr,Loggerhead Shrike,Lanius ludovicianus,L77408801,"85534, Duncan US-AZ 32.69122, -109.12408",2026-09-19 09:43:00,1.0,32.691216,-109.124085,True,False,True,S394288044,2026-09-19 09:43,2026-09-19,2026,9,262,9.0,43.0,True,Fall,True,True,,False,False,False,False,KEEP,Valid eBird observation
AZ,cacwre,Cactus Wren,Campylorhynchus brunneicapillus,L77408801,"85534, Duncan US-AZ 32.69122, -109.12408",2026-09-19 09:43:00,3.0,32.691216,-109.124085,True,False,True,S394288044,2026-09-19 09:43,2026-09-19,2026,9,262,9.0,43.0,True,Fall,True,True,,False,False,False,False,KEEP,Valid eBird observation
AZ,wlswar,Wilson's Warbler,Cardellina pusilla,L77408801,"85534, Duncan US-AZ 32.69122, -109.12408",2026-09-19 09:43:00,1.0,32.691216,-109.124085,True,False,True,S394288044,2026-09-19 09:43,2026-09-19,2026,9,262,9.0,43.0,True,Fall,True,True,,False,False,False,False,KEEP,Valid eBird observation
AZ,houfin,House Finch,Haemorhous mexicanus,L77408801,"85534, Duncan US-AZ 32.69122, -109.12408",2026-09-19 09:43:00,1.0,32.691216,-109.124085,True,False,True,S394288044,2026-09-19 09:43,2026-09-19,2026,9,262,9.0,43.0,True,Fall,True,True,,False,False,False,False,KEEP,Valid eBird observation
AZ,eursta,European Starling,Sturnus vulgaris,L6271908,stakeout Monk Parakeets--Gilbert Town Square,2026-09-19 09:40:00,10.0,33.330616,-111.7907575,True,False,False,S394290538,2026-09-19 09:40,2026-09-19,2026,9,262,9.0,40.0,True,Fall,True,True,,False,False,False,False,KEEP,Valid eBird observation
AZ,grtgra,Great-tailed Grackle,Quiscalus mexicanus,L6271908,stakeout Monk Parakeets--Gilbert Town Square,2026-09-19 09:40:00,3.0,33.330616,-111.7907575,True,False,False,S394290538,2026-09-19 09:40,2026-09-19,2026,9,262,9.0,40.0,True,Fall,True,True,,False,False,False,False,KEEP,Valid eBird observation
AZ,moudov,Mourning Dove,Zenaida macroura,L6271908,stakeout Monk Parakeets--Gilbert Town Square,2026-09-19 09:40:00,2.0,33.330616,-111.7907575,True,False,False,S394290538,2026-09-19 09:40,2026-09-19,2026,9,262,9.0,40.0,True,Fall,True,True,,False,False,False,False,KEEP,Valid eBird observation
AZ,monpar,Monk Parakeet,Myiopsitta monachus,L6271908,stakeout Monk Parakeets--Gilbert Town Square,2026-09-19 09:40:00,8.0,33.330616,-111.7907575,True,False,False,S394290538,2026-09-19 09:40,2026-09-19,2026,9,262,9.0,40.0,True,Fall,True,True,,False,False,False,False,KEEP,Valid eBird observation
AZ,mallar3,Mallard,Anas platyrhynchos,L17445771,Gilbert Regional Park,2026-09-19 09:27:00,2.0,33.257109,-111.726166,True,False,False,S394284731,2026-09-19 09:27,2026-09-19,2026,9,262,9.0,27.0,True,Fall,True,True,,False,False,False,False,KEEP,Valid eBird observation
AZ,grnher,Green Heron,Butorides virescens,L17445771,Gilbert Regional Park,2026-09-19 09:27:00,2.0,33.257109,-111.726166,True,False,False,S394284731,2026-09-19 09:27,2026-09-19,2026,9,262,9.0,27.0,True,Fall,True,True,,False,False,False,False,KEEP,Valid eBird observation
AZ,bcnher,Black-crowned Night Heron,Nycticorax nycticorax,L17445771,Gilbert Regional Park,2026-09-19 09:27:00,1.0,33.257109,-111.726166,True,False,False,S394284731,2026-09-19 09:27,2026-09-19,2026,9,262,9.0,27.0,True,Fall,True,True,,False,False,False,False,KEEP,Valid eBird observation
AZ,annhum,Anna's Hummingbird,Calypte anna,L17445771,Gilbert Regional Park,2026-09-19 09:27:00,2.0,33.257109,-111.726166,True,False,False,S394284731,2026-09-19 09:27,2026-09-19,2026,9,262,9.0,27.0,True,Fall,True,True,,False,False,False,False,KEEP,Valid eBird observation
AZ,y00475,American Coot,Fulica americana,L17445771,Gilbert Regional Park,2026-09-19 09:27:00,4.0,33.257109,-111.726166,True,False,False,S394284731,2026-09-19 09:27,2026-09-19,2026,9,262,9.0,27.0,True,Fall,True,True,,False,False,False,False,KEEP,Valid eBird observation
AZ,killde,Killdeer,Charadrius vociferus,L17445771,Gilbert Regional Park,2026-09-19 09:27:00,1.0,33.257109,-111.726166,True,False,False,S394284731,2026-09-19 09:27,2026-09-19,2026,9,262,9.0,27.0,True,Fall,True,True,,False,False,False,False,KEEP,Valid eBird observation
AZ,gamqua,Gambel's Quail,Callipepla gambelii,L17445771,Gilbert Regional Park,2026-09-19 09:27:00,6.0,33.257109,-111.726166,True,False,False,S394284731,2026-09-19 09:27,2026-09-19,2026,9,262,9.0,27.0,True,Fall,True,True,,False,False,False,False,KEEP,Valid eBird observation
AZ,turvul,Turkey Vulture,Cathartes aura,L715412,Higley and Ocotillo Rds. ponds,2026-09-19 09:23:00,1.0,33.2533311,-111.7181683,True,False,False,S394289340,2026-09-19 09:23,2026-09-19,2026,9,262,9.0,23.0,True,Fall,True,True,,False,False,False,False,KEEP,Valid eBird observation
AZ,amekes,American Kestrel,Falco sparverius,L715412,Higley and Ocotillo Rds. ponds,2026-09-19 09:23:00,2.0,33.2533311,-111.7181683,True,False,False,S394289340,2026-09-19 09:23,2026-09-19,2026,9,262,9.0,23.0,True,Fall,True,True,,False,False,False,False,KEEP,Valid eBird observation
AZ,larspa,Lark Sparrow,Chondestes grammacus,L715412,Higley and Ocotillo Rds. ponds,2026-09-19 09:23:00,1.0,33.2533311,-111.7181683,True,False,False,S394289340,2026-09-19 09:23,2026-09-19,2026,9,262,9.0,23.0,True,Fall,True,True,,False,False,False,False,KEEP,Valid eBird observation
AZ,abetow,Abert's Towhee,Melozone aberti,L715412,Higley and Ocotillo Rds. ponds,2026-09-19 09:23:00,4.0,33.2533311,-111.7181683,True,False,False,S394289340,2026-09-19 09:23,2026-09-19,2026,9,262,9.0,23.0,True,Fall,True,True,,False,False,False,False,KEEP,Valid eBird observation
AZ,norpin,Northern Pintail,Anas acuta,L715412,Higley and Ocotillo Rds. ponds,2026-09-19 09:23:00,11.0,33.2533311,-111.7181683,True,False,False,S394289340,2026-09-19 09:23,2026-09-19,2026,9,262,9.0,23.0,True,Fall,True,True,,False,False,False,False,KEEP,Valid eBird observation
AZ,greegr,Great Egret,Ardea alba,L715412,Higley and Ocotillo Rds. ponds,2026-09-19 09:23:00,1.0,33.2533311,-111.7181683,True,False,False,S394289340,2026-09-19 09:23,2026-09-19,2026,9,262,9.0,23.0,True,Fall,True,True,,False,False,False,False,KEEP,Valid eBird observation
AZ,cintea,Cinnamon Teal,Spatula cyanoptera,L715412,Higley and Ocotillo Rds. ponds,2026-09-19 09:23:00,2.0,33.2533311,-111.7181683,True,False,False,S394289340,2026-09-19 09:23,2026-09-19,2026,9,262,9.0,23.0,True,Fall,True,True,,False,False,False,False,KEEP,Valid eBird observation
AZ,lesgol,Lesser Goldfinch,Spinus psaltria,L715412,Higley and Ocotillo Rds. ponds,2026-09-19 09:23:00,1.0,33.2533311,-111.7181683,True,False,False,S394289340,2026-09-19 09:23,2026-09-19,2026,9,262,9.0,23.0,True,Fall,True,True,,False,False,False,False,KEEP,Valid eBird observation
AZ,coohaw,Cooper's Hawk,Astur cooperii,L20038383,Home,2026-09-19 09:22:00,1.0,34.810406,-111.820056,True,False,True,S394283780,2026-09-19 09:22,2026-09-19,2026,9,262,9.0,22.0,True,Fall,True,True,,False,False,False,False,KEEP,Valid eBird observation
AZ,yelwar1,Northern Yellow Warbler,Setophaga aestiva,L721572,Base and Meridian WA,2026-09-19 09:22:00,1.0,33.3791718,-112.3074389,True,False,False,S394289602,2026-09-19 09:22,2026-09-19,2026,9,262,9.0,22.0,True,Fall,True,True,,False,False,False,False,KEEP,Valid eBird observation
AZ,juntit1,Juniper Titmouse,Baeolophus ridgwayi,L20038383,Home,2026-09-19 09:22:00,1.0,34.810406,-111.820056,True,False,True,S394283780,2026-09-19 09:22,2026-09-19,2026,9,262,9.0,22.0,True,Fall,True,True,,False,False,False,False,KEEP,Valid eBird observation
AZ,spotow,Spotted Towhee,Pipilo maculatus,L20038383,Home,2026-09-19 09:22:00,2.0,34.810406,-111.820056,True,False,True,S394283780,2026-09-19 09:22,2026-09-19,2026,9,262,9.0,22.0,True,Fall,True,True,,False,False,False,False,KEEP,Valid eBird observation
AZ,comrav,Common Raven,Corvus corax,L20038383,Home,2026-09-19 09:22:00,1.0,34.810406,-111.820056,True,False,True,S394283780,2026-09-19 09:22,2026-09-19,2026,9,262,9.0,22.0,True,Fall,True,True,,False,False,False,False,KEEP,Valid eBird observation
AZ,wooscj2,Woodhouse's Scrub-Jay,Aphelocoma woodhouseii,L20038383,Home,2026-09-19 09:22:00,9.0,34.810406,-111.820056,True,False,True,S394283780,2026-09-19 09:22,2026-09-19,2026,9,262,9.0,22.0,True,Fall,True,True,,False,False,False,False,KEEP,Valid eBird observation
AZ,bewwre,Bewick's Wren,Thryomanes bewickii,L20038383,Home,2026-09-19 09:22:00,1.0,34.810406,-111.820056,True,False,True,S394283780,2026-09-19 09:22,2026-09-19,2026,9,262,9.0,22.0,True,Fall,True,True,,False,False,False,False,KEEP,Valid eBird observation
AZ,labwoo,Ladder-backed Woodpecker,Dryobates scalaris,L20038383,Home,2026-09-19 09:22:00,1.0,34.810406,-111.820056,True,False,True,S394283780,2026-09-19 09:22,2026-09-19,2026,9,262,9.0,22.0,True,Fall,True,True,,False,False,False,False,KEEP,Valid eBird observation
AZ,whfibi,White-faced Ibis,Plegadis chihi,L721572,Base and Meridian WA,2026-09-19 09:22:00,1.0,33.3791718,-112.3074389,True,False,False,S394289602,2026-09-19 09:22,2026-09-19,2026,9,262,9.0,22.0,True,Fall,True,True,,False,False,False,False,KEEP,Valid eBird observation
AZ,wewvir2,Western Warbling Vireo,Vireo swainsoni,L721572,Base and Meridian WA,2026-09-19 09:22:00,1.0,33.3791718,-112.3074389,True,False,False,S394289602,2026-09-19 09:22,2026-09-19,2026,9,262,9.0,22.0,True,Fall,True,True,,False,False,False,False,KEEP,Valid eBird observation
AZ,gilwoo,Gila Woodpecker,Melanerpes uropygialis,L20038383,Home,2026-09-19 09:22:00,1.0,34.810406,-111.820056,True,False,True,S394283780,2026-09-19 09:22,2026-09-19,2026,9,262,9.0,22.0,True,Fall,True,True,,False,False,False,False,KEEP,Valid eBird observation
AZ,osprey,Osprey,Pandion haliaetus,L1115897,Canoa Ranch Conservation Park,2026-09-19 09:15:00,1.0,31.7948045,-111.0156226,True,False,False,S394280721,2026-09-19 09:15,2026-09-19,2026,9,262,9.0,15.0,True,Fall,True,True,,False,False,False,False,KEEP,Valid eBird observation
AZ,eucdov,Eurasian Collared-Dove,Streptopelia decaocto,L4772783,Franklin--Railroad Wash Rd,2026-09-19 09:13:00,1.0,32.6859991,-109.0818733,True,False,False,S394288141,2026-09-19 09:13,2026-09-19,2026,9,262,9.0,13.0,True,Fall,True,True,,False,False,False,False,KEEP,Valid eBird observation
AZ,norcar,Northern Cardinal,Cardinalis cardinalis,L4772783,Franklin--Railroad Wash Rd,2026-09-19 09:13:00,1.0,32.6859991,-109.0818733,True,False,False,S394288141,2026-09-19 09:13,2026-09-19,2026,9,262,9.0,13.0,True,Fall,True,True,,False,False,False,False,KEEP,Valid eBird observation
AZ,verdin,Verdin,Auriparus flaviceps,L4772783,Franklin--Railroad Wash Rd,2026-09-19 09:13:00,1.0,32.6859991,-109.0818733,True,False,False,S394288141,2026-09-19 09:13,2026-09-19,2026,9,262,9.0,13.0,True,Fall,True,True,,False,False,False,False,KEEP,Valid eBird observation
AZ,bulori,Bullock's Oriole,Icterus bullockii,L4772783,Franklin--Railroad Wash Rd,2026-09-19 09:13:00,1.0,32.6859991,-109.0818733,True,False,False,S394288141,2026-09-19 09:13,2026-09-19,2026,9,262,9.0,13.0,True,Fall,True,True,,False,False,False,False,KEEP,Valid eBird observation
AZ,caskin,Cassin's Kingbird,Tyrannus vociferans,L4772783,Franklin--Railroad Wash Rd,2026-09-19 09:13:00,1.0,32.6859991,-109.0818733,True,False,False,S394288141,2026-09-19 09:13,2026-09-19,2026,9,262,9.0,13.0,True,Fall,True,True,,False,False,False,False,KEEP,Valid eBird observation
AZ,blugrb1,Blue Grosbeak,Passerina caerulea,L4772783,Franklin--Railroad Wash Rd,2026-09-19 09:13:00,1.0,32.6859991,-109.0818733,True,False,False,S394288141,2026-09-19 09:13,2026-09-19,2026,9,262,9.0,13.0,True,Fall,True,True,,False,False,False,False,KEEP,Valid eBird observation
AZ,belvir,Bell's Vireo,Vireo bellii,L4772783,Franklin--Railroad Wash Rd,2026-09-19 09:13:00,1.0,32.6859991,-109.0818733,True,False,False,S394288141,2026-09-19 09:13,2026-09-19,2026,9,262,9.0,13.0,True,Fall,True,True,,False,False,False,False,KEEP,Valid eBird observation
AZ,brespa,Brewer's Sparrow,Spizella breweri,L4772783,Franklin--Railroad Wash Rd,2026-09-19 09:13:00,3.0,32.6859991,-109.0818733,True,False,False,S394288141,2026-09-19 09:13,2026-09-19,2026,9,262,9.0,13.0,True,Fall,True,True,,False,False,False,False,KEEP,Valid eBird observation
AZ,saypho,Say's Phoebe,Sayornis saya,L38806939,Grassland Yard,2026-09-19 09:10:00,1.0,31.9378743,-110.7617693,True,False,True,S394283235,2026-09-19 09:10,2026-09-19,2026,9,262,9.0,10.0,True,Fall,True,True,,False,False,False,False,KEEP,Valid eBird observation
AZ,coshum,Costa's Hummingbird,Calypte costae,L38806939,Grassland Yard,2026-09-19 09:10:00,5.0,31.9378743,-110.7617693,True,False,True,S394283235,2026-09-19 09:10,2026-09-19,2026,9,262,9.0,10.0,True,Fall,True,True,,False,False,False,False,KEEP,Valid eBird observation
AZ,rocpig,Rock Pigeon,Columba livia,L38806939,Grassland Yard,2026-09-19 09:10:00,2.0,31.9378743,-110.7617693,True,False,True,S394283235,2026-09-19 09:10,2026-09-19,2026,9,262,9.0,10.0,True,Fall,True,True,,False,False,False,False,KEEP,Valid eBird observation
AZ,ruwspa,Rufous-winged Sparrow,Peucaea carpalis,L38806939,Grassland Yard,2026-09-19 09:10:00,1.0,31.9378743,-110.7617693,True,False,True,S394283235,2026-09-19 09:10,2026-09-19,2026,9,262,9.0,10.0,True,Fall,True,True,,False,False,False,False,KEEP,Valid eBird observation
AZ,houspa,House Sparrow,Passer domesticus,L38806939,Grassland Yard,2026-09-19 09:10:00,4.0,31.9378743,-110.7617693,True,False,True,S394283235,2026-09-19 09:10,2026-09-19,2026,9,262,9.0,10.0,True,Fall,True,True,,False,False,False,False,KEEP,Valid eBird observation
AZ,calcon,California Condor,Gymnogyps californianus,L821559,Glen Canyon NRA--Navajo Bridge,2026-09-19 08:59:00,2.0,36.817626,-111.6312477,True,False,False,S394278816,2026-09-19 08:59,2026-09-19,2026,9,262,8.0,59.0,True,Fall,True,True,,False,False,False,False,KEEP,Valid eBird observation
AZ,whcspa,White-crowned Sparrow,Zonotrichia leucophrys,L821559,Glen Canyon NRA--Navajo Bridge,2026-09-19 08:59:00,4.0,36.817626,-111.6312477,True,False,False,S394278816,2026-09-19 08:59,2026-09-19,2026,9,262,8.0,59.0,True,Fall,True,True,,False,False,False,False,KEEP,Valid eBird observation
AZ,rocwre,Rock Wren,Salpinctes obsoletus,L821559,Glen Canyon NRA--Navajo Bridge,2026-09-19 08:59:00,1.0,36.817626,-111.6312477,True,False,False,S394278816,2026-09-19 08:59,2026-09-19,2026,9,262,8.0,59.0,True,Fall,True,True,,False,False,False,False,KEEP,Valid eBird observation
AZ,canwre,Canyon Wren,Catherpes mexicanus,L821559,Glen Canyon NRA--Navajo Bridge,2026-09-19 08:59:00,2.0,36.817626,-111.6312477,True,False,False,S394278816,2026-09-19 08:59,2026-09-19,2026,9,262,8.0,59.0,True,Fall,True,True,,False,False,False,False,KEEP,Valid eBird observation
AZ,wewpew,Western Wood-Pewee,Contopus sordidulus,L77407150,"653–699 Railroad Wash Rd, Duncan US-AZ 32.68632, -109.07257",2026-09-19 08:57:00,1.0,32.686322,-109.072568,True,False,True,S394278584,2026-09-19 08:57,2026-09-19,2026,9,262,8.0,57.0,True,Fall,True,True,,False,False,False,False,KEEP,Valid eBird observation
AZ,macwar,MacGillivray's Warbler,Geothlypis tolmiei,L77407150,"653–699 Railroad Wash Rd, Duncan US-AZ 32.68632, -109.07257",2026-09-19 08:57:00,1.0,32.686322,-109.072568,True,False,True,S394278584,2026-09-19 08:57,2026-09-19,2026,9,262,8.0,57.0,True,Fall,True,True,,False,False,False,False,KEEP,Valid eBird observation
AZ,yehbla,Yellow-headed Blackbird,Xanthocephalus xanthocephalus,L77407150,"653–699 Railroad Wash Rd, Duncan US-AZ 32.68632, -109.07257",2026-09-19 08:57:00,1.0,32.686322,-109.072568,True,False,True,S394278584,2026-09-19 08:57,2026-09-19,2026,9,262,8.0,57.0,True,Fall,True,True,,False,False,False,False,KEEP,Valid eBird observation
AZ,comyel,Common Yellowthroat,Geothlypis trichas,L77407150,"653–699 Railroad Wash Rd, Duncan US-AZ 32.68632, -109.07257",2026-09-19 08:57:00,1.0,32.686322,-109.072568,True,False,True,S394278584,2026-09-19 08:57,2026-09-19,2026,9,262,8.0,57.0,True,Fall,True,True,,False,False,False,False,KEEP,Valid eBird observation
AZ,vigswa,Violet-green Swallow,Tachycineta thalassina,L77407150,"653–699 Railroad Wash Rd, Duncan US-AZ 32.68632, -109.07257",2026-09-19 08:57:00,7.0,32.686322,-109.072568,True,False,True,S394278584,2026-09-19 08:57,2026-09-19,2026,9,262,8.0,57.0,True,Fall,True,True,,False,False,False,False,KEEP,Valid eBird observation
AZ,lazbun,Lazuli Bunting,Passerina amoena,L77407150,"653–699 Railroad Wash Rd, Duncan US-AZ 32.68632, -109.07257",2026-09-19 08:57:00,1.0,32.686322,-109.072568,True,False,True,S394278584,2026-09-19 08:57,2026-09-19,2026,9,262,8.0,57.0,True,Fall,True,True,,False,False,False,False,KEEP,Valid eBird observation
AZ,virrai,Virginia Rail,Rallus limicola,L1871151,Tres Rios Overbank Wetlands (permit required),2026-09-19 08:49:00,1.0,33.389402,-112.2597653,True,False,False,S394270725,2026-09-19 08:49,2026-09-19,2026,9,262,8.0,49.0,True,Fall,True,True,,False,False,False,False,KEEP,Valid eBird observation
AZ,whtswi,White-throated Swift,Aeronautes saxatalis,L36672920,Chapel trail,2026-09-19 08:47:00,3.0,34.830828,-111.762242,True,False,True,S394271028,2026-09-19 08:47,2026-09-19,2026,9,262,8.0,47.0,True,Fall,True,True,,False,False,False,False,KEEP,Valid eBird observation
AZ,bkchum,Black-chinned Hummingbird,Archilochus alexandri,L5238840,E Mountain View Road (private residence),2026-09-19 08:47:00,4.0,31.3853692,-110.2273214,True,False,True,S394271483,2026-09-19 08:47,2026-09-19,2026,9,262,8.0,47.0,True,Fall,True,True,,False,False,False,False,KEEP,Valid eBird observation
AZ,blkpho,Black Phoebe,Sayornis nigricans,L5238840,E Mountain View Road (private residence),2026-09-19 08:47:00,1.0,31.3853692,-110.2273214,True,False,True,S394271483,2026-09-19 08:47,2026-09-19,2026,9,262,8.0,47.0,True,Fall,True,True,,False,False,False,False,KEEP,Valid eBird observation
AZ,brbhum,Broad-billed Hummingbird,Cynanthus latirostris,L5238840,E Mountain View Road (private residence),2026-09-19 08:47:00,2.0,31.3853692,-110.2273214,True,False,True,S394271483,2026-09-19 08:47,2026-09-19,2026,9,262,8.0,47.0,True,Fall,True,True,,False,False,False,False,KEEP,Valid eBird observation
AZ,weskin,Western Kingbird,Tyrannus verticalis,L5238840,E Mountain View Road (private residence),2026-09-19 08:47:00,2.0,31.3853692,-110.2273214,True,False,True,S394271483,2026-09-19 08:47,2026-09-19,2026,9,262,8.0,47.0,True,Fall,True,True,,False,False,False,False,KEEP,Valid eBird observation
AZ,crithr,Crissal Thrasher,Toxostoma crissale,L36672920,Chapel trail,2026-09-19 08:47:00,1.0,34.830828,-111.762242,True,False,True,S394271028,2026-09-19 08:47,2026-09-19,2026,9,262,8.0,47.0,True,Fall,True,True,,False,False,False,False,KEEP,Valid eBird observation
AZ,rufhum,Rufous Hummingbird,Selasphorus rufus,L5238840,E Mountain View Road (private residence),2026-09-19 08:47:00,1.0,31.3853692,-110.2273214,True,False,True,S394271483,2026-09-19 08:47,2026-09-19,2026,9,262,8.0,47.0,True,Fall,True,True,,False,False,False,False,KEEP,Valid eBird observation
AZ,bktgna,Black-tailed Gnatcatcher,Polioptila melanura,L1871151,Tres Rios Overbank Wetlands (permit required),2026-09-19 08:46:00,2.0,33.389402,-112.2597653,True,False,False,S394281930,2026-09-19 08:46,2026-09-19,2026,9,262,8.0,46.0,True,Fall,True,True,,False,False,False,False,KEEP,Valid eBird observation
AZ,belkin1,Belted Kingfisher,Megaceryle alcyon,L1871151,Tres Rios Overbank Wetlands (permit required),2026-09-19 08:46:00,1.0,33.389402,-112.2597653,True,False,False,S394281930,2026-09-19 08:46,2026-09-19,2026,9,262,8.0,46.0,True,Fall,True,True,,False,False,False,False,KEEP,Valid eBird observation
AZ,bknsti,Black-necked Stilt,Himantopus mexicanus,L1871151,Tres Rios Overbank Wetlands (permit required),2026-09-19 08:46:00,1.0,33.389402,-112.2597653,True,False,False,S394281930,2026-09-19 08:46,2026-09-19,2026,9,262,8.0,46.0,True,Fall,True,True,,False,False,False,False,KEEP,Valid eBird observation
AZ,grbher3,Great Blue Heron,Ardea herodias,L1871151,Tres Rios Overbank Wetlands (permit required),2026-09-19 08:46:00,10.0,33.389402,-112.2597653,True,False,False,S394281930,2026-09-19 08:46,2026-09-19,2026,9,262,8.0,46.0,True,Fall,True,True,,False,False,False,False,KEEP,Valid eBird observation
AZ,amwpel,American White Pelican,Pelecanus erythrorhynchos,L1871151,Tres Rios Overbank Wetlands (permit required),2026-09-19 08:46:00,37.0,33.389402,-112.2597653,True,False,False,S394281930,2026-09-19 08:46,2026-09-19,2026,9,262,8.0,46.0,True,Fall,True,True,,False,False,False,False,KEEP,Valid eBird observation
AZ,normoc,Northern Mockingbird,Mimus polyglottos,L1871151,Tres Rios Overbank Wetlands (permit required),2026-09-19 08:46:00,1.0,33.389402,-112.2597653,True,False,False,S394281930,2026-09-19 08:46,2026-09-19,2026,9,262,8.0,46.0,True,Fall,True,True,,False,False,False,False,KEEP,Valid eBird observation
AZ,vauswi,Vaux's Swift,Chaetura vauxi,L1871151,Tres Rios Overbank Wetlands (permit required),2026-09-19 08:46:00,2.0,33.389402,-112.2597653,True,False,False,S394281930,2026-09-19 08:46,2026-09-19,2026,9,262,8.0,46.0,True,Fall,True,True,,False,False,False,False,KEEP,Valid eBird observation
AZ,pygnut,Pygmy Nuthatch,Sitta pygmaea,L839307,Mingus Mountain (please consider using more specific locations),2026-09-19 08:44:00,3.0,34.6958966,-112.1290398,True,False,False,S394282565,2026-09-19 08:44,2026-09-19,2026,9,262,8.0,44.0,True,Fall,True,True,,False,False,False,False,KEEP,Valid eBird observation
AZ,stejay,Steller's Jay,Cyanocitta stelleri,L839307,Mingus Mountain (please consider using more specific locations),2026-09-19 08:44:00,2.0,34.6958966,-112.1290398,True,False,False,S394282565,2026-09-19 08:44,2026-09-19,2026,9,262,8.0,44.0,True,Fall,True,True,,False,False,False,False,KEEP,Valid eBird observation
AZ,haiwoo,Hairy Woodpecker,Leuconotopicus villosus,L839307,Mingus Mountain (please consider using more specific locations),2026-09-19 08:44:00,4.0,34.6958966,-112.1290398,True,False,False,S394282565,2026-09-19 08:44,2026-09-19,2026,9,262,8.0,44.0,True,Fall,True,True,,False,False,False,False,KEEP,Valid eBird observation
AZ,ruckin,Ruby-crowned Kinglet,Corthylio calendula,L839307,Mingus Mountain (please consider using more specific locations),2026-09-19 08:44:00,1.0,34.6958966,-112.1290398,True,False,False,S394282565,2026-09-19 08:44,2026-09-19,2026,9,262,8.0,44.0,True,Fall,True,True,,False,False,False,False,KEEP,Valid eBird observation
AZ,oliwar,Olive Warbler,Peucedramus taeniatus,L839307,Mingus Mountain (please consider using more specific locations),2026-09-19 08:44:00,2.0,34.6958966,-112.1290398,True,False,False,S394282565,2026-09-19 08:44,2026-09-19,2026,9,262,8.0,44.0,True,Fall,True,True,,False,False,False,False,KEEP,Valid eBird observation
AZ,herthr,Hermit Thrush,Catharus guttatus,L839307,Mingus Mountain (please consider using more specific locations),2026-09-19 08:44:00,1.0,34.6958966,-112.1290398,True,False,False,S394282565,2026-09-19 08:44,2026-09-19,2026,9,262,8.0,44.0,True,Fall,True,True,,False,False,False,False,KEEP,Valid eBird observation
AZ,hamfly,Hammond's Flycatcher,Empidonax hammondii,L839307,Mingus Mountain (please consider using more specific locations),2026-09-19 08:44:00,1.0,34.6958966,-112.1290398,True,False,False,S394282565,2026-09-19 08:44,2026-09-19,2026,9,262,8.0,44.0,True,Fall,True,True,,False,False,False,False,KEEP,Valid eBird observation
AZ,rebnut,Red-breasted Nuthatch,Sitta canadensis,L839307,Mingus Mountain (please consider using more specific locations),2026-09-19 08:44:00,1.0,34.6958966,-112.1290398,True,False,False,S394282565,2026-09-19 08:44,2026-09-19,2026,9,262,8.0,44.0,True,Fall,True,True,,False,False,False,False,KEEP,Valid eBird observation
AZ,mouchi,Mountain Chickadee,Poecile gambeli,L839307,Mingus Mountain (please consider using more specific locations),2026-09-19 08:44:00,2.0,34.6958966,-112.1290398,True,False,False,S394282565,2026-09-19 08:44,2026-09-19,2026,9,262,8.0,44.0,True,Fall,True,True,,False,False,False,False,KEEP,Valid eBird observation
AZ,towwar,Townsend's Warbler,Setophaga townsendi,L839307,Mingus Mountain (please consider using more specific locations),2026-09-19 08:44:00,1.0,34.6958966,-112.1290398,True,False,False,S394282565,2026-09-19 08:44,2026-09-19,2026,9,262,8.0,44.0,True,Fall,True,True,,False,False,False,False,KEEP,Valid eBird observation
AZ,bushti,Bushtit,Psaltriparus minimus,L839307,Mingus Mountain (please consider using more specific locations),2026-09-19 08:44:00,6.0,34.6958966,-112.1290398,True,False,False,S394282565,2026-09-19 08:44,2026-09-19,2026,9,262,8.0,44.0,True,Fall,True,True,,False,False,False,False,KEEP,Valid eBird observation
AZ,norfli,Northern Flicker,Colaptes auratus,L839307,Mingus Mountain (please consider using more specific locations),2026-09-19 08:44:00,1.0,34.6958966,-112.1290398,True,False,False,S394282565,2026-09-19 08:44,2026-09-19,2026,9,262,8.0,44.0,True,Fall,True,True,,False,False,False,False,KEEP,Valid eBird observation
AZ,pinjay,Pinyon Jay,Gymnorhinus cyanocephalus,L839307,Mingus Mountain (please consider using more specific locations),2026-09-19 08:44:00,8.0,34.6958966,-112.1290398,True,False,False,S394282565,2026-09-19 08:44,2026-09-19,2026,9,262,8.0,44.0,True,Fall,True,True,,False,False,False,False,KEEP,Valid eBird observation
AZ,cantow,Canyon Towhee,Melozone fusca,L21881846,Legend Hills Neighborhood,2026-09-19 08:42:00,1.0,34.681311,-112.2037354,True,False,True,S394267646,2026-09-19 08:42,2026-09-19,2026,9,262,8.0,42.0,True,Fall,True,True,,False,False,False,False,KEEP,Valid eBird observation
AZ,pinsis,Pine Siskin,Spinus pinus,L21881846,Legend Hills Neighborhood,2026-09-19 08:42:00,1.0,34.681311,-112.2037354,True,False,True,S394267646,2026-09-19 08:42,2026-09-19,2026,9,262,8.0,42.0,True,Fall,True,True,,False,False,False,False,KEEP,Valid eBird observation
AZ,brthum,Broad-tailed Hummingbird,Selasphorus platycercus,L21881846,Legend Hills Neighborhood,2026-09-19 08:42:00,1.0,34.681311,-112.2037354,True,False,True,S394267646,2026-09-19 08:42,2026-09-19,2026,9,262,8.0,42.0,True,Fall,True,True,,False,False,False,False,KEEP,Valid eBird observation
AZ,westan,Western Tanager,Piranga ludoviciana,L21881846,Legend Hills Neighborhood,2026-09-19 08:42:00,1.0,34.681311,-112.2037354,True,False,True,S394267646,2026-09-19 08:42,2026-09-19,2026,9,262,8.0,42.0,True,Fall,True,True,,False,False,False,False,KEEP,Valid eBird observation
AZ,bkhgro,Black-headed Grosbeak,Pheucticus melanocephalus,L21881846,Legend Hills Neighborhood,2026-09-19 08:42:00,1.0,34.681311,-112.2037354,True,False,True,S394267646,2026-09-19 08:42,2026-09-19,2026,9,262,8.0,42.0,True,Fall,True,True,,False,False,False,False,KEEP,Valid eBird observation
AZ,astfly,Ash-throated Flycatcher,Myiarchus cinerascens,L21881846,Legend Hills Neighborhood,2026-09-19 08:42:00,1.0,34.681311,-112.2037354,True,False,True,S394267646,2026-09-19 08:42,2026-09-19,2026,9,262,8.0,42.0,True,Fall,True,True,,False,False,False,False,KEEP,Valid eBird observation
AZ,whbnut,White-breasted Nuthatch,Sitta carolinensis,L21881846,Legend Hills Neighborhood,2026-09-19 08:42:00,1.0,34.681311,-112.2037354,True,False,True,S394267646,2026-09-19 08:42,2026-09-19,2026,9,262,8.0,42.0,True,Fall,True,True,,False,False,False,False,KEEP,Valid eBird observation
AZ,verfly,Vermilion Flycatcher,Pyrocephalus rubinus,L53750496,N Wrens Nest Pl,2026-09-19 08:36:00,2.0,32.252257,-110.8166705,True,False,True,S394268314,2026-09-19 08:36,2026-09-19,2026,9,262,8.0,36.0,True,Fall,True,True,,False,False,False,False,KEEP,Valid eBird observation
AZ,brebla,Brewer's Blackbird,Euphagus cyanocephalus,L59136005,House,2026-09-19 08:26:00,1.0,34.562263,-111.858512,True,False,True,S394267205,2026-09-19 08:26,2026-09-19,2026,9,262,8.0,26.0,True,Fall,True,True,,False,False,False,False,KEEP,Valid eBird observation
AZ,hutvir,Hutton's Vireo,Vireo huttoni,L59136005,House,2026-09-19 08:26:00,1.0,34.562263,-111.858512,True,False,True,S394267205,2026-09-19 08:26,2026-09-19,2026,9,262,8.0,26.0,True,Fall,True,True,,False,False,False,False,KEEP,Valid eBird observation
AZ,wesmea,Western Meadowlark,Sturnella neglecta,L52742670,"85534, Duncan US-AZ (32.7321,-109.1043)",2026-09-19 08:24:00,1.0,32.732124,-109.104293,True,False,True,S394270469,2026-09-19 08:24,2026-09-19,2026,9,262,8.0,24.0,True,Fall,True,True,,False,False,False,False,KEEP,Valid eBird observation
AZ,greroa,Greater Roadrunner,Geococcyx californianus,L52742670,"85534, Duncan US-AZ (32.7321,-109.1043)",2026-09-19 08:24:00,1.0,32.732124,-109.104293,True,False,True,S394270469,2026-09-19 08:24,2026-09-19,2026,9,262,8.0,24.0,True,Fall,True,True,,False,False,False,False,KEEP,Valid eBird observation
AZ,vesspa,Vesper Sparrow,Pooecetes gramineus,L52742670,"85534, Duncan US-AZ (32.7321,-109.1043)",2026-09-19 08:24:00,1.0,32.732124,-109.104293,True,False,True,S394270469,2026-09-19 08:24,2026-09-19,2026,9,262,8.0,24.0,True,Fall,True,True,,False,False,False,False,KEEP,Valid eBird observation
AZ,phaino,Phainopepla,Phainopepla nitens,L52742670,"85534, Duncan US-AZ (32.7321,-109.1043)",2026-09-19 08:24:00,1.0,32.732124,-109.104293,True,False,True,S394270469,2026-09-19 08:24,2026-09-19,2026,9,262,8.0,24.0,True,Fall,True,True,,False,False,False,False,KEEP,Valid eBird observation
AZ,solsan,Solitary Sandpiper,Tringa solitaria,L52742670,"85534, Duncan US-AZ (32.7321,-109.1043)",2026-09-19 08:24:00,1.0,32.732124,-109.104293,True,False,True,S394270469,2026-09-19 08:24,2026-09-19,2026,9,262,8.0,24.0,True,Fall,True,True,,False,False,False,False,KEEP,Valid eBird observation
AZ,larbun,Lark Bunting,Calamospiza melanocorys,L52742670,"85534, Duncan US-AZ (32.7321,-109.1043)",2026-09-19 08:24:00,12.0,32.732124,-109.104293,True,False,True,S394270469,2026-09-19 08:24,2026-09-19,2026,9,262,8.0,24.0,True,Fall,True,True,,False,False,False,False,KEEP,Valid eBird observation
AZ,swahaw,Swainson's Hawk,Buteo swainsoni,L52742670,"85534, Duncan US-AZ (32.7321,-109.1043)",2026-09-19 08:24:00,1.0,32.732124,-109.104293,True,False,True,S394270469,2026-09-19 08:24,2026-09-19,2026,9,262,8.0,24.0,True,Fall,True,True,,False,False,False,False,KEEP,Valid eBird observation
AZ,acowoo,Acorn Woodpecker,Melanerpes formicivorus,L77403762,"2021 N. 47th Street, Phoenix, Arizona, US (33.47, -111.98)",2026-09-19 08:20:00,1.0,33.4703459,-111.979982,True,False,True,S394261985,2026-09-19 08:20,2026-09-19,2026,9,262,8.0,20.0,True,Fall,True,True,,False,False,False,False,KEEP,Valid eBird observation
AZ,incdov,Inca Dove,Columbina inca,L77403762,"2021 N. 47th Street, Phoenix, Arizona, US (33.47, -111.98)",2026-09-19 08:20:00,3.0,33.4703459,-111.979982,True,False,True,S394261985,2026-09-19 08:20,2026-09-19,2026,9,262,8.0,20.0,True,Fall,True,True,,False,False,False,False,KEEP,Valid eBird observation
AZ,amerob,American Robin,Turdus migratorius,L77403762,"2021 N. 47th Street, Phoenix, Arizona, US (33.47, -111.98)",2026-09-19 08:20:00,1.0,33.4703459,-111.979982,True,False,True,S394261985,2026-09-19 08:20,2026-09-19,2026,9,262,8.0,20.0,True,Fall,True,True,,False,False,False,False,KEEP,Valid eBird observation
AZ,cliswa,Cliff Swallow,Petrochelidon pyrrhonota,L28431340,"10573 N 99th Pl, Scottsdale US-AZ 33.58137, -111.86623",2026-09-19 08:17:00,2.0,33.581374,-111.866228,True,False,True,S394272078,2026-09-19 08:17,2026-09-19,2026,9,262,8.0,17.0,True,Fall,True,True,,False,False,False,False,KEEP,Valid eBird observation
AZ,peflov,Rosy-faced Lovebird,Agapornis roseicollis,L28431340,"10573 N 99th Pl, Scottsdale US-AZ 33.58137, -111.86623",2026-09-19 08:17:00,5.0,33.581374,-111.866228,True,False,True,S394272078,2026-09-19 08:17,2026-09-19,2026,9,262,8.0,17.0,True,Fall,True,True,,False,False,False,False,KEEP,Valid eBird observation
AZ,rethaw,Red-tailed Hawk,Buteo jamaicensis,L77407628,"1900 Willow Lake Rd, Prescott US-AZ 34.59575, -112.43552",2026-09-19 08:16:00,1.0,34.59575,-112.435521,True,False,True,S394281276,2026-09-19 08:16,2026-09-19,2026,9,262,8.0,16.0,True,Fall,True,True,,False,False,False,False,KEEP,Valid eBird observation
AZ,rewbla,Red-winged Blackbird,Agelaius phoeniceus,L77407628,"1900 Willow Lake Rd, Prescott US-AZ 34.59575, -112.43552",2026-09-19 08:16:00,20.0,34.59575,-112.435521,True,False,True,S394281276,2026-09-19 08:16,2026-09-19,2026,9,262,8.0,16.0,True,Fall,True,True,,False,False,False,False,KEEP,Valid eBird observation
AZ,rinduc,Ring-necked Duck,Aythya collaris,L144858,Riparian Preserve at Gilbert Water Ranch,2026-09-19 08:15:00,1.0,33.3614502,-111.7339478,True,False,False,S394268683,2026-09-19 08:15,2026-09-19,2026,9,262,8.0,15.0,True,Fall,True,True,,False,False,False,False,KEEP,Valid eBird observation
AZ,whwdov,White-winged Dove,Zenaida asiatica,L144858,Riparian Preserve at Gilbert Water Ranch,2026-09-19 08:15:00,2.0,33.3614502,-111.7339478,True,False,False,S394268683,2026-09-19 08:15,2026-09-19,2026,9,262,8.0,15.0,True,Fall,True,True,,False,False,False,False,KEEP,Valid eBird observation
AZ,cangoo,Canada Goose,Branta canadensis,L144858,Riparian Preserve at Gilbert Water Ranch,2026-09-19 08:15:00,3.0,33.3614502,-111.7339478,True,False,False,S394268683,2026-09-19 08:15,2026-09-19,2026,9,262,8.0,15.0,True,Fall,True,True,,False,False,False,False,KEEP,Valid eBird observation
AZ,sonspa,Song Sparrow,Melospiza melodia,L144858,Riparian Preserve at Gilbert Water Ranch,2026-09-19 08:15:00,1.0,33.3614502,-111.7339478,True,False,False,S394268683,2026-09-19 08:15,2026-09-19,2026,9,262,8.0,15.0,True,Fall,True,True,,False,False,False,False,KEEP,Valid eBird observation
AZ,snoegr,Snowy Egret,Egretta thula,L144858,Riparian Preserve at Gilbert Water Ranch,2026-09-19 08:15:00,2.0,33.3614502,-111.7339478,True,False,False,S394268683,2026-09-19 08:15,2026-09-19,2026,9,262,8.0,15.0,True,Fall,True,True,,False,False,False,False,KEEP,Valid eBird observation
AZ,savspa,Savannah Sparrow,Passerculus sandwichensis,L144858,Riparian Preserve at Gilbert Water Ranch,2026-09-19 08:15:00,1.0,33.3614502,-111.7339478,True,False,False,S394268683,2026-09-19 08:15,2026-09-19,2026,9,262,8.0,15.0,True,Fall,True,True,,False,False,False,False,KEEP,Valid eBird observation
AZ,greyel,Greater Yellowlegs,Tringa melanoleuca,L144858,Riparian Preserve at Gilbert Water Ranch,2026-09-19 08:15:00,2.0,33.3614502,-111.7339478,True,False,False,S394268683,2026-09-19 08:15,2026-09-19,2026,9,262,8.0,15.0,True,Fall,True,True,,False,False,False,False,KEEP,Valid eBird observation
AZ,musduc,Muscovy Duck,Cairina moschata,L144858,Riparian Preserve at Gilbert Water Ranch,2026-09-19 08:15:00,2.0,33.3614502,-111.7339478,True,False,False,S394268683,2026-09-19 08:15,2026-09-19,2026,9,262,8.0,15.0,True,Fall,True,True,,False,False,False,False,KEEP,Valid eBird observation
AZ,wesblu,Western Bluebird,Sialia mexicana,L77324997,"401 S Leroux St, Flagstaff US-AZ 35.19302, -111.65169",2026-09-19 08:09:00,10.0,35.193018,-111.651694,True,False,True,S394258923,2026-09-19 08:09,2026-09-19,2026,9,262,8.0,9.0,True,Fall,True,True,,False,False,False,False,KEEP,Valid eBird observation
AZ,ameavo,American Avocet,Recurvirostra americana,L266875,Willcox--Lake Cochise and Twin Lakes Golf Course,2026-09-19 08:09:00,16.0,32.2298515,-109.8243175,True,False,False,S394257522,2026-09-19 08:09,2026-09-19,2026,9,262,8.0,9.0,True,Fall,True,True,,False,False,False,False,KEEP,Valid eBird observation
AZ,scaqua,Scaled Quail,Callipepla squamata,L266875,Willcox--Lake Cochise and Twin Lakes Golf Course,2026-09-19 08:09:00,8.0,32.2298515,-109.8243175,True,False,False,S394257522,2026-09-19 08:09,2026-09-19,2026,9,262,8.0,9.0,True,Fall,True,True,,False,False,False,False,KEEP,Valid eBird observation
AZ,wilpha,Wilson's Phalarope,Phalaropus tricolor,L266875,Willcox--Lake Cochise and Twin Lakes Golf Course,2026-09-19 08:09:00,14.0,32.2298515,-109.8243175,True,False,False,S394257522,2026-09-19 08:09,2026-09-19,2026,9,262,8.0,9.0,True,Fall,True,True,,False,False,False,False,KEEP,Valid eBird observation
AZ,amecro,American Crow,Corvus brachyrhynchos,L77324997,"401 S Leroux St, Flagstaff US-AZ 35.19302, -111.65169",2026-09-19 08:09:00,1.0,35.193018,-111.651694,True,False,True,S394258923,2026-09-19 08:09,2026-09-19,2026,9,262,8.0,9.0,True,Fall,True,True,,False,False,False,False,KEEP,Valid eBird observation
AZ,leasan,Least Sandpiper,Calidris minutilla,L266875,Willcox--Lake Cochise and Twin Lakes Golf Course,2026-09-19 08:09:00,16.0,32.2298515,-109.8243175,True,False,False,S394257522,2026-09-19 08:09,2026-09-19,2026,9,262,8.0,9.0,True,Fall,True,True,,False,False,False,False,KEEP,Valid eBird observation
AZ,sumtan,Summer Tanager,Piranga rubra,L29206850,"1825 Monroe Lane, Camp Verde, Arizona, US (34.543, -111.868)",2026-09-19 08:07:00,1.0,34.5433098,-111.8684359,True,False,True,S394258378,2026-09-19 08:07,2026-09-19,2026,9,262,8.0,7.0,True,Fall,True,True,,False,False,False,False,KEEP,Valid eBird observation
AZ,britit,Bridled Titmouse,Baeolophus wollweberi,L29206850,"1825 Monroe Lane, Camp Verde, Arizona, US (34.543, -111.868)",2026-09-19 08:07:00,1.0,34.5433098,-111.8684359,True,False,True,S394258378,2026-09-19 08:07,2026-09-19,2026,9,262,8.0,7.0,True,Fall,True,True,,False,False,False,False,KEEP,Valid eBird observation
AZ,yerwar,Yellow-rumped Warbler,Setophaga coronata,L29206850,"1825 Monroe Lane, Camp Verde, Arizona, US (34.543, -111.868)",2026-09-19 08:07:00,2.0,34.5433098,-111.8684359,True,False,True,S394258378,2026-09-19 08:07,2026-09-19,2026,9,262,8.0,7.0,True,Fall,True,True,,False,False,False,False,KEEP,Valid eBird observation
AZ,amewig,American Wigeon,Mareca americana,L29206850,"1825 Monroe Lane, Camp Verde, Arizona, US (34.543, -111.868)",2026-09-19 08:07:00,1.0,34.5433098,-111.8684359,True,False,True,S394258378,2026-09-19 08:07,2026-09-19,2026,9,262,8.0,7.0,True,Fall,True,True,,False,False,False,False,KEEP,Valid eBird observation
AZ,merlin,Merlin,Falco columbarius,L715412,Higley and Ocotillo Rds. ponds,2026-09-19 08:01:00,1.0,33.2533311,-111.7181683,True,False,False,S394279600,2026-09-19 08:01,2026-09-19,2026,9,262,8.0,1.0,True,Fall,True,True,,False,False,False,False,KEEP,Valid eBird observation
AZ,bnhcow,Brown-headed Cowbird,Molothrus ater,L2883481,The Ice House,2026-09-19 08:00:00,4.0,31.4920438,-110.9900558,True,False,True,S394261122,2026-09-19 08:00,2026-09-19,2026,9,262,8.0,0.0,True,Fall,True,True,,False,False,False,False,KEEP,Valid eBird observation
AZ,blkvul,Black Vulture,Coragyps atratus,L2883481,The Ice House,2026-09-19 08:00:00,1.0,31.4920438,-110.9900558,True,False,True,S394261122,2026-09-19 08:00,2026-09-19,2026,9,262,8.0,0.0,True,Fall,True,True,,False,False,False,False,KEEP,Valid eBird observation
AZ,gryhaw2,Gray Hawk,Buteo plagiatus,L2883481,The Ice House,2026-09-19 08:00:00,1.0,31.4920438,-110.9900558,True,False,True,S394261122,2026-09-19 08:00,2026-09-19,2026,9,262,8.0,0.0,True,Fall,True,True,,False,False,False,False,KEEP,Valid eBird observation
AZ,daejun,Dark-eyed Junco,Junco hyemalis,L12526939,"Coconino National Forest, Flagstaff US-AZ (35.2385,-111.6737)",2026-09-19 07:58:00,1.0,35.238461,-111.673694,True,False,True,S394256860,2026-09-19 07:58,2026-09-19,2026,9,262,7.0,58.0,True,Fall,True,True,,False,False,False,False,KEEP,Valid eBird observation
AZ,gnwtea,Green-winged Teal,Anas crecca,L715412,Higley and Ocotillo Rds. ponds,2026-09-19 07:56:00,1.0,33.2533311,-111.7181683,True,False,False,S394274426,2026-09-19 07:56,2026-09-19,2026,9,262,7.0,56.0,True,Fall,True,True,,False,False,False,False,KEEP,Valid eBird observation
AZ,orcwar,Orange-crowned Warbler,Leiothlypis celata,L715412,Higley and Ocotillo Rds. ponds,2026-09-19 07:56:00,2.0,33.2533311,-111.7181683,True,False,False,S394274426,2026-09-19 07:56,2026-09-19,2026,9,262,7.0,56.0,True,Fall,True,True,,False,False,False,False,KEEP,Valid eBird observation
AZ,purmar,Purple Martin,Progne subis,L281846,The Lakes at Castle Rock,2026-09-19 07:54:00,3.0,32.2491071,-110.7933046,True,False,False,S394269511,2026-09-19 07:54,2026-09-19,2026,9,262,7.0,54.0,True,Fall,True,True,,False,False,False,False,KEEP,Valid eBird observation
AZ,mexjay4,Mexican Jay,Aphelocoma wollweberi,L77402911,"3189 Jan Trail, Pine, Arizona, US (34.376, -111.465)",2026-09-19 07:52:00,,34.3755909,-111.4645244,True,False,True,S394258653,2026-09-19 07:52,2026-09-19,2026,9,262,7.0,52.0,True,Fall,True,True,,True,False,False,True,KEEP,Retained with documented metadata limitation
AZ,benthr,Bendire's Thrasher,Toxostoma bendirei,L2065747,Prospector Park,2026-09-19 07:47:00,3.0,33.4421314,-111.5432936,True,False,False,S394253153,2026-09-19 07:47,2026-09-19,2026,9,262,7.0,47.0,True,Fall,True,True,,False,False,False,False,KEEP,Valid eBird observation
AZ,pyrrhu,Pyrrhuloxia,Cardinalis sinuatus,L998968,Case Natural Resource Park,2026-09-19 07:45:00,1.0,32.2138359,-110.7807577,True,False,False,S394274300,2026-09-19 07:45,2026-09-19,2026,9,262,7.0,45.0,True,Fall,True,True,,False,False,False,False,KEEP,Valid eBird observation
AZ,buggna,Blue-gray Gnatcatcher,Polioptila caerulea,L4540147,Adobe Dam Regional Park,2026-09-19 07:44:00,2.0,33.688246,-112.1521497,True,False,False,S394274450,2026-09-19 07:44,2026-09-19,2026,9,262,7.0,44.0,True,Fall,True,True,,False,False,False,False,KEEP,Valid eBird observation
AZ,gnttow,Green-tailed Towhee,Pipilo chlorurus,L4540147,Adobe Dam Regional Park,2026-09-19 07:44:00,5.0,33.688246,-112.1521497,True,False,False,S394274450,2026-09-19 07:44,2026-09-19,2026,9,262,7.0,44.0,True,Fall,True,True,,False,False,False,False,KEEP,Valid eBird observation
AZ,chispa,Chipping Sparrow,Spizella passerina,L4540147,Adobe Dam Regional Park,2026-09-19 07:44:00,1.0,33.688246,-112.1521497,True,False,False,S394274450,2026-09-19 07:44,2026-09-19,2026,9,262,7.0,44.0,True,Fall,True,True,,False,False,False,False,KEEP,Valid eBird observation
AZ,nrwswa,Northern Rough-winged Swallow,Stelgidopteryx serripennis,L4540147,Adobe Dam Regional Park,2026-09-19 07:44:00,1.0,33.688246,-112.1521497,True,False,False,S394274450,2026-09-19 07:44,2026-09-19,2026,9,262,7.0,44.0,True,Fall,True,True,,False,False,False,False,KEEP,Valid eBird observation
AZ,gilfli,Gilded Flicker,Colaptes chrysoides,L4540147,Adobe Dam Regional Park,2026-09-19 07:44:00,2.0,33.688246,-112.1521497,True,False,False,S394274450,2026-09-19 07:44,2026-09-19,2026,9,262,7.0,44.0,True,Fall,True,True,,False,False,False,False,KEEP,Valid eBird observation
AZ,mexduc,Mexican Duck,Anas diazi,L128977,"Green Valley WRF (park outside fence, walk in only)",2026-09-19 07:42:00,,31.899334,-110.9695026,True,False,False,S394259125,2026-09-19 07:42,2026-09-19,2026,9,262,7.0,42.0,True,Fall,True,True,,True,False,False,True,KEEP,Retained with documented metadata limitation
AZ,renpha,Red-necked Phalarope,Phalaropus lobatus,L128977,"Green Valley WRF (park outside fence, walk in only)",2026-09-19 07:42:00,2.0,31.899334,-110.9695026,True,False,False,S394259125,2026-09-19 07:42,2026-09-19,2026,9,262,7.0,42.0,True,Fall,True,True,,False,False,False,False,KEEP,Valid eBird observation
AZ,gadwal,Gadwall,Mareca strepera,L128977,"Green Valley WRF (park outside fence, walk in only)",2026-09-19 07:42:00,4.0,31.899334,-110.9695026,True,False,False,S394259125,2026-09-19 07:42,2026-09-19,2026,9,262,7.0,42.0,True,Fall,True,True,,False,False,False,False,KEEP,Valid eBird observation
AZ,cogdov,Common Ground Dove,Columbina passerina,L213926,Yuma West Wetlands,2026-09-19 07:42:00,3.0,32.7306138,-114.6386325,True,False,False,S394271157,2026-09-19 07:42,2026-09-19,2026,9,262,7.0,42.0,True,Fall,True,True,,False,False,False,False,KEEP,Valid eBird observation
AZ,sposan,Spotted Sandpiper,Actitis macularius,L128977,"Green Valley WRF (park outside fence, walk in only)",2026-09-19 07:42:00,3.0,31.899334,-110.9695026,True,False,False,S394259125,2026-09-19 07:42,2026-09-19,2026,9,262,7.0,42.0,True,Fall,True,True,,False,False,False,False,KEEP,Valid eBird observation
AZ,norsho,Northern Shoveler,Spatula clypeata,L128977,"Green Valley WRF (park outside fence, walk in only)",2026-09-19 07:42:00,60.0,31.899334,-110.9695026,True,False,False,S394259125,2026-09-19 07:42,2026-09-19,2026,9,262,7.0,42.0,True,Fall,True,True,,False,False,False,False,KEEP,Valid eBird observation
AZ,casvir,Cassin's Vireo,Vireo cassinii,L213926,Yuma West Wetlands,2026-09-19 07:42:00,1.0,32.7306138,-114.6386325,True,False,False,S394271157,2026-09-19 07:42,2026-09-19,2026,9,262,7.0,42.0,True,Fall,True,True,,False,False,False,False,KEEP,Valid eBird observation
AZ,rudduc,Ruddy Duck,Oxyura jamaicensis,L128977,"Green Valley WRF (park outside fence, walk in only)",2026-09-19 07:42:00,6.0,31.899334,-110.9695026,True,False,False,S394259125,2026-09-19 07:42,2026-09-19,2026,9,262,7.0,42.0,True,Fall,True,True,,False,False,False,False,KEEP,Valid eBird observation
AZ,baisan,Baird's Sandpiper,Calidris bairdii,L128977,"Green Valley WRF (park outside fence, walk in only)",2026-09-19 07:42:00,2.0,31.899334,-110.9695026,True,False,False,S394259125,2026-09-19 07:42,2026-09-19,2026,9,262,7.0,42.0,True,Fall,True,True,,False,False,False,False,KEEP,Valid eBird observation
AZ,wessan,Western Sandpiper,Calidris mauri,L128977,"Green Valley WRF (park outside fence, walk in only)",2026-09-19 07:42:00,3.0,31.899334,-110.9695026,True,False,False,S394259125,2026-09-19 07:42,2026-09-19,2026,9,262,7.0,42.0,True,Fall,True,True,,False,False,False,False,KEEP,Valid eBird observation
AZ,bktspa,Black-throated Sparrow,Amphispiza bilineata,L6940604,Dusty V Acres,2026-09-19 07:35:00,4.0,35.1816178,-113.812197,True,False,True,S394275140,2026-09-19 07:35,2026-09-19,2026,9,262,7.0,35.0,True,Fall,True,True,,False,False,False,False,KEEP,Valid eBird observation
AZ,lucwar,Lucy's Warbler,Leiothlypis luciae,L44833671,Bosque Creek Preserve,2026-09-19 07:35:00,2.0,32.2665019,-110.8802003,True,False,True,S394280526,2026-09-19 07:35,2026-09-19,2026,9,262,7.0,35.0,True,Fall,True,True,,False,False,False,False,KEEP,Valid eBird observation
AZ,brncre,Brown Creeper,Certhia americana,L5950653,Mingus Mountain--Day Use Area and Campground,2026-09-19 07:35:00,1.0,34.6957996,-112.1211487,True,False,False,S394262075,2026-09-19 07:35,2026-09-19,2026,9,262,7.0,35.0,True,Fall,True,True,,False,False,False,False,KEEP,Valid eBird observation
AZ,hrshaw,Harris's Hawk,Parabuteo unicinctus,L55538729,"16912 S La Cañada Dr, Sahuarita US-AZ 31.94296, -110.99520",2026-09-19 07:29:00,1.0,31.94296,-110.995197,True,False,True,S394234638,2026-09-19 07:29,2026-09-19,2026,9,262,7.0,29.0,True,Fall,True,True,,False,False,False,False,KEEP,Valid eBird observation
AZ,dowwoo,Downy Woodpecker,Dryobates pubescens,L563353,Walnut Canyon Lakes,2026-09-19 07:22:00,1.0,35.2032507,-111.5705988,True,False,False,S394279419,2026-09-19 07:22,2026-09-19,2026,9,262,7.0,22.0,True,Fall,True,True,,False,False,False,False,KEEP,Valid eBird observation
AZ,pibgre,Pied-billed Grebe,Podilymbus podiceps,L563353,Walnut Canyon Lakes,2026-09-19 07:22:00,1.0,35.2032507,-111.5705988,True,False,False,S394279419,2026-09-19 07:22,2026-09-19,2026,9,262,7.0,22.0,True,Fall,True,True,,False,False,False,False,KEEP,Valid eBird observation
AZ,casfin,Cassin's Finch,Haemorhous cassinii,L563353,Walnut Canyon Lakes,2026-09-19 07:22:00,3.0,35.2032507,-111.5705988,True,False,False,S394279419,2026-09-19 07:22,2026-09-19,2026,9,262,7.0,22.0,True,Fall,True,True,,False,False,False,False,KEEP,Valid eBird observation
AZ,btywar,Black-throated Gray Warbler,Setophaga nigrescens,L563353,Walnut Canyon Lakes,2026-09-19 07:22:00,1.0,35.2032507,-111.5705988,True,False,False,S394279419,2026-09-19 07:22,2026-09-19,2026,9,262,7.0,22.0,True,Fall,True,True,,False,False,False,False,KEEP,Valid eBird observation
AZ,neocor,Neotropic Cormorant,Nannopterum brasilianum,L563353,Walnut Canyon Lakes,2026-09-19 07:22:00,2.0,35.2032507,-111.5705988,True,False,False,S394279419,2026-09-19 07:22,2026-09-19,2026,9,262,7.0,22.0,True,Fall,True,True,,False,False,False,False,KEEP,Valid eBird observation
AZ,lobdow,Long-billed Dowitcher,Limnodromus scolopaceus,L710850,Glendale Recharge Ponds,2026-09-19 07:20:00,5.0,33.5242237,-112.286582,True,False,False,S394261558,2026-09-19 07:20,2026-09-19,2026,9,262,7.0,20.0,True,Fall,True,True,,False,False,False,False,KEEP,Valid eBird observation
AZ,horlar,Horned Lark,Eremophila alpestris,L710850,Glendale Recharge Ponds,2026-09-19 07:20:00,10.0,33.5242237,-112.286582,True,False,False,S394261558,2026-09-19 07:20,2026-09-19,2026,9,262,7.0,20.0,True,Fall,True,True,,False,False,False,False,KEEP,Valid eBird observation
AZ,comgal1,Common Gallinule,Gallinula galeata,L300609,Salt River--Granite Reef Recreation Area,2026-09-19 07:18:00,1.0,33.5145045,-111.6815139,True,False,False,S394275352,2026-09-19 07:18,2026-09-19,2026,9,262,7.0,18.0,True,Fall,True,True,,False,False,False,False,KEEP,Valid eBird observation
AZ,marwre,Marsh Wren,Cistothorus palustris,L300609,Salt River--Granite Reef Recreation Area,2026-09-19 07:18:00,1.0,33.5145045,-111.6815139,True,False,False,S394275352,2026-09-19 07:18,2026-09-19,2026,9,262,7.0,18.0,True,Fall,True,True,,False,False,False,False,KEEP,Valid eBird observation
AZ,scoori,Scott's Oriole,Icterus parisorum,L5238840,E Mountain View Road (private residence),2026-09-19 07:15:00,1.0,31.3853692,-110.2273214,True,False,True,S394286770,2026-09-19 07:15,2026-09-19,2026,9,262,7.0,15.0,True,Fall,True,True,,False,False,False,False,KEEP,Valid eBird observation
AZ,ariwoo,Arizona Woodpecker,Leuconotopicus arizonae,L372691,Madera Canyon--Chuparosa Inn,2026-09-19 07:15:00,1.0,31.7147792,-110.876298,True,False,False,S394260857,2026-09-19 07:15,2026-09-19,2026,9,262,7.0,15.0,True,Fall,True,True,,False,False,False,False,KEEP,Valid eBird observation
AZ,maghum1,Rivoli's Hummingbird,Eugenes fulgens,L372691,Madera Canyon--Chuparosa Inn,2026-09-19 07:15:00,3.0,31.7147792,-110.876298,True,False,False,S394260857,2026-09-19 07:15,2026-09-19,2026,9,262,7.0,15.0,True,Fall,True,True,,False,False,False,False,KEEP,Valid eBird observation
AZ,paired,Painted Redstart,Myioborus pictus,L372691,Madera Canyon--Chuparosa Inn,2026-09-19 07:15:00,2.0,31.7147792,-110.876298,True,False,False,S394260857,2026-09-19 07:15,2026-09-19,2026,9,262,7.0,15.0,True,Fall,True,True,,False,False,False,False,KEEP,Valid eBird observation
AZ,cedwax,Cedar Waxwing,Bombycilla cedrorum,L721572,Base and Meridian WA,2026-09-19 07:14:00,1.0,33.3791718,-112.3074389,True,False,False,S394264729,2026-09-19 07:14,2026-09-19,2026,9,262,7.0,14.0,True,Fall,True,True,,False,False,False,False,KEEP,Valid eBird observation
AZ,sora,Sora,Porzana carolina,L208918,Sweetwater Wetlands,2026-09-19 07:10:00,1.0,32.2790144,-111.0216061,True,False,False,S394266456,2026-09-19 07:10,2026-09-19,2026,9,262,7.0,10.0,True,Fall,True,True,,False,False,False,False,KEEP,Valid eBird observation
AZ,banswa,Bank Swallow,Riparia riparia,L128977,"Green Valley WRF (park outside fence, walk in only)",2026-09-19 07:10:00,1.0,31.899334,-110.9695026,True,False,False,S394251473,2026-09-19 07:10,2026-09-19,2026,9,262,7.0,10.0,True,Fall,True,True,,False,False,False,False,KEEP,Valid eBird observation
AZ,shshaw,Sharp-shinned Hawk,Accipiter striatus,L12526939,"Coconino National Forest, Flagstaff US-AZ (35.2385,-111.6737)",2026-09-19 07:10:00,1.0,35.238461,-111.673694,True,False,True,S394243039,2026-09-19 07:10,2026-09-19,2026,9,262,7.0,10.0,True,Fall,True,True,,False,False,False,False,KEEP,Valid eBird observation
AZ,batpig1,Band-tailed Pigeon,Patagioenas fasciata,L12526939,"Coconino National Forest, Flagstaff US-AZ (35.2385,-111.6737)",2026-09-19 07:10:00,25.0,35.238461,-111.673694,True,False,True,S394243039,2026-09-19 07:10,2026-09-19,2026,9,262,7.0,10.0,True,Fall,True,True,,False,False,False,False,KEEP,Valid eBird observation
AZ,wooduc,Wood Duck,Aix sponsa,L208918,Sweetwater Wetlands,2026-09-19 07:10:00,1.0,32.2790144,-111.0216061,True,False,False,S394266456,2026-09-19 07:10,2026-09-19,2026,9,262,7.0,10.0,True,Fall,True,True,,False,False,False,False,KEEP,Valid eBird observation
AZ,brocow,Bronzed Cowbird,Molothrus aeneus,L16956971,Ajo Plaza,2026-09-19 07:09:00,1.0,32.3731395,-112.8622118,True,False,False,S394234849,2026-09-19 07:09,2026-09-19,2026,9,262,7.0,9.0,True,Fall,True,True,,False,False,False,False,KEEP,Valid eBird observation
AZ,burowl,Burrowing Owl,Athene cunicularia,L387263,Scottsdale Community College,2026-09-19 07:04:00,1.0,33.5120588,-111.8850231,True,False,False,S394232138,2026-09-19 07:04,2026-09-19,2026,9,262,7.0,4.0,True,Fall,True,True,,False,False,False,False,KEEP,Valid eBird observation
AZ,zothaw,Zone-tailed Hawk,Buteo albonotatus,L813473,Battiste's Bird Garden,2026-09-19 07:01:00,1.0,31.4204234,-110.2475023,True,False,False,S394283955,2026-09-19 07:01,2026-09-19,2026,9,262,7.0,1.0,True,Fall,True,True,,False,False,False,False,KEEP,Valid eBird observation
AZ,calhum,Calliope Hummingbird,Selasphorus calliope,L813473,Battiste's Bird Garden,2026-09-19 07:01:00,1.0,31.4204234,-110.2475023,True,False,False,S394283955,2026-09-19 07:01,2026-09-19,2026,9,262,7.0,1.0,True,Fall,True,True,,False,False,False,False,KEEP,Valid eBird observation
AZ,plsvir,Plumbeous Vireo,Vireo plumbeus,L270303,Watson Lake and Riparian Preserve,2026-09-19 07:00:00,,34.5822319,-112.4259328,True,False,False,S394286475,2026-09-19 07:00,2026-09-19,2026,9,262,7.0,0.0,True,Fall,True,True,,True,False,False,True,KEEP,Retained with documented metadata limitation
AZ,semplo,Semipalmated Plover,Charadrius semipalmatus,L270303,Watson Lake and Riparian Preserve,2026-09-19 07:00:00,,34.5822319,-112.4259328,True,False,False,S394286475,2026-09-19 07:00,2026-09-19,2026,9,262,7.0,0.0,True,Fall,True,True,,True,False,False,True,KEEP,Retained with documented metadata limitation
AZ,buwtea,Blue-winged Teal,Spatula discors,L264663,Kachina Wetlands,2026-09-19 07:00:00,2.0,35.1096843,-111.6895866,True,False,False,S394288510,2026-09-19 07:00,2026-09-19,2026,9,262,7.0,0.0,True,Fall,True,True,,False,False,False,False,KEEP,Valid eBird observation
AZ,eargre,Eared Grebe,Podiceps nigricollis,L270303,Watson Lake and Riparian Preserve,2026-09-19 07:00:00,,34.5822319,-112.4259328,True,False,False,S394286475,2026-09-19 07:00,2026-09-19,2026,9,262,7.0,0.0,True,Fall,True,True,,True,False,False,True,KEEP,Retained with documented metadata limitation
AZ,redcro,Red Crossbill,Loxia curvirostra,L264663,Kachina Wetlands,2026-09-19 07:00:00,1.0,35.1096843,-111.6895866,True,False,False,S394288510,2026-09-19 07:00,2026-09-19,2026,9,262,7.0,0.0,True,Fall,True,True,,False,False,False,False,KEEP,Valid eBird observation
AZ,wilsni1,Wilson's Snipe,Gallinago delicata,L270303,Watson Lake and Riparian Preserve,2026-09-19 07:00:00,,34.5822319,-112.4259328,True,False,False,S394286475,2026-09-19 07:00,2026-09-19,2026,9,262,7.0,0.0,True,Fall,True,True,,True,False,False,True,KEEP,Retained with documented metadata limitation
AZ,redhea,Redhead,Aythya americana,L270303,Watson Lake and Riparian Preserve,2026-09-19 07:00:00,,34.5822319,-112.4259328,True,False,False,S394286475,2026-09-19 07:00,2026-09-19,2026,9,262,7.0,0.0,True,Fall,True,True,,True,False,False,True,KEEP,Retained with documented metadata limitation
AZ,herwar,Hermit Warbler,Setophaga occidentalis,L264663,Kachina Wetlands,2026-09-19 07:00:00,1.0,35.1096843,-111.6895866,True,False,False,S394288510,2026-09-19 07:00,2026-09-19,2026,9,262,7.0,0.0,True,Fall,True,True,,False,False,False,False,KEEP,Valid eBird observation
AZ,margod,Marbled Godwit,Limosa fedoa,L270303,Watson Lake and Riparian Preserve,2026-09-19 07:00:00,,34.5822319,-112.4259328,True,False,False,S394286475,2026-09-19 07:00,2026-09-19,2026,9,262,7.0,0.0,True,Fall,True,True,,True,False,False,True,KEEP,Retained with documented metadata limitation
AZ,doccor,Double-crested Cormorant,Nannopterum auritum,L270303,Watson Lake and Riparian Preserve,2026-09-19 07:00:00,,34.5822319,-112.4259328,True,False,False,S394286475,2026-09-19 07:00,2026-09-19,2026,9,262,7.0,0.0,True,Fall,True,True,,True,False,False,True,KEEP,Retained with documented metadata limitation
AZ,ducfly,Dusky-capped Flycatcher,Myiarchus tuberculifer,L11979460,Tubac Community Center and Nature Center,2026-09-19 06:57:00,1.0,31.618617,-111.0426737,True,False,False,S394269329,2026-09-19 06:57,2026-09-19,2026,9,262,6.0,57.0,True,Fall,True,True,,False,False,False,False,KEEP,Valid eBird observation
AZ,yebcha,Yellow-breasted Chat,Icteria virens,L11979460,Tubac Community Center and Nature Center,2026-09-19 06:57:00,1.0,31.618617,-111.0426737,True,False,False,S394269329,2026-09-19 06:57,2026-09-19,2026,9,262,6.0,57.0,True,Fall,True,True,,False,False,False,False,KEEP,Valid eBird observation
AZ,hooori,Hooded Oriole,Icterus cucullatus,L1546530,Brown Canyon Ranch (opened 2011),2026-09-19 06:54:00,3.0,31.4740051,-110.2977887,True,False,False,S394261018,2026-09-19 06:54,2026-09-19,2026,9,262,6.0,54.0,True,Fall,True,True,,False,False,False,False,KEEP,Valid eBird observation
AZ,amepip,American Pipit,Anthus rubescens,L6180124,Mormon Lake Overlook,2026-09-19 06:47:00,1.0,34.962972,-111.4383173,True,False,False,S394223964,2026-09-19 06:47,2026-09-19,2026,9,262,6.0,47.0,True,Fall,True,True,,False,False,False,False,KEEP,Valid eBird observation
AZ,pirfly1,Piratic Flycatcher,Legatus leucophaius,L721572,Base and Meridian WA,2026-09-19 06:46:00,1.0,33.3791718,-112.3074389,True,True,False,S394223872,2026-09-19 06:46,2026-09-19,2026,9,262,6.0,46.0,True,Fall,True,True,,False,False,False,False,KEEP,Valid eBird observation
AZ,perfal,Peregrine Falcon,Falco peregrinus,L208918,Sweetwater Wetlands,2026-09-19 06:42:00,1.0,32.2790144,-111.0216061,True,False,False,S394259427,2026-09-19 06:42,2026-09-19,2026,9,262,6.0,42.0,True,Fall,True,True,,False,False,False,False,KEEP,Valid eBird observation
AZ,wesfly,Western Flycatcher,Empidonax difficilis,L129080,San Pedro RNCA--San Pedro House and trails,2026-09-19 06:40:00,1.0,31.5478992,-110.1408997,True,False,False,S394266173,2026-09-19 06:40,2026-09-19,2026,9,262,6.0,40.0,True,Fall,True,True,,False,False,False,False,KEEP,Valid eBird observation
AZ,casspa,Cassin's Sparrow,Peucaea cassinii,L129080,San Pedro RNCA--San Pedro House and trails,2026-09-19 06:40:00,1.0,31.5478992,-110.1408997,True,False,False,S394266173,2026-09-19 06:40,2026-09-19,2026,9,262,6.0,40.0,True,Fall,True,True,,False,False,False,False,KEEP,Valid eBird observation
AZ,linspa,Lincoln's Sparrow,Melospiza lincolnii,L129080,San Pedro RNCA--San Pedro House and trails,2026-09-19 06:40:00,1.0,31.5478992,-110.1408997,True,False,False,S394266173,2026-09-19 06:40,2026-09-19,2026,9,262,6.0,40.0,True,Fall,True,True,,False,False,False,False,KEEP,Valid eBird observation
AZ,treswa,Tree Swallow,Tachycineta bicolor,L40080032,Formative ct home,2026-09-19 06:35:00,4.0,32.257085,-110.732807,True,False,True,S394242646,2026-09-19 06:35,2026-09-19,2026,9,262,6.0,35.0,True,Fall,True,True,,False,False,False,False,KEEP,Valid eBird observation
AZ,grhowl,Great Horned Owl,Bubo virginianus,L40080032,Formative ct home,2026-09-19 06:35:00,2.0,32.257085,-110.732807,True,False,True,S394242646,2026-09-19 06:35,2026-09-19,2026,9,262,6.0,35.0,True,Fall,True,True,,False,False,False,False,KEEP,Valid eBird observation
AZ,lesnig,Lesser Nighthawk,Chordeiles acutipennis,L77403024,"Karen Moriah's, 14065 South Chino Place, Tucson, Arizona, US (31.993, -111.311)",2026-09-19 06:31:00,,31.9931776,-111.3108715,True,False,True,S394259582,2026-09-19 06:31,2026-09-19,2026,9,262,6.0,31.0,True,Fall,True,True,,True,False,False,True,KEEP,Retained with documented metadata limitation
AZ,gwfgoo,Greater White-fronted Goose,Anser albifrons,L2438871,Sahuarita--North Santa Cruz Park,2026-09-19 06:30:00,1.0,31.9873804,-110.9630556,True,False,False,S394233418,2026-09-19 06:30,2026-09-19,2026,9,262,6.0,30.0,True,Fall,True,True,,False,False,False,False,KEEP,Valid eBird observation
AZ,rucspa,Rufous-crowned Sparrow,Aimophila ruficeps,L765457,Las Cienegas NCA--South Entrance (Santa Cruz Co.; 2.1 mi to county line from AZ82),2026-09-19 06:23:00,1.0,31.7141517,-110.5902417,True,False,False,S394243750,2026-09-19 06:23,2026-09-19,2026,9,262,6.0,23.0,True,Fall,True,True,,False,False,False,False,KEEP,Valid eBird observation
AZ,baleag,Bald Eagle,Haliaeetus leucocephalus,L7798471,Odell Lake (private),2026-09-19 06:21:00,1.0,34.9369804,-111.6314024,True,False,False,S394226512,2026-09-19 06:21,2026-09-19,2026,9,262,6.0,21.0,True,Fall,True,True,,False,False,False,False,KEEP,Valid eBird observation
AZ,gryfly,Gray Flycatcher,Empidonax wrightii,L21102052,SGC Study Area (Restricted Access),2026-09-19 06:07:00,1.0,32.1301405,-111.0862931,True,False,True,S394291189,2026-09-19 06:07,2026-09-19,2026,9,262,6.0,7.0,True,Fall,True,True,,False,False,False,False,KEEP,Valid eBird observation
AZ,brnowl,American Barn Owl,Tyto furcata,L715412,Higley and Ocotillo Rds. ponds,2026-09-19 06:06:00,1.0,33.2533311,-111.7181683,True,False,False,S394258470,2026-09-19 06:06,2026-09-19,2026,9,262,6.0,6.0,True,Fall,True,True,,False,False,False,False,KEEP,Valid eBird observation
AZ,wilfly,Willow Flycatcher,Empidonax traillii,L208918,Sweetwater Wetlands,2026-09-19 06:00:00,1.0,32.2790144,-111.0216061,True,False,False,S394236689,2026-09-19 06:00,2026-09-19,2026,9,262,6.0,0.0,True,Fall,True,True,,False,False,False,False,KEEP,Valid eBird observation
AZ,heptan,Hepatic Tanager,Piranga flava,L3021004,Duncan Birding Trail,2026-09-19 05:59:00,1.0,32.7226257,-109.102073,True,False,False,S394275371,2026-09-19 05:59,2026-09-19,2026,9,262,5.0,59.0,True,Fall,True,True,,False,False,False,False,KEEP,Valid eBird observation
AZ,nopowl,Northern Pygmy-Owl,Glaucidium gnoma,L22187274,Verde Valley School,2026-09-19 05:58:00,1.0,34.804655,-111.805741,True,False,True,S394254027,2026-09-19 05:58,2026-09-19,2026,9,262,5.0,58.0,True,Fall,True,True,,False,False,False,False,KEEP,Valid eBird observation
AZ,norhar2,Northern Harrier,Circus hudsonius,L77373169,"6437 South Avondale Boulevard, Tolleson, Arizona, US (33.386, -112.305)",2026-09-19 05:53:00,1.0,33.3864496,-112.3047808,True,False,True,S394245390,2026-09-19 05:53,2026-09-19,2026,9,262,5.0,53.0,True,Fall,True,True,,False,False,False,False,KEEP,Valid eBird observation
AZ,prafal,Prairie Falcon,Falco mexicanus,L350281,El Rio Preserve,2026-09-19 05:43:00,1.0,32.392141,-111.1384898,True,False,False,S394275151,2026-09-19 05:43,2026-09-19,2026,9,262,5.0,43.0,True,Fall,True,True,,False,False,False,False,KEEP,Valid eBird observation
AZ,compoo,Common Poorwill,Phalaenoptilus nuttallii,L4490836,Placita De Suerte area,2026-09-19 05:40:00,1.0,32.2463227,-111.0678104,True,False,True,S394260266,2026-09-19 05:40,2026-09-19,2026,9,262,5.0,40.0,True,Fall,True,True,,False,False,False,False,KEEP,Valid eBird observation
AZ,lesyel,Lesser Yellowlegs,Tringa flavipes,L270303,Watson Lake and Riparian Preserve,2026-09-19 05:25:00,,34.5822319,-112.4259328,True,False,False,S394229021,2026-09-19 05:25,2026-09-19,2026,9,262,5.0,25.0,True,Fall,True,True,,True,False,False,True,KEEP,Retained with documented metadata limitation
AZ,sancra,Sandhill Crane,Antigone canadensis,L9364909,"333 West Florida Street, Holbrook, Arizona, US (34.907, -110.164)",2026-09-18 20:01:00,8.0,34.9067916,-110.1635061,True,False,True,S394085788,2026-09-18 20:01,2026-09-18,2026,9,261,20.0,1.0,True,Fall,True,True,,False,False,False,False,KEEP,Valid eBird observation
AZ,wesgre,Western Grebe,Aechmophorus occidentalis,L9364909,"333 West Florida Street, Holbrook, Arizona, US (34.907, -110.164)",2026-09-18 20:01:00,3.0,34.9067916,-110.1635061,True,False,True,S394085788,2026-09-18 20:01,2026-09-18,2026,9,261,20.0,1.0,True,Fall,True,True,,False,False,False,False,KEEP,Valid eBird observation
AZ,wiltur,Wild Turkey,Meleagris gallopavo,L9364909,"333 West Florida Street, Holbrook, Arizona, US (34.907, -110.164)",2026-09-18 20:01:00,6.0,34.9067916,-110.1635061,True,False,True,S394085788,2026-09-18 20:01,2026-09-18,2026,9,261,20.0,1.0,True,Fall,True,True,,False,False,False,False,KEEP,Valid eBird observation
AZ,bkcspa,Black-chinned Sparrow,Spizella atrogularis,L9364909,"333 West Florida Street, Holbrook, Arizona, US (34.907, -110.164)",2026-09-18 20:01:00,1.0,34.9067916,-110.1635061,True,False,True,S394085788,2026-09-18 20:01,2026-09-18,2026,9,261,20.0,1.0,True,Fall,True,True,,False,False,False,False,KEEP,Valid eBird observation
AZ,moublu,Mountain Bluebird,Sialia currucoides,L264669,Ashurst Lake,2026-09-18 19:27:00,3.0,35.0206708,-111.4031728,True,False,False,S394081090,2026-09-18 19:27,2026-09-18,2026,9,261,19.0,27.0,True,Fall,True,True,,False,False,False,False,KEEP,Valid eBird observation
AZ,souwpw1,Mexican Whip-poor-will,Antrostomus arizonae,L296633,Madera Canyon--Mt. Wrightson Picnic Area & Upper Canyon Trails,2026-09-18 18:29:00,1.0,31.7124,-110.8744,True,False,False,S394087672,2026-09-18 18:29,2026-09-18,2026,9,261,18.0,29.0,True,Fall,True,True,,False,False,False,False,KEEP,Valid eBird observation
AZ,whsowl1,Whiskered Screech-Owl,Megascops trichopsis,L296633,Madera Canyon--Mt. Wrightson Picnic Area & Upper Canyon Trails,2026-09-18 18:29:00,1.0,31.7124,-110.8744,True,False,False,S394087672,2026-09-18 18:29,2026-09-18,2026,9,261,18.0,29.0,True,Fall,True,True,,False,False,False,False,KEEP,Valid eBird observation
AZ,pecsan,Pectoral Sandpiper,Calidris melanotos,L4117745,McGuireville Rest Area,2026-09-18 18:29:00,1.0,34.674066,-111.7729524,True,True,False,S394081226,2026-09-18 18:29,2026-09-18,2026,9,261,18.0,29.0,True,Fall,True,True,,False,False,False,False,KEEP,Valid eBird observation
AZ,leabit,Least Bittern,Botaurus exilis,L1871151,Tres Rios Overbank Wetlands (permit required),2026-09-18 18:14:00,5.0,33.389402,-112.2597653,True,False,False,S394077099,2026-09-18 18:14,2026-09-18,2026,9,261,18.0,14.0,True,Fall,True,True,,False,False,False,False,KEEP,Valid eBird observation
AZ,wilsap,Williamson's Sapsucker,Sphyrapicus thyroideus,L77394252,"42D Forest Road, San Simon, Arizona, US (31.913, -109.266)",2026-09-18 18:03:00,1.0,31.9131884,-109.2658866,True,False,True,S394208491,2026-09-18 18:03,2026-09-18,2026,9,261,18.0,3.0,True,Fall,True,True,,False,False,False,False,KEEP,Valid eBird observation
AZ,yeejun,Yellow-eyed Junco,Junco phaeonotus,L77394252,"42D Forest Road, San Simon, Arizona, US (31.913, -109.266)",2026-09-18 18:03:00,4.0,31.9131884,-109.2658866,True,False,True,S394208491,2026-09-18 18:03,2026-09-18,2026,9,261,18.0,3.0,True,Fall,True,True,,False,False,False,False,KEEP,Valid eBird observation
AZ,rosspo1,Roseate Spoonbill,Platalea ajaja,L300609,Salt River--Granite Reef Recreation Area,2026-09-18 17:45:00,1.0,33.5145045,-111.6815139,True,True,False,S394080130,2026-09-18 17:45,2026-09-18,2026,9,261,17.0,45.0,True,Fall,True,True,,False,False,False,False,KEEP,Valid eBird observation
AZ,comblh1,Common Black Hawk,Buteogallus anthracinus,L340562,Montezuma Castle NM,2026-09-18 17:25:00,1.0,34.6116667,-111.8391667,True,False,False,S394078972,2026-09-18 17:25,2026-09-18,2026,9,261,17.0,25.0,True,Fall,True,True,,False,False,False,False,KEEP,Valid eBird observation
AZ,bbwduc,Black-bellied Whistling-Duck,Dendrocygna autumnalis,L233071,Amado WTP,2026-09-18 17:25:00,11.0,31.7306042,-111.0544619,True,False,False,S394070672,2026-09-18 17:25,2026-09-18,2026,9,261,17.0,25.0,True,Fall,True,True,,False,False,False,False,KEEP,Valid eBird observation
AZ,varbun,Varied Bunting,Passerina versicolor,L6586810,Wes Miller Park (restricted access),2026-09-18 17:17:00,2.0,32.297844,-110.809817,True,False,True,S394075062,2026-09-18 17:17,2026-09-18,2026,9,261,17.0,17.0,True,Fall,True,True,,False,False,False,False,KEEP,Valid eBird observation
AZ,paibun,Painted Bunting,Passerina ciris,L6586810,Wes Miller Park (restricted access),2026-09-18 17:17:00,1.0,32.297844,-110.809817,True,True,True,S394075062,2026-09-18 17:17,2026-09-18,2026,9,261,17.0,17.0,True,Fall,True,True,,False,False,False,False,KEEP,Valid eBird observation
AZ,luchum,Lucifer Hummingbird,Calothorax lucifer,L41855736,Bryerly Dr at Andalusia Way,2026-09-18 16:57:00,1.0,31.3980168,-110.2331505,True,True,True,S394073738,2026-09-18 16:57,2026-09-18,2026,9,261,16.0,57.0,True,Fall,True,True,,False,False,False,False,KEEP,Valid eBird observation
AZ,rensap,Red-naped Sapsucker,Sphyrapicus nuchalis,L77030172,Southwestern Academy (Restricted Access),2026-09-18 16:35:00,1.0,34.6779439,-111.694062,True,False,True,S394210180,2026-09-18 16:35,2026-09-18,2026,9,261,16.0,35.0,True,Fall,True,True,,False,False,False,False,KEEP,Valid eBird observation
AZ,buthum,Blue-throated Mountain-gem,Lampornis clemenciae,L129102,Cave Creek Canyon--Southwestern Research Station,2026-09-18 16:20:00,1.0,31.8835432,-109.2058731,True,False,False,S394066251,2026-09-18 16:20,2026-09-18,2026,9,261,16.0,20.0,True,Fall,True,True,,False,False,False,False,KEEP,Valid eBird observation
AZ,stisan,Stilt Sandpiper,Calidris himantopus,L168765,Whitewater Draw Wildlife Area,2026-09-18 15:55:00,6.0,31.5614979,-109.7200191,True,False,False,S394092339,2026-09-18 15:55,2026-09-18,2026,9,261,15.0,55.0,True,Fall,True,True,,False,False,False,False,KEEP,Valid eBird observation
AZ,lilmea2,Chihuahuan Meadowlark,Sturnella lilianae,L168765,Whitewater Draw Wildlife Area,2026-09-18 15:55:00,2.0,31.5614979,-109.7200191,True,False,False,S394092339,2026-09-18 15:55,2026-09-18,2026,9,261,15.0,55.0,True,Fall,True,True,,False,False,False,False,KEEP,Valid eBird observation
AZ,willet1,Willet,Tringa semipalmata,L168765,Whitewater Draw Wildlife Area,2026-09-18 15:55:00,1.0,31.5614979,-109.7200191,True,False,False,S394092339,2026-09-18 15:55,2026-09-18,2026,9,261,15.0,55.0,True,Fall,True,True,,False,False,False,False,KEEP,Valid eBird observation
AZ,dickci,Dickcissel,Spiza americana,L721572,Base and Meridian WA,2026-09-18 15:49:00,1.0,33.3791718,-112.3074389,True,True,False,S394085378,2026-09-18 15:49,2026-09-18,2026,9,261,15.0,49.0,True,Fall,True,True,,False,False,False,False,KEEP,Valid eBird observation
AZ,swathr,Swainson's Thrush,Catharus ustulatus,L721572,Base and Meridian WA,2026-09-18 15:49:00,1.0,33.3791718,-112.3074389,True,True,False,S394085378,2026-09-18 15:49,2026-09-18,2026,9,261,15.0,49.0,True,Fall,True,True,,False,False,False,False,KEEP,Valid eBird observation
AZ,robgro,Rose-breasted Grosbeak,Pheucticus ludovicianus,L721572,Base and Meridian WA,2026-09-18 15:04:00,1.0,33.3791718,-112.3074389,True,True,False,S394069044,2026-09-18 15:04,2026-09-18,2026,9,261,15.0,4.0,True,Fall,True,True,,False,False,False,False,KEEP,Valid eBird observation
AZ,nobtyr,Northern Beardless-Tyrannulet,Camptostoma imberbe,L247122,Paton Center for Hummingbirds (Patons' Yard),2026-09-18 14:23:00,1.0,31.5390131,-110.7606337,True,False,False,S394072442,2026-09-18 14:23,2026-09-18,2026,9,261,14.0,23.0,True,Fall,True,True,,False,False,False,False,KEEP,Valid eBird observation
AZ,vichum,Violet-crowned Hummingbird,Ramosomyia violiceps,L247122,Paton Center for Hummingbirds (Patons' Yard),2026-09-18 14:23:00,4.0,31.5390131,-110.7606337,True,False,False,S394072442,2026-09-18 14:23,2026-09-18,2026,9,261,14.0,23.0,True,Fall,True,True,,False,False,False,False,KEEP,Valid eBird observation
AZ,wesowl1,Western Screech-Owl,Megascops kennicottii,L1997308,Clear Creek Campground,2026-09-18 14:06:00,1.0,34.5163433,-111.7680252,True,False,False,S394225291,2026-09-18 14:06,2026-09-18,2026,9,261,14.0,6.0,True,Fall,True,True,,False,False,False,False,KEEP,Valid eBird observation
AZ,categr1,Western Cattle-Egret,Ardea ibis,L721572,Base and Meridian WA,2026-09-18 14:00:00,12.0,33.3791718,-112.3074389,True,False,False,S394083576,2026-09-18 14:00,2026-09-18,2026,9,261,14.0,0.0,True,Fall,True,True,,False,False,False,False,KEEP,Valid eBird observation
AZ,naswar,Nashville Warbler,Leiothlypis ruficapilla,L128938,Catalina SP,2026-09-18 13:56:00,1.0,32.4244027,-110.9123905,True,False,False,S394088427,2026-09-18 13:56,2026-09-18,2026,9,261,13.0,56.0,True,Fall,True,True,,False,False,False,False,KEEP,Valid eBird observation
AZ,virwar,Virginia's Warbler,Leiothlypis virginiae,L5808871,Crescent Moon Day Use Site,2026-09-18 13:34:00,1.0,34.8264756,-111.807805,True,False,False,S394096936,2026-09-18 13:34,2026-09-18,2026,9,261,13.0,34.0,True,Fall,True,True,,False,False,False,False,KEEP,Valid eBird observation
AZ,commer,Common Merganser,Mergus merganser,L1092125,Sedona Wetlands Preserve,2026-09-18 12:54:00,5.0,34.829,-111.8964,True,False,False,S394096662,2026-09-18 12:54,2026-09-18,2026,9,261,12.0,54.0,True,Fall,True,True,,False,False,False,False,KEEP,Valid eBird observation
AZ,olsfly,Olive-sided Flycatcher,Contopus cooperi,L128938,Catalina SP,2026-09-18 12:07:00,1.0,32.4244027,-110.9123905,True,False,False,S394048082,2026-09-18 12:07,2026-09-18,2026,9,261,12.0,7.0,True,Fall,True,True,,False,False,False,False,KEEP,Valid eBird observation
AZ,dusfly,Dusky Flycatcher,Empidonax oberholseri,L3447303,Flagstaff--Citizens Cemetery,2026-09-18 11:57:00,1.0,35.1866307,-111.6507921,True,False,False,S394014390,2026-09-18 11:57,2026-09-18,2026,9,261,11.0,57.0,True,Fall,True,True,,False,False,False,False,KEEP,Valid eBird observation
AZ,gockin,Golden-crowned Kinglet,Regulus satrapa,L833957,Arizona Snowbowl,2026-09-18 11:45:00,4.0,35.3304792,-111.7061171,True,False,False,S394040954,2026-09-18 11:45,2026-09-18,2026,9,261,11.0,45.0,True,Fall,True,True,,False,False,False,False,KEEP,Valid eBird observation
AZ,clanut,Clark's Nutcracker,Nucifraga columbiana,L833957,Arizona Snowbowl,2026-09-18 11:45:00,7.0,35.3304792,-111.7061171,True,False,False,S394040954,2026-09-18 11:45,2026-09-18,2026,9,261,11.0,45.0,True,Fall,True,True,,False,False,False,False,KEEP,Valid eBird observation
AZ,y00678,Crested Caracara,Caracara plancus,L77368431,"N Tucson-Ajo Hwy, Tohono O'odham Nation Reservation US-AZ 32.04996, -112.02528",2026-09-18 11:33:00,1.0,32.049957,-112.025282,True,False,True,S394050376,2026-09-18 11:33,2026-09-18,2026,9,261,11.0,33.0,True,Fall,True,True,,False,False,False,False,KEEP,Valid eBird observation
AZ,thbkin,Thick-billed Kingbird,Tyrannus crassirostris,L1040130,West Box Canyon Rd--desert scrub/mesquite grasslands,2026-09-18 11:08:00,1.0,31.7916584,-110.8193064,True,True,False,S394007394,2026-09-18 11:08,2026-09-18,2026,9,261,11.0,8.0,True,Fall,True,True,,False,False,False,False,KEEP,Valid eBird observation
AZ,mexchi,Mexican Chickadee,Poecile sclateri,L129056,Pinery Canyon,2026-09-18 10:45:00,,31.9328003,-109.2713013,True,False,False,S394093521,2026-09-18 10:45,2026-09-18,2026,9,261,10.0,45.0,True,Fall,True,True,,True,False,False,True,KEEP,Retained with documented metadata limitation
AZ,reshaw,Red-shouldered Hawk,Buteo lineatus,L169112,Hassayampa River Preserve (closed Mon/Tue),2026-09-18 09:55:00,1.0,33.9333419,-112.6946297,True,True,False,S394030193,2026-09-18 09:55,2026-09-18,2026,9,261,9.0,55.0,True,Fall,True,True,,False,False,False,False,KEEP,Valid eBird observation
AZ,goleag,Golden Eagle,Aquila chrysaetos,L587297,Elden Spring,2026-09-18 09:22:00,1.0,35.2273919,-111.6043997,True,False,False,S394016660,2026-09-18 09:22,2026-09-18,2026,9,261,9.0,22.0,True,Fall,True,True,,False,False,False,False,KEEP,Valid eBird observation
AZ,towsol,Townsend's Solitaire,Myadestes townsendi,L587297,Elden Spring,2026-09-18 09:22:00,2.0,35.2273919,-111.6043997,True,False,False,S394016660,2026-09-18 09:22,2026-09-18,2026,9,261,9.0,22.0,True,Fall,True,True,,False,False,False,False,KEEP,Valid eBird observation
AZ,orcori,Orchard Oriole,Icterus spurius,L2427011,Chiricahua Mtns.--Whitetail Canyon,2026-09-18 09:18:00,1.0,31.9994008,-109.2720124,True,True,True,S394003088,2026-09-18 09:18,2026-09-18,2026,9,261,9.0,18.0,True,Fall,True,True,,False,False,False,False,KEEP,Valid eBird observation
AZ,lewwoo,Lewis's Woodpecker,Melanerpes lewis,L4989235,Meteor Crater RV Park (check in at office for permission/access),2026-09-18 09:12:00,2.0,35.105445,-111.0326144,True,False,False,S393993325,2026-09-18 09:12,2026-09-18,2026,9,261,9.0,12.0,True,Fall,True,True,,False,False,False,False,KEEP,Valid eBird observation
AZ,amegfi,American Goldfinch,Spinus tristis,L4989235,Meteor Crater RV Park (check in at office for permission/access),2026-09-18 09:12:00,1.0,35.105445,-111.0326144,True,False,False,S393993325,2026-09-18 09:12,2026-09-18,2026,9,261,9.0,12.0,True,Fall,True,True,,False,False,False,False,KEEP,Valid eBird observation
AZ,tuffly,Tufted Flycatcher,Mitrephanes phaeocercus,L128885,Barfoot Park,2026-09-18 08:54:00,1.0,31.9172001,-109.2790985,True,True,False,S394085085,2026-09-18 08:54,2026-09-18,2026,9,261,8.0,54.0,True,Fall,True,True,,False,False,False,False,KEEP,Valid eBird observation
AZ,grawar,Grace's Warbler,Setophaga graciae,L128885,Barfoot Park,2026-09-18 08:54:00,1.0,31.9172001,-109.2790985,True,False,False,S394085085,2026-09-18 08:54,2026-09-18,2026,9,261,8.0,54.0,True,Fall,True,True,,False,False,False,False,KEEP,Valid eBird observation
AZ,bubfly,Buff-breasted Flycatcher,Empidonax fulvifrons,L128885,Barfoot Park,2026-09-18 08:54:00,2.0,31.9172001,-109.2790985,True,False,False,S394085085,2026-09-18 08:54,2026-09-18,2026,9,261,8.0,54.0,True,Fall,True,True,,False,False,False,False,KEEP,Valid eBird observation
AZ,mallar4,Mallard x Mexican Duck (hybrid),Anas platyrhynchos x diazi,L128870,Agua Caliente Park,2026-09-18 08:36:00,4.0,32.2813752,-110.7298226,True,False,False,S394014858,2026-09-18 08:36,2026-09-18,2026,9,261,8.0,36.0,True,Fall,True,True,,False,False,False,False,KEEP,Valid eBird observation
AZ,ribgul,Ring-billed Gull,Larus delawarensis,L779144,Lake Havasu City--Rotary Park,2026-09-18 08:02:00,2.0,34.4639664,-114.3436432,True,False,False,S393956854,2026-09-18 08:02,2026-09-18,2026,9,261,8.0,2.0,True,Fall,True,True,,False,False,False,False,KEEP,Valid eBird observation
AZ,botspa,Botteri's Sparrow,Peucaea botterii,L17138195,The Mesa,2026-09-18 07:58:00,3.0,31.5349032,-110.7464099,True,False,True,S393986004,2026-09-18 07:58,2026-09-18,2026,9,261,7.0,58.0,True,Fall,True,True,,False,False,False,False,KEEP,Valid eBird observation
AZ,chswar,Chestnut-sided Warbler,Setophaga pensylvanica,L849905,Grand Canyon NP--Desert View,2026-09-18 07:45:00,1.0,36.043044,-111.8261862,True,True,False,S394016513,2026-09-18 07:45,2026-09-18,2026,9,261,7.0,45.0,True,Fall,True,True,,False,False,False,False,KEEP,Valid eBird observation
AZ,yebcuc,Yellow-billed Cuckoo,Coccyzus americanus,L284416,Arivaca Lake,2026-09-18 06:55:00,2.0,31.5302935,-111.2521748,True,False,False,S394082524,2026-09-18 06:55,2026-09-18,2026,9,261,6.0,55.0,True,Fall,True,True,,False,False,False,False,KEEP,Valid eBird observation
AZ,clagre,Clark's Grebe,Aechmophorus clarkii,L367733,Lake Havasu--Site 6,2026-09-18 06:34:00,2.0,34.451493,-114.3715382,True,False,False,S393960072,2026-09-18 06:34,2026-09-18,2026,9,261,6.0,34.0,True,Fall,True,True,,False,False,False,False,KEEP,Valid eBird observation
AZ,blkter,Black Tern,Chlidonias niger,L168765,Whitewater Draw Wildlife Area,2026-09-18 06:31:00,2.0,31.5614979,-109.7200191,True,False,False,S394005802,2026-09-18 06:31,2026-09-18,2026,9,261,6.0,31.0,True,Fall,True,True,,False,False,False,False,KEEP,Valid eBird observation
AZ,chirav,Chihuahuan Raven,Corvus cryptoleucus,L129080,San Pedro RNCA--San Pedro House and trails,2026-09-18 06:30:00,2.0,31.5478992,-110.1408997,True,False,False,S393985451,2026-09-18 06:30,2026-09-18,2026,9,261,6.0,30.0,True,Fall,True,True,,False,False,False,False,KEEP,Valid eBird observation
AZ,norpar,Northern Parula,Setophaga americana,L721572,Base and Meridian WA,2026-09-18 06:04:00,1.0,33.3791718,-112.3074389,True,True,False,S394008993,2026-09-18 06:04,2026-09-18,2026,9,261,6.0,4.0,True,Fall,True,True,,False,False,False,False,KEEP,Valid eBird observation
AZ,snogoo,Snow Goose,Anser caerulescens,L267156,Danny Lopez (formerly Columbus) Park,2026-09-18 05:50:00,1.0,32.2856814,-111.0346556,True,False,False,S393979542,2026-09-18 05:50,2026-09-18,2026,9,261,5.0,50.0,True,Fall,True,True,,False,False,False,False,KEEP,Valid eBird observation
AZ,swagoo1,Swan Goose,Anser cygnoides,L267156,Danny Lopez (formerly Columbus) Park,2026-09-18 05:50:00,1.0,32.2856814,-111.0346556,True,False,False,S393979542,2026-09-18 05:50,2026-09-18,2026,9,261,5.0,50.0,True,Fall,True,True,,False,False,False,False,KEEP,Valid eBird observation
AZ,lobcur,Long-billed Curlew,Numenius americanus,L168765,Whitewater Draw Wildlife Area,2026-09-18 05:41:00,3.0,31.5614979,-109.7200191,True,False,False,S394027099,2026-09-18 05:41,2026-09-18,2026,9,261,5.0,41.0,True,Fall,True,True,,False,False,False,False,KEEP,Valid eBird observation
AZ,shbdow,Short-billed Dowitcher,Limnodromus griseus,L201225,Willow Lake,2026-09-17 16:07:00,1.0,34.605,-112.438,True,True,False,S393798542,2026-09-17 16:07,2026-09-17,2026,9,260,16.0,7.0,True,Fall,True,True,,False,False,False,False,KEEP,Valid eBird observation
AZ,forter,Forster's Tern,Sterna forsteri,L201225,Willow Lake,2026-09-17 16:07:00,1.0,34.605,-112.438,True,False,False,S393798542,2026-09-17 16:07,2026-09-17,2026,9,260,16.0,7.0,True,Fall,True,True,,False,False,False,False,KEEP,Valid eBird observation
AZ,x00737,Lucifer x Costa's Hummingbird (hybrid),Calothorax lucifer x Calypte costae,L199300,Ash Canyon Bird Sanctuary (closed Thursday morning),2026-09-17 15:42:00,1.0,31.3904516,-110.2392496,True,True,False,S393788213,2026-09-17 15:42,2026-09-17,2026,9,260,15.0,42.0,True,Fall,True,True,,False,False,False,False,KEEP,Valid eBird observation
AZ,comter,Common Tern,Sterna hirundo,L270303,Watson Lake and Riparian Preserve,2026-09-17 15:15:00,1.0,34.5822319,-112.4259328,True,True,False,S393797821,2026-09-17 15:15,2026-09-17,2026,9,260,15.0,15.0,True,Fall,True,True,,False,False,False,False,KEEP,Valid eBird observation
AZ,sagthr,Sage Thrasher,Oreoscoptes montanus,L29686529,Petrified Forest NP--Visitor Center,2026-09-17 14:26:00,1.0,35.065639,-109.78149,True,False,False,S393761141,2026-09-17 14:26,2026-09-17,2026,9,260,14.0,26.0,True,Fall,True,True,,False,False,False,False,KEEP,Valid eBird observation
AZ,trokin,Tropical Kingbird,Tyrannus melancholicus,L77359787,"2002 E Frontage Rd, Carmen US-AZ 31.58332, -111.05287",2026-09-17 13:14:00,1.0,31.583315,-111.052869,True,False,True,S393996952,2026-09-17 13:14,2026-09-17,2026,9,260,13.0,14.0,True,Fall,True,True,,False,False,False,False,KEEP,Valid eBird observation
AZ,lessca,Lesser Scaup,Aythya affinis,L343450,Benson STP,2026-09-17 11:40:00,1.0,31.9815,-110.2924,True,False,False,S393734032,2026-09-17 11:40,2026-09-17,2026,9,260,11.0,40.0,True,Fall,True,True,,False,False,False,False,KEEP,Valid eBird observation
AZ,mxbhum1,Rivoli's x Berylline Hummingbird (hybrid),Eugenes fulgens x Saucerottia beryllina,L268114,Madera Canyon--Santa Rita Lodge,2026-09-17 11:25:00,1.0,31.7251514,-110.8801067,True,True,False,S393767729,2026-09-17 11:25,2026-09-17,2026,9,260,11.0,25.0,True,Fall,True,True,,False,False,False,False,KEEP,Valid eBird observation
AZ,indbun,Indigo Bunting,Passerina cyanea,L266621,Page Springs Fish Hatchery--Bubbling Ponds Preserve,2026-09-17 10:41:00,1.0,34.7669646,-111.8950832,True,False,False,S394238051,2026-09-17 10:41,2026-09-17,2026,9,260,10.0,41.0,True,Fall,True,True,,False,False,False,False,KEEP,Valid eBird observation
AZ,semsan,Semipalmated Sandpiper,Calidris pusilla,L128977,"Green Valley WRF (park outside fence, walk in only)",2026-09-17 08:52:00,1.0,31.899334,-110.9695026,True,True,False,S393739777,2026-09-17 08:52,2026-09-17,2026,9,260,8.0,52.0,True,Fall,True,True,,False,False,False,False,KEEP,Valid eBird observation
AZ,ridrai1,Ridgway's Rail,Rallus obsoletus,L44325613,Blankenship Bay,2026-09-17 08:40:00,1.0,34.596047,-114.417418,True,False,True,S393729360,2026-09-17 08:40,2026-09-17,2026,9,260,8.0,40.0,True,Fall,True,True,,False,False,False,False,KEEP,Valid eBird observation
AZ,compea,Indian Peafowl,Pavo cristatus,L348318,St. David--Holy Trinity Monastery,2026-09-17 08:25:00,7.0,31.876683,-110.2126819,True,True,False,S393714803,2026-09-17 08:25,2026-09-17,2026,9,260,8.0,25.0,True,Fall,True,True,,False,False,False,False,KEEP,Valid eBird observation
AZ,amered,American Redstart,Setophaga ruticilla,L3447303,Flagstaff--Citizens Cemetery,2026-09-17 07:29:00,1.0,35.1866307,-111.6507921,True,False,False,S393689214,2026-09-17 07:29,2026-09-17,2026,9,260,7.0,29.0,True,Fall,True,True,,False,False,False,False,KEEP,Valid eBird observation
AZ,bucnig,Buff-collared Nightjar,Antrostomus ridgwayi,L340405,Box Canyon,2026-09-16 19:25:00,1.0,31.7974086,-110.7868486,True,True,False,S393550250,2026-09-16 19:25,2026-09-16,2026,9,259,19.0,25.0,True,Fall,True,True,,False,False,False,False,KEEP,Valid eBird observation
AZ,monqua,Montezuma Quail,Cyrtonyx montezumae,L47940413,Box Canyon--lower bridge,2026-09-16 18:15:00,2.0,31.7992429,-110.7979263,True,False,False,S394041504,2026-09-16 18:15,2026-09-16,2026,9,259,18.0,15.0,True,Fall,True,True,,False,False,False,False,KEEP,Valid eBird observation
AZ,caster1,Caspian Tern,Hydroprogne caspia,L270303,Watson Lake and Riparian Preserve,2026-09-16 17:10:00,5.0,34.5822319,-112.4259328,True,True,False,S393554845,2026-09-16 17:10,2026-09-16,2026,9,259,17.0,10.0,True,Fall,True,True,,False,False,False,False,KEEP,Valid eBird observation
AZ,rotbec,Rose-throated Becard,Pachyramphus aglaiae,L45929440,"stakeout Rose-throated Becard, Harshaw Creek Rd (2025)",2026-09-16 16:58:00,1.0,31.5162598,-110.6928891,True,True,False,S393534115,2026-09-16 16:58,2026-09-16,2026,9,259,16.0,58.0,True,Fall,True,True,,False,False,False,False,KEEP,Valid eBird observation
AZ,x00618,Anna's x Costa's Hummingbird (hybrid),Calypte anna x costae,L6586810,Wes Miller Park (restricted access),2026-09-16 14:28:00,1.0,32.297844,-110.809817,True,True,True,S393524871,2026-09-16 14:28,2026-09-16,2026,9,259,14.0,28.0,True,Fall,True,True,,False,False,False,False,KEEP,Valid eBird observation
AZ,woosto,Wood Stork,Mycteria americana,L1871151,Tres Rios Overbank Wetlands (permit required),2026-09-16 08:47:00,1.0,33.389402,-112.2597653,True,True,False,S393456571,2026-09-16 08:47,2026-09-16,2026,9,259,8.0,47.0,True,Fall,True,True,,False,False,False,False,KEEP,Valid eBird observation
AZ,yetvir,Yellow-throated Vireo,Vireo flavifrons,L3493885,Blue Haven Rd--Temporal Gulch,2026-09-16 08:12:00,1.0,31.5253383,-110.7790115,True,True,False,S393511571,2026-09-16 08:12,2026-09-16,2026,9,259,8.0,12.0,True,Fall,True,True,,False,False,False,False,KEEP,Valid eBird observation
AZ,grepew,Greater Pewee,Contopus pertinax,L3493885,Blue Haven Rd--Temporal Gulch,2026-09-16 08:12:00,1.0,31.5253383,-110.7790115,True,True,False,S393511571,2026-09-16 08:12,2026-09-16,2026,9,259,8.0,12.0,True,Fall,True,True,,False,False,False,False,KEEP,Valid eBird observation
AZ,evegro,Evening Grosbeak,Hesperiphona vespertina,L1758342,Crouse home,2026-09-16 07:34:00,1.0,35.1734808,-111.6748661,True,False,True,S393674427,2026-09-16 07:34,2026-09-16,2026,9,259,7.0,34.0,True,Fall,True,True,,False,False,False,False,KEEP,Valid eBird observation
AZ,norgos,American Goshawk,Astur atricapillus,L2142077,Coconino National Forest--Double Springs,2026-09-16 06:48:00,1.0,34.9427291,-111.4914036,True,False,False,S393658214,2026-09-16 06:48,2026-09-16,2026,9,259,6.0,48.0,True,Fall,True,True,,False,False,False,False,KEEP,Valid eBird observation
AZ,lawgol,Lawrence's Goldfinch,Spinus lawrencei,L12371210,Arizona Birding Guides feeders--Visitors Welcome,2026-09-16 05:28:00,1.0,31.5432844,-110.7519356,True,True,False,S393642627,2026-09-16 05:28,2026-09-16,2026,9,259,5.0,28.0,True,Fall,True,True,,False,False,False,False,KEEP,Valid eBird observation
AZ,elfowl,Elf Owl,Micrathene whitneyi,L296633,Madera Canyon--Mt. Wrightson Picnic Area & Upper Canyon Trails,2026-09-15 18:30:00,1.0,31.7124,-110.8744,True,False,False,S393280441,2026-09-15 18:30,2026-09-15,2026,9,258,18.0,30.0,True,Fall,True,True,,False,False,False,False,KEEP,Valid eBird observation
AZ,refwar,Red-faced Warbler,Cardellina rubrifrons,L753051,Mt. Lemmon--Willow Canyon,2026-09-15 14:05:00,1.0,32.38775,-110.698,True,False,False,S393259038,2026-09-15 14:05,2026-09-15,2026,9,258,14.0,5.0,True,Fall,True,True,,False,False,False,False,KEEP,Valid eBird observation
AZ,dunlin,Dunlin,Calidris alpina,L52478000,Milky Way Dairy,2026-09-15 11:49:00,1.0,33.0460754,-112.1245113,True,True,True,S393288717,2026-09-15 11:49,2026-09-15,2026,9,258,11.0,49.0,True,Fall,True,True,,False,False,False,False,KEEP,Valid eBird observation
AZ,whiibi,White Ibis,Eudocimus albus,L1871151,Tres Rios Overbank Wetlands (permit required),2026-09-15 07:22:00,1.0,33.389402,-112.2597653,True,True,False,S393154425,2026-09-15 07:22,2026-09-15,2026,9,258,7.0,22.0,True,Fall,True,True,,False,False,False,False,KEEP,Valid eBird observation
AZ,eletro1,Coppery-tailed Trogon,Trogon ambiguus,L2413068,Madera Canyon--Carrie Nation Trail,2026-09-15 07:08:00,1.0,31.704511,-110.8764482,True,False,False,S393244494,2026-09-15 07:08,2026-09-15,2026,9,258,7.0,8.0,True,Fall,True,True,,False,False,False,False,KEEP,Valid eBird observation
AZ,norwat,Northern Waterthrush,Parkesia noveboracensis,L715412,Higley and Ocotillo Rds. ponds,2026-09-15 05:22:00,1.0,33.2533311,-111.7181683,True,True,False,S393158896,2026-09-15 05:22,2026-09-15,2026,9,258,5.0,22.0,True,Fall,True,True,,False,False,False,False,KEEP,Valid eBird observation
AZ,grnkin,Green Kingfisher,Chloroceryle americana,L352346,Santa Gertrudis Lane (foot access only),2026-09-14 08:47:00,1.0,31.5620883,-111.0473766,True,False,False,S392965197,2026-09-14 08:47,2026-09-14,2026,9,257,8.0,47.0,True,Fall,True,True,,False,False,False,False,KEEP,Valid eBird observation
AZ,shthaw,Short-tailed Hawk,Buteo brachyurus,L211809,Madera Canyon--Proctor Rd.,2026-09-14 07:47:00,1.0,31.739938,-110.886147,True,True,False,S392951042,2026-09-14 07:47,2026-09-14,2026,9,257,7.0,47.0,True,Fall,True,True,,False,False,False,False,KEEP,Valid eBird observation
AZ,attwoo1,American Three-toed Woodpecker,Picoides dorsalis,L3033095,West Baldy Trail No. 94,2026-09-14 06:56:00,2.0,33.948262,-109.528473,True,False,False,S393018710,2026-09-14 06:56,2026-09-14,2026,9,257,6.0,56.0,True,Fall,True,True,,False,False,False,False,KEEP,Valid eBird observation
AZ,bncfly,Brown-crested Flycatcher,Myiarchus tyrannulus,L281844,Montosa Canyon--km 1 (culvert area),2026-09-14 06:50:00,1.0,31.6714585,-110.941082,True,False,False,S393013664,2026-09-14 06:50,2026-09-14,2026,9,257,6.0,50.0,True,Fall,True,True,,False,False,False,False,KEEP,Valid eBird observation
AZ,broman1,Bronze Mannikin,Spermestes cucullata,L6586810,Wes Miller Park (restricted access),2026-09-14 06:45:00,1.0,32.297844,-110.809817,True,True,True,S392935631,2026-09-14 06:45,2026-09-14,2026,9,257,6.0,45.0,True,Fall,True,True,,False,False,False,False,KEEP,Valid eBird observation
AZ,calgul,California Gull,Larus californicus,L765694,Lake Havasu--North end viewpoint,2026-09-14 06:04:00,2.0,34.5206616,-114.3709052,True,False,False,S392906095,2026-09-14 06:04,2026-09-14,2026,9,257,6.0,4.0,True,Fall,True,True,,False,False,False,False,KEEP,Valid eBird observation
AZ,comloo,Common Loon,Gavia immer,L765694,Lake Havasu--North end viewpoint,2026-09-14 06:04:00,1.0,34.5206616,-114.3709052,True,True,False,S392906095,2026-09-14 06:04,2026-09-14,2026,9,257,6.0,4.0,True,Fall,True,True,,False,False,False,False,KEEP,Valid eBird observation
AZ,fragul,Franklin's Gull,Leucophaeus pipixcan,L765694,Lake Havasu--North end viewpoint,2026-09-14 06:04:00,3.0,34.5206616,-114.3709052,True,True,False,S392906095,2026-09-14 06:04,2026-09-14,2026,9,257,6.0,4.0,True,Fall,True,True,,False,False,False,False,KEEP,Valid eBird observation
AZ,gryvir,Gray Vireo,Vireo vicinior,L1406596,Saguaro NP--West--Desert Discovery Trail,2026-09-13 17:04:00,1.0,32.2625304,-111.2106575,True,True,False,S392728141,2026-09-13 17:04,2026-09-13,2026,9,256,17.0,4.0,True,Fall,True,True,,False,False,False,False,KEEP,Valid eBird observation
AZ,fisspa,Five-striped Sparrow,Amphispizopsis quinquestriata,L22074763,Whipple Picnic Area,2026-09-13 16:14:00,1.0,31.6742032,-110.9496751,True,True,False,S392714974,2026-09-13 16:14,2026-09-13,2026,9,256,16.0,14.0,True,Fall,True,True,,False,False,False,False,KEEP,Valid eBird observation
AZ,sabgul,Sabine's Gull,Xema sabini,L817741,Havasu NWR--South Dike,2026-09-13 11:17:00,1.0,34.736953,-114.4849761,True,True,False,S392657607,2026-09-13 11:17,2026-09-13,2026,9,256,11.0,17.0,True,Fall,True,True,,False,False,False,False,KEEP,Valid eBird observation
AZ,grycat,Gray Catbird,Dumetella carolinensis,L169112,Hassayampa River Preserve (closed Mon/Tue),2026-09-13 07:12:00,1.0,33.9333419,-112.6946297,True,True,False,S392656479,2026-09-13 07:12,2026-09-13,2026,9,256,7.0,12.0,True,Fall,True,True,,False,False,False,False,KEEP,Valid eBird observation
AZ,ferhaw,Ferruginous Hawk,Buteo regalis,L3088809,Grand Canyon NP--Mohave Point,2026-09-12 15:52:00,1.0,36.0707034,-112.1655607,True,False,False,S392298697,2026-09-12 15:52,2026-09-12,2026,9,255,15.0,52.0,True,Fall,True,True,,False,False,False,False,KEEP,Valid eBird observation
AZ,norbob,Northern Bobwhite,Colinus virginianus,L76539015,"2859 E Coldwater Blvd, Gilbert US-AZ 33.21161, -111.72782",2026-09-12 14:09:00,1.0,33.21161,-111.727823,True,True,True,S392270412,2026-09-12 14:09,2026-09-12,2026,9,255,14.0,9.0,True,Fall,True,True,,False,False,False,False,KEEP,Valid eBird observation
AZ,berhum,Berylline Hummingbird,Saucerottia beryllina,L720652,Ramsey Canyon Inn (opened 1988),2026-09-12 10:50:00,1.0,31.4486597,-110.3068952,True,True,False,S392248917,2026-09-12 10:50,2026-09-12,2026,9,255,10.0,50.0,True,Fall,True,True,,False,False,False,False,KEEP,Valid eBird observation
AZ,foxspa,Fox Sparrow,Passerella iliaca,L450816,Pasture Canyon,2026-09-12 07:22:00,2.0,36.1281698,-111.2120247,True,True,False,S392212788,2026-09-12 07:22,2026-09-12,2026,9,255,7.0,22.0,True,Fall,True,True,,False,False,False,False,KEEP,Valid eBird observation
AZ,mdxmal1,Muscovy Duck x Mallard (hybrid),Cairina moschata x Anas platyrhynchos,L144858,Riparian Preserve at Gilbert Water Ranch,2026-09-12 07:00:00,1.0,33.3614502,-111.7339478,True,True,False,S392198086,2026-09-12 07:00,2026-09-12,2026,9,255,7.0,0.0,True,Fall,True,True,,False,False,False,False,KEEP,Valid eBird observation
AZ,yetwar,Yellow-throated Warbler,Setophaga dominica,L2438871,Sahuarita--North Santa Cruz Park,2026-09-11 19:17:00,1.0,31.9873804,-110.9630556,True,True,False,S391969875,2026-09-11 19:17,2026-09-11,2026,9,254,19.0,17.0,True,Fall,True,True,,False,False,False,False,KEEP,Valid eBird observation
AZ,snoplo5,Snowy Plover,Anarhynchus nivosus,L50965748,"85337, Gila Bend US-AZ 33.06346, -112.66267",2026-09-11 11:10:00,1.0,33.063457,-112.662674,True,True,True,S391954300,2026-09-11 11:10,2026-09-11,2026,9,254,11.0,10.0,True,Fall,True,True,,False,False,False,False,KEEP,Valid eBird observation
AZ,nswowl,Northern Saw-whet Owl,Aegolius acadicus,L12820706,"Apache-Sitgreaves National Forests, Forest Lakes US-AZ 34.45467, -110.80251",2026-09-11 09:33:00,1.0,34.454673,-110.802514,True,False,True,S391939768,2026-09-11 09:33,2026-09-11,2026,9,254,9.0,33.0,True,Fall,True,True,,False,False,False,False,KEEP,Valid eBird observation
AZ,hoowar,Hooded Warbler,Setophaga citrina,L234314,Anza Trail--Tubac,2026-09-11 05:30:00,1.0,31.6128313,-111.040829,True,True,False,S391943107,2026-09-11 05:30,2026-09-11,2026,9,254,5.0,30.0,True,Fall,True,True,,False,False,False,False,KEEP,Valid eBird observation
AZ,subfly,Sulphur-bellied Flycatcher,Myiodynastes luteiventris,L1583240,Huachuca Canyon--lower picnic area,2026-09-10 10:50:00,1.0,31.5411676,-110.3741764,True,True,False,S391616596,2026-09-10 10:50,2026-09-10,2026,9,253,10.0,50.0,True,Fall,True,True,,False,False,False,False,KEEP,Valid eBird observation
AZ,egygoo,Egyptian Goose,Alopochen aegyptiaca,L357654,Fountain Hills Lake,2026-09-10 09:11:00,1.0,33.602074,-111.7119938,True,True,False,S391590720,2026-09-10 09:11,2026-09-10,2026,9,253,9.0,11.0,True,Fall,True,True,,False,False,False,False,KEEP,Valid eBird observation
AZ,dusgro,Dusky Grouse,Dendragapus obscurus,L2346947,Grand Canyon NP--Point Imperial,2026-09-09 10:39:00,1.0,36.2791537,-111.9797802,True,False,False,S391346329,2026-09-09 10:39,2026-09-09,2026,9,252,10.0,39.0,True,Fall,True,True,,False,False,False,False,KEEP,Valid eBird observation
AZ,budger,Budgerigar,Melopsittacus undulatus,L66230770,S Islands Dr E Neighborhood,2026-09-09 08:15:00,1.0,33.341166,-111.816035,True,True,True,S391667975,2026-09-09 08:15,2026-09-09,2026,9,252,8.0,15.0,True,Fall,True,True,,False,False,False,False,KEEP,Valid eBird observation
AZ,clcspa,Clay-colored Sparrow,Spizella pallida,L76930801,"East Empire Ranch Road, Vail, Arizona, US (31.771, -110.653)",2026-09-09 07:46:00,1.0,31.7709492,-110.6529788,True,True,True,S391303974,2026-09-09 07:46,2026-09-09,2026,9,252,7.0,46.0,True,Fall,True,True,,False,False,False,False,KEEP,Valid eBird observation
AZ,comnig,Common Nighthawk,Chordeiles minor,L76908417,"61676 Historic Route 66, Williams US-AZ 35.51641, -113.21925",2026-09-09 07:20:00,1.0,35.516407,-113.21925,True,False,True,S391297764,2026-09-09 07:20,2026-09-09,2026,9,252,7.0,20.0,True,Fall,True,True,,False,False,False,False,KEEP,Valid eBird observation
AZ,rugdov,Ruddy Ground Dove,Columbina talpacoti,L290797,Santa Cruz River--Sunset Rd. to Orange Grove Rd.,2026-09-09 07:15:00,1.0,32.3157892,-111.0569715,True,True,False,S391354859,2026-09-09 07:15,2026-09-09,2026,9,252,7.0,15.0,True,Fall,True,True,,False,False,False,False,KEEP,Valid eBird observation
AZ,easblu,Eastern Bluebird,Sialia sialis,L129052,Patagonia-Sonoita Creek Preserve,2026-09-09 07:15:00,1.0,31.528,-110.775,True,False,False,S391374507,2026-09-09 07:15,2026-09-09,2026,9,252,7.0,15.0,True,Fall,True,True,,False,False,False,False,KEEP,Valid eBird observation
AZ,rubrob,Rufous-backed Robin,Turdus rufopalliatus,L267156,Danny Lopez (formerly Columbus) Park,2026-09-09 05:50:00,1.0,32.2856814,-111.0346556,True,True,False,S391331527,2026-09-09 05:50,2026-09-09,2026,9,252,5.0,50.0,True,Fall,True,True,,False,False,False,False,KEEP,Valid eBird observation
AZ,gryjay,Canada Jay,Perisoreus canadensis,L1540116,Apache Railroad Multi-Use Trail,2026-09-08 16:55:00,1.0,34.054205,-109.567954,True,False,False,S391168198,2026-09-08 16:55,2026-09-08,2026,9,251,16.0,55.0,True,Fall,True,True,,False,False,False,False,KEEP,Valid eBird observation
AZ,graspa,Grasshopper Sparrow,Ammodramus savannarum,L248042,Las Cienegas NCA (Pima Co.),2026-09-08 15:18:00,1.0,31.7726703,-110.6616783,True,False,False,S391283305,2026-09-08 15:18,2026-09-08,2026,9,251,15.0,18.0,True,Fall,True,True,,False,False,False,False,KEEP,Valid eBird observation
AZ,x01172,Broad-billed x Berylline Hummingbird (hybrid),Cynanthus latirostris x Saucerottia beryllina,L268114,Madera Canyon--Santa Rita Lodge,2026-09-08 10:22:00,1.0,31.7251514,-110.8801067,True,True,False,S391120783,2026-09-08 10:22,2026-09-08,2026,9,251,10.0,22.0,True,Fall,True,True,,False,False,False,False,KEEP,Valid eBird observation
AZ,flaowl,Flammulated Owl,Psiloscops flammeolus,L587297,Elden Spring,2026-09-07 19:10:00,1.0,35.2273919,-111.6043997,True,False,False,S391165994,2026-09-07 19:10,2026-09-07,2026,9,250,19.0,10.0,True,Fall,True,True,,False,False,False,False,KEEP,Valid eBird observation
AZ,brnpel,Brown Pelican,Pelecanus occidentalis,L3603228,Coyote Wash Golf Course Pond,2026-09-07 11:17:00,1.0,32.6494749,-114.1554058,True,True,False,S390862518,2026-09-07 11:17,2026-09-07,2026,9,250,11.0,17.0,True,Fall,True,True,,False,False,False,False,KEEP,Valid eBird observation
AZ,amedip,American Dipper,Cinclus mexicanus,L3033095,West Baldy Trail No. 94,2026-09-07 10:41:00,1.0,33.948262,-109.528473,True,False,False,S391179543,2026-09-07 10:41,2026-09-07,2026,9,250,10.0,41.0,True,Fall,True,True,,False,False,False,False,KEEP,Valid eBird observation
AZ,redjun,Red Junglefowl,Gallus gallus,L7105197,"FSR 9478Y, Flagstaff, Arizona, US (35.136, -111.611)",2026-09-07 07:02:00,1.0,35.136382,-111.6109072,True,True,True,S390940708,2026-09-07 07:02,2026-09-07,2026,9,250,7.0,2.0,True,Fall,True,True,,False,False,False,False,KEEP,Valid eBird observation
AZ,whevir,White-eyed Vireo,Vireo griseus,L853244,Cibola NWR--Cornfield Nature Trail,2026-09-06 17:07:00,1.0,33.36505,-114.67832,True,True,False,S390572329,2026-09-06 17:07,2026-09-06,2026,9,249,17.0,7.0,True,Fall,True,True,,False,False,False,False,KEEP,Valid eBird observation
AZ,x01228,Broad-tailed x White-eared Hummingbird (hybrid),Selasphorus platycercus x Basilinna leucotis,L199300,Ash Canyon Bird Sanctuary (closed Thursday morning),2026-09-06 15:51:00,1.0,31.3904516,-110.2392496,True,True,False,S390562385,2026-09-06 15:51,2026-09-06,2026,9,249,15.0,51.0,True,Fall,True,True,,False,False,False,False,KEEP,Valid eBird observation
AZ,x00059,Townsend's x Hermit Warbler (hybrid),Setophaga townsendi x occidentalis,L9287162,Huachuca Canyon--1.7 mile picnic area,2026-09-06 07:59:00,1.0,31.5177588,-110.3884391,True,True,False,S390495055,2026-09-06 07:59,2026-09-06,2026,9,249,7.0,59.0,True,Fall,True,True,,False,False,False,False,KEEP,Valid eBird observation
AZ,x00385,Rufous x Allen's Hummingbird (hybrid),Selasphorus rufus x sasin,L10786942,Williamson/Wood home - Mill Rd.,2026-09-06 07:17:00,1.0,31.4095525,-109.8806739,True,True,True,S390369742,2026-09-06 07:17,2026-09-06,2026,9,249,7.0,17.0,True,Fall,True,True,,False,False,False,False,KEEP,Valid eBird observation
AZ,miskit,Mississippi Kite,Ictinia mississippiensis,L37378282,Home,2026-09-06 07:16:00,1.0,34.7825956,-112.4889353,True,True,True,S390929161,2026-09-06 07:16,2026-09-06,2026,9,249,7.0,16.0,True,Fall,True,True,,False,False,False,False,KEEP,Valid eBird observation
AZ,sander,Sanderling,Calidris alba,L264669,Ashurst Lake,2026-09-05 17:08:00,1.0,35.0206708,-111.4031728,True,False,False,S390156783,2026-09-05 17:08,2026-09-05,2026,9,248,17.0,8.0,True,Fall,True,True,,False,False,False,False,KEEP,Valid eBird observation
AZ,purgal2,Purple Gallinule,Porphyrio martinica,L128977,"Green Valley WRF (park outside fence, walk in only)",2026-09-05 07:34:00,1.0,31.899334,-110.9695026,True,True,False,S389958043,2026-09-05 07:34,2026-09-05,2026,9,248,7.0,34.0,True,Fall,True,True,,False,False,False,False,KEEP,Valid eBird observation
AZ,amebit,American Bittern,Botaurus lentiginosus,L8480540,"Luke AFB, point UND5 (no public access)",2026-09-04 07:42:00,1.0,33.551077,-112.367911,True,True,True,S389664102,2026-09-04 07:42,2026-09-04,2026,9,247,7.0,42.0,True,Fall,True,True,,False,False,False,False,KEEP,Valid eBird observation
AZ,whehum,White-eared Hummingbird,Basilinna leucotis,L129102,Cave Creek Canyon--Southwestern Research Station,2026-09-03 13:59:00,1.0,31.8835432,-109.2058731,True,True,False,S389483118,2026-09-03 13:59,2026-09-03,2026,9,246,13.0,59.0,True,Fall,True,True,,False,False,False,False,KEEP,Valid eBird observation
AZ,whiwag,White Wagtail,Motacilla alba,L264663,Kachina Wetlands,2026-09-03 12:47:00,1.0,35.1096843,-111.6895866,True,True,False,S389469837,2026-09-03 12:47,2026-09-03,2026,9,246,12.0,47.0,True,Fall,True,True,,False,False,False,False,KEEP,Valid eBird observation
AZ,bawwar,Black-and-white Warbler,Mniotilta varia,L2126806,Madera Canyon--Bog Springs,2026-09-03 10:25:00,1.0,31.7213046,-110.8626723,True,True,False,S389440533,2026-09-03 10:25,2026-09-03,2026,9,246,10.0,25.0,True,Fall,True,True,,False,False,False,False,KEEP,Valid eBird observation
AZ,calqua,California Quail,Callipepla californica,L76747020,"Co Rd 4162, Springerville US-AZ (34.2861,-109.3536)",2026-09-03 07:08:00,8.0,34.286066,-109.353605,True,True,True,S390128579,2026-09-03 07:08,2026-09-03,2026,9,246,7.0,8.0,True,Fall,True,True,,False,False,False,False,KEEP,Valid eBird observation
AZ,afcdov1,African Collared-Dove,Streptopelia roseogrisea,L66112222,Garden,2026-09-03 07:00:00,1.0,33.459697,-111.81586,True,True,True,S389492501,2026-09-03 07:00,2026-09-03,2026,9,246,7.0,0.0,True,Fall,True,True,,False,False,False,False,KEEP,Valid eBird observation
AZ,amgplo,American Golden-Plover,Pluvialis dominica,L76625119,"Old US Hwy 80, Butterfield Dairy Ponds",2026-09-03 06:15:00,1.0,33.0778183,-112.6651362,True,True,True,S389414480,2026-09-03 06:15,2026-09-03,2026,9,246,6.0,15.0,True,Fall,True,True,,False,False,False,False,KEEP,Valid eBird observation
AZ,allhum,Allen's Hummingbird,Selasphorus sasin,L1416495,1. Mule Pass Yard,2026-09-02 06:00:00,1.0,31.4641892,-109.9561961,True,True,True,S389188116,2026-09-02 06:00,2026-09-02,2026,9,245,6.0,0.0,True,Fall,True,True,,False,False,False,False,KEEP,Valid eBird observation
AZ,buffle,Bufflehead,Bucephala albeola,L263435,Becker Lake,2026-08-31 14:11:00,3.0,34.1555035,-109.3061496,True,True,False,S388725380,2026-08-31 14:11,2026-08-31,2026,8,243,14.0,11.0,True,Summer,True,True,,False,False,False,False,KEEP,Valid eBird observation
AZ,reevir1,Red-eyed Vireo,Vireo olivaceus,L300594,Granite Dells,2026-08-31 07:04:00,1.0,34.6033333,-112.4166667,True,True,False,S388622038,2026-08-31 07:04,2026-08-31,2026,8,243,7.0,4.0,True,Summer,True,True,,False,False,False,False,KEEP,Valid eBird observation
AZ,pagplo,Pacific Golden-Plover,Pluvialis fulva,L472951,Paloma Ranch,2026-08-30 10:53:00,1.0,32.9189081,-112.8944135,True,True,False,S388766186,2026-08-30 10:53,2026-08-30,2026,8,242,10.0,53.0,True,Summer,True,True,,False,False,False,False,KEEP,Valid eBird observation
AZ,x00384,Black-chinned x Costa's Hummingbird (hybrid),Archilochus alexandri x Calypte costae,L10786942,Williamson/Wood home - Mill Rd.,2026-08-29 06:43:00,1.0,31.4095525,-109.8806739,True,True,True,S387967433,2026-08-29 06:43,2026-08-29,2026,8,241,6.0,43.0,True,Summer,True,True,,False,False,False,False,KEEP,Valid eBird observation
AZ,flctan,Flame-colored Tanager,Piranga bidentata,L129031,Miller Canyon Trail,2026-08-28 08:53:00,1.0,31.40806,-110.28619,True,True,False,S387690562,2026-08-28 08:53,2026-08-28,2026,8,240,8.0,53.0,True,Summer,True,True,,False,False,False,False,KEEP,Valid eBird observation
AZ,x00870,Canyon x Abert's Towhee (hybrid),Melozone fusca x aberti,L734193,Paige Creek,2026-08-27 13:36:00,1.0,32.1529069,-110.4528093,True,True,False,S387497640,2026-08-27 13:36,2026-08-27,2026,8,239,13.0,36.0,True,Summer,True,True,,False,False,False,False,KEEP,Valid eBird observation
AZ,rucwar,Rufous-capped Warbler,Basileuterus rufifrons,L281844,Montosa Canyon--km 1 (culvert area),2026-08-27 06:11:00,1.0,31.6714585,-110.941082,True,True,False,S387386799,2026-08-27 06:11,2026-08-27,2026,8,239,6.0,11.0,True,Summer,True,True,,False,False,False,False,KEEP,Valid eBird observation
AZ,yegvir,Yellow-green Vireo,Vireo flavoviridis,L129105,Sycamore Canyon (Pajarito Mountains),2026-08-25 06:50:00,1.0,31.4290009,-111.1905975,True,True,False,S386879986,2026-08-25 06:50,2026-08-25,2026,8,237,6.0,50.0,True,Summer,True,True,,False,False,False,False,KEEP,Valid eBird observation
AZ,orabis1,Northern Red Bishop,Euplectes franciscanus,L20973859,Quartzite Drive,2026-08-24 05:55:00,1.0,32.9107012,-111.2718299,True,True,True,S386525236,2026-08-24 05:55,2026-08-24,2026,8,236,5.0,55.0,True,Summer,True,True,,False,False,False,False,KEEP,Valid eBird observation
AZ,mutswa,Mute Swan,Cygnus olor,L865058,Paradise Memorial Gardens,2026-08-23 14:36:00,2.0,33.5841106,-111.8805599,True,False,False,S387156012,2026-08-23 14:36,2026-08-23,2026,8,235,14.0,36.0,True,Summer,True,True,,False,False,False,False,KEEP,Valid eBird observation
AZ,bkbplo,Black-bellied Plover,Pluvialis squatarola,L266875,Willcox--Lake Cochise and Twin Lakes Golf Course,2026-08-23 09:57:00,1.0,32.2298515,-109.8243175,True,True,False,S386380586,2026-08-23 09:57,2026-08-23,2026,8,235,9.0,57.0,True,Summer,True,True,,False,False,False,False,KEEP,Valid eBird observation
AZ,x00651,Black-chinned x Anna's Hummingbird (hybrid),Archilochus alexandri x Calypte anna,L12371210,Arizona Birding Guides feeders--Visitors Welcome,2026-08-23 06:20:00,1.0,31.5432844,-110.7519356,True,True,False,S386236775,2026-08-23 06:20,2026-08-23,2026,8,235,6.0,20.0,True,Summer,True,True,,False,False,False,False,KEEP,Valid eBird observation
AZ,rinphe1,Ring-necked Pheasant,Phasianus colchicus,L2286031,Bison Ranch Rd,2026-08-22 08:53:00,2.0,34.38866,-110.526453,True,True,True,S385844415,2026-08-22 08:53,2026-08-22,2026,8,234,8.0,53.0,True,Summer,True,True,,False,False,False,False,KEEP,Valid eBird observation
TX,blujay,Blue Jay,Cyanocitta cristata,L77409418,"1739 Market Street, Hempstead, Texas, US (30.088, -96.083)",2026-09-19 12:03:00,1.0,30.0879048,-96.082662,True,False,True,S394291839,2026-09-19 12:03,2026-09-19,2026,9,262,12.0,3.0,True,Fall,True,True,,False,False,False,False,KEEP,Valid eBird observation
TX,musduc,Muscovy Duck,Cairina moschata,L77369836,"Ann and Roy Butler Trail, Austin US-TX 30.26250, -97.74528",2026-09-19 12:00:00,1.0,30.262504,-97.745284,True,False,True,S394290593,2026-09-19 12:00,2026-09-19,2026,9,262,12.0,0.0,True,Fall,True,True,,False,False,False,False,KEEP,Valid eBird observation
TX,moudov,Mourning Dove,Zenaida macroura,L77409517,"US-277 N, Munday US-TX 33.43479, -99.62725",2026-09-19 12:00:00,2.0,33.434786,-99.627253,True,False,True,S394292322,2026-09-19 12:00,2026-09-19,2026,9,262,12.0,0.0,True,Fall,True,True,,False,False,False,False,KEEP,Valid eBird observation
TX,blkvul,Black Vulture,Coragyps atratus,L77409517,"US-277 N, Munday US-TX 33.43479, -99.62725",2026-09-19 12:00:00,1.0,33.434786,-99.627253,True,False,True,S394292322,2026-09-19 12:00,2026-09-19,2026,9,262,12.0,0.0,True,Fall,True,True,,False,False,False,False,KEEP,Valid eBird observation
TX,swahaw,Swainson's Hawk,Buteo swainsoni,L77409517,"US-277 N, Munday US-TX 33.43479, -99.62725",2026-09-19 12:00:00,1.0,33.434786,-99.627253,True,False,True,S394292322,2026-09-19 12:00,2026-09-19,2026,9,262,12.0,0.0,True,Fall,True,True,,False,False,False,False,KEEP,Valid eBird observation
TX,greegr,Great Egret,Ardea alba,L77409113,"7545 Texas 36, Brazoria, Texas, US (29.002, -95.536)",2026-09-19 11:56:00,1.0,29.0021185,-95.5358466,True,False,True,S394290191,2026-09-19 11:56,2026-09-19,2026,9,262,11.0,56.0,True,Fall,True,True,,False,False,False,False,KEEP,Valid eBird observation
TX,categr1,Western Cattle-Egret,Ardea ibis,L77409113,"7545 Texas 36, Brazoria, Texas, US (29.002, -95.536)",2026-09-19 11:56:00,385.0,29.0021185,-95.5358466,True,False,True,S394290191,2026-09-19 11:56,2026-09-19,2026,9,262,11.0,56.0,True,Fall,True,True,,False,False,False,False,KEEP,Valid eBird observation
TX,turvul,Turkey Vulture,Cathartes aura,L77409113,"7545 Texas 36, Brazoria, Texas, US (29.002, -95.536)",2026-09-19 11:56:00,3.0,29.0021185,-95.5358466,True,False,True,S394290191,2026-09-19 11:56,2026-09-19,2026,9,262,11.0,56.0,True,Fall,True,True,,False,False,False,False,KEEP,Valid eBird observation
TX,balori,Baltimore Oriole,Icterus galbula,L77408793,"6615 Wilton Circle, Austin, Texas, US (30.209, -97.812)",2026-09-19 11:53:00,1.0,30.2092188,-97.8117694,True,False,True,S394287968,2026-09-19 11:53,2026-09-19,2026,9,262,11.0,53.0,True,Fall,True,True,,False,False,False,False,KEEP,Valid eBird observation
TX,amecro,American Crow,Corvus brachyrhynchos,L77408905,"4229–4259 US-277 N, Weinert US-TX 33.28561, -99.68479",2026-09-19 11:52:00,1.0,33.28561,-99.684786,True,False,True,S394288705,2026-09-19 11:52,2026-09-19,2026,9,262,11.0,52.0,True,Fall,True,True,,False,False,False,False,KEEP,Valid eBird observation
TX,whwdov,White-winged Dove,Zenaida asiatica,L77408905,"4229–4259 US-277 N, Weinert US-TX 33.28561, -99.68479",2026-09-19 11:52:00,2.0,33.28561,-99.684786,True,False,True,S394288705,2026-09-19 11:52,2026-09-19,2026,9,262,11.0,52.0,True,Fall,True,True,,False,False,False,False,KEEP,Valid eBird observation
TX,redegr,Reddish Egret,Egretta rufescens,L77408577,"SH-361, Aransas Pass US-TX (27.8595,-97.0816)",2026-09-19 11:50:00,2.0,27.859525,-97.08161,True,False,True,S394286792,2026-09-19 11:50,2026-09-19,2026,9,262,11.0,50.0,True,Fall,True,True,,False,False,False,False,KEEP,Valid eBird observation
TX,belkin1,Belted Kingfisher,Megaceryle alcyon,L77408577,"SH-361, Aransas Pass US-TX (27.8595,-97.0816)",2026-09-19 11:50:00,1.0,27.859525,-97.08161,True,False,True,S394286792,2026-09-19 11:50,2026-09-19,2026,9,262,11.0,50.0,True,Fall,True,True,,False,False,False,False,KEEP,Valid eBird observation
TX,buggna,Blue-gray Gnatcatcher,Polioptila caerulea,L77409325,"Auto selected 30.06128, -96.73843",2026-09-19 11:47:00,1.0,30.061279,-96.738426,True,False,True,S394291367,2026-09-19 11:47,2026-09-19,2026,9,262,11.0,47.0,True,Fall,True,True,,False,False,False,False,KEEP,Valid eBird observation
TX,carchi,Carolina Chickadee,Poecile carolinensis,L77409325,"Auto selected 30.06128, -96.73843",2026-09-19 11:47:00,2.0,30.061279,-96.738426,True,False,True,S394291367,2026-09-19 11:47,2026-09-19,2026,9,262,11.0,47.0,True,Fall,True,True,,False,False,False,False,KEEP,Valid eBird observation
TX,whiibi,White Ibis,Eudocimus albus,L77409325,"Auto selected 30.06128, -96.73843",2026-09-19 11:47:00,5.0,30.061279,-96.738426,True,False,True,S394291367,2026-09-19 11:47,2026-09-19,2026,9,262,11.0,47.0,True,Fall,True,True,,False,False,False,False,KEEP,Valid eBird observation
TX,normoc,Northern Mockingbird,Mimus polyglottos,L6686695,"Junker Home:  
4923 Clover Lane, Pearland, Texas, US (29.549, -95.34)",2026-09-19 11:44:00,1.0,29.549429,-95.3401683,True,False,True,S394290575,2026-09-19 11:44,2026-09-19,2026,9,262,11.0,44.0,True,Fall,True,True,,False,False,False,False,KEEP,Valid eBird observation
TX,horlar,Horned Lark,Eremophila alpestris,L24091626,CR 1441,2026-09-19 11:43:00,6.0,27.9852668,-97.7020142,True,False,True,S394291612,2026-09-19 11:43,2026-09-19,2026,9,262,11.0,43.0,True,Fall,True,True,,False,False,False,False,KEEP,Valid eBird observation
TX,olsfly,Olive-sided Flycatcher,Contopus cooperi,L24091626,CR 1441,2026-09-19 11:43:00,1.0,27.9852668,-97.7020142,True,False,True,S394291612,2026-09-19 11:43,2026-09-19,2026,9,262,11.0,43.0,True,Fall,True,True,,False,False,False,False,KEEP,Valid eBird observation
TX,killde,Killdeer,Charadrius vociferus,L24091626,CR 1441,2026-09-19 11:43:00,2.0,27.9852668,-97.7020142,True,False,True,S394291612,2026-09-19 11:43,2026-09-19,2026,9,262,11.0,43.0,True,Fall,True,True,,False,False,False,False,KEEP,Valid eBird observation
TX,coukin,Couch's Kingbird,Tyrannus couchii,L24091626,CR 1441,2026-09-19 11:43:00,2.0,27.9852668,-97.7020142,True,False,True,S394291612,2026-09-19 11:43,2026-09-19,2026,9,262,11.0,43.0,True,Fall,True,True,,False,False,False,False,KEEP,Valid eBird observation
TX,amekes,American Kestrel,Falco sparverius,L24091626,CR 1441,2026-09-19 11:43:00,1.0,27.9852668,-97.7020142,True,False,True,S394291612,2026-09-19 11:43,2026-09-19,2026,9,262,11.0,43.0,True,Fall,True,True,,False,False,False,False,KEEP,Valid eBird observation
TX,y00678,Crested Caracara,Caracara plancus,L24091626,CR 1441,2026-09-19 11:43:00,2.0,27.9852668,-97.7020142,True,False,True,S394291612,2026-09-19 11:43,2026-09-19,2026,9,262,11.0,43.0,True,Fall,True,True,,False,False,False,False,KEEP,Valid eBird observation
TX,easkin,Eastern Kingbird,Tyrannus tyrannus,L24091626,CR 1441,2026-09-19 11:43:00,1.0,27.9852668,-97.7020142,True,False,True,S394291612,2026-09-19 11:43,2026-09-19,2026,9,262,11.0,43.0,True,Fall,True,True,,False,False,False,False,KEEP,Valid eBird observation
TX,bubsan,Buff-breasted Sandpiper,Calidris subruficollis,L24091626,CR 1441,2026-09-19 11:43:00,12.0,27.9852668,-97.7020142,True,False,True,S394291612,2026-09-19 11:43,2026-09-19,2026,9,262,11.0,43.0,True,Fall,True,True,,False,False,False,False,KEEP,Valid eBird observation
TX,sctfly,Scissor-tailed Flycatcher,Tyrannus forficatus,L24091626,CR 1441,2026-09-19 11:43:00,1.0,27.9852668,-97.7020142,True,False,True,S394291612,2026-09-19 11:43,2026-09-19,2026,9,262,11.0,43.0,True,Fall,True,True,,False,False,False,False,KEEP,Valid eBird observation
TX,rthhum,Ruby-throated Hummingbird,Archilochus colubris,L12507870,Lockwood Farm (272),2026-09-19 11:42:00,3.0,33.5947257,-101.5305094,True,False,True,S394283911,2026-09-19 11:42,2026-09-19,2026,9,262,11.0,42.0,True,Fall,True,True,,False,False,False,False,KEEP,Valid eBird observation
TX,yelwar1,Northern Yellow Warbler,Setophaga aestiva,L1415305,Lake Ray Hubbard--Robertson Park--N. of I-30 (Dallas Co.),2026-09-19 11:42:00,2.0,32.8790448,-96.5267165,True,False,False,S394289614,2026-09-19 11:42,2026-09-19,2026,9,262,11.0,42.0,True,Fall,True,True,,False,False,False,False,KEEP,Valid eBird observation
TX,dowwoo,Downy Woodpecker,Dryobates pubescens,L74468224,GFB@CampbellGreen Headquarters,2026-09-19 11:40:00,1.0,32.977515,-96.787155,True,False,True,S394285221,2026-09-19 11:40,2026-09-19,2026,9,262,11.0,40.0,True,Fall,True,True,,False,False,False,False,KEEP,Valid eBird observation
TX,chiswi,Chimney Swift,Chaetura pelagica,L74468224,GFB@CampbellGreen Headquarters,2026-09-19 11:40:00,1.0,32.977515,-96.787155,True,False,True,S394285221,2026-09-19 11:40,2026-09-19,2026,9,262,11.0,40.0,True,Fall,True,True,,False,False,False,False,KEEP,Valid eBird observation
TX,amered,American Redstart,Setophaga ruticilla,L74468224,GFB@CampbellGreen Headquarters,2026-09-19 11:40:00,1.0,32.977515,-96.787155,True,False,True,S394285221,2026-09-19 11:40,2026-09-19,2026,9,262,11.0,40.0,True,Fall,True,True,,False,False,False,False,KEEP,Valid eBird observation
TX,eursta,European Starling,Sturnus vulgaris,L77407861,"9305 Texas 90, Navasota, Texas, US (30.397, -96.07)",2026-09-19 11:39:00,5.0,30.3974626,-96.0699455,True,False,True,S394282743,2026-09-19 11:39,2026-09-19,2026,9,262,11.0,39.0,True,Fall,True,True,,False,False,False,False,KEEP,Valid eBird observation
TX,gnwtea,Green-winged Teal,Anas crecca,L15947026,"Farm to Market Road 378, Lorenzo, Texas, US (33.618, -101.527)",2026-09-19 11:34:00,14.0,33.6181311,-101.5266902,True,False,True,S394281193,2026-09-19 11:34,2026-09-19,2026,9,262,11.0,34.0,True,Fall,True,True,,False,False,False,False,KEEP,Valid eBird observation
TX,lobdow,Long-billed Dowitcher,Limnodromus scolopaceus,L15947026,"Farm to Market Road 378, Lorenzo, Texas, US (33.618, -101.527)",2026-09-19 11:34:00,9.0,33.6181311,-101.5266902,True,False,True,S394281193,2026-09-19 11:34,2026-09-19,2026,9,262,11.0,34.0,True,Fall,True,True,,False,False,False,False,KEEP,Valid eBird observation
TX,osprey,Osprey,Pandion haliaetus,L1316683,Brady Creek Reservoir/Lake Brady Park,2026-09-19 11:34:00,1.0,31.1364548,-99.3979025,True,False,False,S394283704,2026-09-19 11:34,2026-09-19,2026,9,262,11.0,34.0,True,Fall,True,True,,False,False,False,False,KEEP,Valid eBird observation
TX,buwtea,Blue-winged Teal,Spatula discors,L15947026,"Farm to Market Road 378, Lorenzo, Texas, US (33.618, -101.527)",2026-09-19 11:34:00,1.0,33.6181311,-101.5266902,True,False,True,S394281193,2026-09-19 11:34,2026-09-19,2026,9,262,11.0,34.0,True,Fall,True,True,,False,False,False,False,KEEP,Valid eBird observation
TX,cangoo,Canada Goose,Branta canadensis,L76118853,Asher's Home Canal,2026-09-19 11:31:00,23.0,32.4146818,-97.7196819,True,False,True,S394289757,2026-09-19 11:31,2026-09-19,2026,9,262,11.0,31.0,True,Fall,True,True,,False,False,False,False,KEEP,Valid eBird observation
TX,y00475,American Coot,Fulica americana,L76118853,Asher's Home Canal,2026-09-19 11:31:00,1.0,32.4146818,-97.7196819,True,False,True,S394289757,2026-09-19 11:31,2026-09-19,2026,9,262,11.0,31.0,True,Fall,True,True,,False,False,False,False,KEEP,Valid eBird observation
TX,whevir,White-eyed Vireo,Vireo griseus,L77408798,"Demonstration Garden, S University Dr, Nacogdoches US-TX (31.5993,-94.6486)",2026-09-19 11:31:00,2.0,31.59925,-94.648634,True,False,True,S394288026,2026-09-19 11:31,2026-09-19,2026,9,262,11.0,31.0,True,Fall,True,True,,False,False,False,False,KEEP,Valid eBird observation
TX,tuftit,Tufted Titmouse,Baeolophus bicolor,L77408798,"Demonstration Garden, S University Dr, Nacogdoches US-TX (31.5993,-94.6486)",2026-09-19 11:31:00,1.0,31.59925,-94.648634,True,False,True,S394288026,2026-09-19 11:31,2026-09-19,2026,9,262,11.0,31.0,True,Fall,True,True,,False,False,False,False,KEEP,Valid eBird observation
TX,mallar3,Mallard,Anas platyrhynchos,L76118853,Asher's Home Canal,2026-09-19 11:31:00,12.0,32.4146818,-97.7196819,True,False,True,S394289757,2026-09-19 11:31,2026-09-19,2026,9,262,11.0,31.0,True,Fall,True,True,,False,False,False,False,KEEP,Valid eBird observation
TX,rewbla,Red-winged Blackbird,Agelaius phoeniceus,L76118853,Asher's Home Canal,2026-09-19 11:31:00,4.0,32.4146818,-97.7196819,True,False,True,S394289757,2026-09-19 11:31,2026-09-19,2026,9,262,11.0,31.0,True,Fall,True,True,,False,False,False,False,KEEP,Valid eBird observation
TX,carwre,Carolina Wren,Thryothorus ludovicianus,L77408798,"Demonstration Garden, S University Dr, Nacogdoches US-TX (31.5993,-94.6486)",2026-09-19 11:31:00,2.0,31.59925,-94.648634,True,False,True,S394288026,2026-09-19 11:31,2026-09-19,2026,9,262,11.0,31.0,True,Fall,True,True,,False,False,False,False,KEEP,Valid eBird observation
TX,reshaw,Red-shouldered Hawk,Buteo lineatus,L77408798,"Demonstration Garden, S University Dr, Nacogdoches US-TX (31.5993,-94.6486)",2026-09-19 11:31:00,1.0,31.59925,-94.648634,True,False,True,S394288026,2026-09-19 11:31,2026-09-19,2026,9,262,11.0,31.0,True,Fall,True,True,,False,False,False,False,KEEP,Valid eBird observation
TX,rebwoo,Red-bellied Woodpecker,Melanerpes carolinus,L77408798,"Demonstration Garden, S University Dr, Nacogdoches US-TX (31.5993,-94.6486)",2026-09-19 11:31:00,1.0,31.59925,-94.648634,True,False,True,S394288026,2026-09-19 11:31,2026-09-19,2026,9,262,11.0,31.0,True,Fall,True,True,,False,False,False,False,KEEP,Valid eBird observation
TX,comgra,Common Grackle,Quiscalus quiscula,L76118853,Asher's Home Canal,2026-09-19 11:31:00,3.0,32.4146818,-97.7196819,True,False,True,S394289757,2026-09-19 11:31,2026-09-19,2026,9,262,11.0,31.0,True,Fall,True,True,,False,False,False,False,KEEP,Valid eBird observation
TX,norcar,Northern Cardinal,Cardinalis cardinalis,L77408798,"Demonstration Garden, S University Dr, Nacogdoches US-TX (31.5993,-94.6486)",2026-09-19 11:31:00,7.0,31.59925,-94.648634,True,False,True,S394288026,2026-09-19 11:31,2026-09-19,2026,9,262,11.0,31.0,True,Fall,True,True,,False,False,False,False,KEEP,Valid eBird observation
TX,doccor,Double-crested Cormorant,Nannopterum auritum,L76118853,Asher's Home Canal,2026-09-19 11:31:00,3.0,32.4146818,-97.7196819,True,False,True,S394289757,2026-09-19 11:31,2026-09-19,2026,9,262,11.0,31.0,True,Fall,True,True,,False,False,False,False,KEEP,Valid eBird observation
TX,easblu,Eastern Bluebird,Sialia sialis,L77408798,"Demonstration Garden, S University Dr, Nacogdoches US-TX (31.5993,-94.6486)",2026-09-19 11:31:00,2.0,31.59925,-94.648634,True,False,True,S394288026,2026-09-19 11:31,2026-09-19,2026,9,262,11.0,31.0,True,Fall,True,True,,False,False,False,False,KEEP,Valid eBird observation
TX,easpho,Eastern Phoebe,Sayornis phoebe,L76118853,Asher's Home Canal,2026-09-19 11:31:00,1.0,32.4146818,-97.7196819,True,False,True,S394289757,2026-09-19 11:31,2026-09-19,2026,9,262,11.0,31.0,True,Fall,True,True,,False,False,False,False,KEEP,Valid eBird observation
TX,egygoo,Egyptian Goose,Alopochen aegyptiaca,L76118853,Asher's Home Canal,2026-09-19 11:31:00,19.0,32.4146818,-97.7196819,True,False,True,S394289757,2026-09-19 11:31,2026-09-19,2026,9,262,11.0,31.0,True,Fall,True,True,,False,False,False,False,KEEP,Valid eBird observation
TX,grnher,Green Heron,Butorides virescens,L4929839,Woodlake Pond,2026-09-19 11:29:00,1.0,33.0045247,-96.8843293,True,False,False,S394279504,2026-09-19 11:29,2026-09-19,2026,9,262,11.0,29.0,True,Fall,True,True,,False,False,False,False,KEEP,Valid eBird observation
TX,greroa,Greater Roadrunner,Geococcyx californianus,L4337796,Hamilton Co.--CR211 wetlands,2026-09-19 11:29:00,1.0,31.7685658,-98.0868816,True,False,False,S394290640,2026-09-19 11:29,2026-09-19,2026,9,262,11.0,29.0,True,Fall,True,True,,False,False,False,False,KEEP,Valid eBird observation
TX,barswa,Barn Swallow,Hirundo rustica,L4337796,Hamilton Co.--CR211 wetlands,2026-09-19 11:29:00,1.0,31.7685658,-98.0868816,True,False,False,S394290640,2026-09-19 11:29,2026-09-19,2026,9,262,11.0,29.0,True,Fall,True,True,,False,False,False,False,KEEP,Valid eBird observation
TX,incdov,Inca Dove,Columbina inca,L73286934,Este Garden,2026-09-19 11:28:00,4.0,30.2836324,-97.7193514,True,False,True,S394278606,2026-09-19 11:28,2026-09-19,2026,9,262,11.0,28.0,True,Fall,True,True,,False,False,False,False,KEEP,Valid eBird observation
TX,snoegr,Snowy Egret,Egretta thula,L728714,Sea Center Texas (UTC 113),2026-09-19 11:25:00,2.0,29.0177105,-95.4456139,True,False,False,S394287382,2026-09-19 11:25,2026-09-19,2026,9,262,11.0,25.0,True,Fall,True,True,,False,False,False,False,KEEP,Valid eBird observation
TX,bkchum,Black-chinned Hummingbird,Archilochus alexandri,L728714,Sea Center Texas (UTC 113),2026-09-19 11:25:00,1.0,29.0177105,-95.4456139,True,False,False,S394287382,2026-09-19 11:25,2026-09-19,2026,9,262,11.0,25.0,True,Fall,True,True,,False,False,False,False,KEEP,Valid eBird observation
TX,triher,Tricolored Heron,Egretta tricolor,L728714,Sea Center Texas (UTC 113),2026-09-19 11:25:00,4.0,29.0177105,-95.4456139,True,False,False,S394287382,2026-09-19 11:25,2026-09-19,2026,9,262,11.0,25.0,True,Fall,True,True,,False,False,False,False,KEEP,Valid eBird observation
TX,libher,Little Blue Heron,Egretta caerulea,L728714,Sea Center Texas (UTC 113),2026-09-19 11:25:00,1.0,29.0177105,-95.4456139,True,False,False,S394287382,2026-09-19 11:25,2026-09-19,2026,9,262,11.0,25.0,True,Fall,True,True,,False,False,False,False,KEEP,Valid eBird observation
TX,neocor,Neotropic Cormorant,Nannopterum brasilianum,L728714,Sea Center Texas (UTC 113),2026-09-19 11:25:00,4.0,29.0177105,-95.4456139,True,False,False,S394287382,2026-09-19 11:25,2026-09-19,2026,9,262,11.0,25.0,True,Fall,True,True,,False,False,False,False,KEEP,Valid eBird observation
TX,grbher3,Great Blue Heron,Ardea herodias,L77406967,"FM-1963, Rosebud US-TX 31.06399, -96.99982",2026-09-19 11:23:00,1.0,31.063995,-96.999817,True,False,True,S394277609,2026-09-19 11:23,2026-09-19,2026,9,262,11.0,23.0,True,Fall,True,True,,False,False,False,False,KEEP,Valid eBird observation
TX,leafly,Least Flycatcher,Empidonax minimus,L335164,Meadow Lake,2026-09-19 11:18:00,1.0,30.545516,-97.660819,True,False,False,S394291077,2026-09-19 11:18,2026-09-19,2026,9,262,11.0,18.0,True,Fall,True,True,,False,False,False,False,KEEP,Valid eBird observation
TX,wlswar,Wilson's Warbler,Cardellina pusilla,L335164,Meadow Lake,2026-09-19 11:18:00,4.0,30.545516,-97.660819,True,False,False,S394291077,2026-09-19 11:18,2026-09-19,2026,9,262,11.0,18.0,True,Fall,True,True,,False,False,False,False,KEEP,Valid eBird observation
TX,laugul,Laughing Gull,Leucophaeus atricilla,L9134156,"Roberts Point Park, Port Aransas",2026-09-19 11:17:00,10.0,27.8410344,-97.0641445,True,False,False,S394277021,2026-09-19 11:17,2026-09-19,2026,9,262,11.0,17.0,True,Fall,True,True,,False,False,False,False,KEEP,Valid eBird observation
TX,brnpel,Brown Pelican,Pelecanus occidentalis,L9134156,"Roberts Point Park, Port Aransas",2026-09-19 11:17:00,20.0,27.8410344,-97.0641445,True,False,False,S394277021,2026-09-19 11:17,2026-09-19,2026,9,262,11.0,17.0,True,Fall,True,True,,False,False,False,False,KEEP,Valid eBird observation
TX,forter,Forster's Tern,Sterna forsteri,L9134156,"Roberts Point Park, Port Aransas",2026-09-19 11:17:00,2.0,27.8410344,-97.0641445,True,False,False,S394277021,2026-09-19 11:17,2026-09-19,2026,9,262,11.0,17.0,True,Fall,True,True,,False,False,False,False,KEEP,Valid eBird observation
TX,leasan,Least Sandpiper,Calidris minutilla,L301943,Port Aransas Wetland Park (CTC 059),2026-09-19 11:11:00,40.0,27.825,-97.071,True,False,False,S394284816,2026-09-19 11:11,2026-09-19,2026,9,262,11.0,11.0,True,Fall,True,True,,False,False,False,False,KEEP,Valid eBird observation
TX,blkter,Black Tern,Chlidonias niger,L301943,Port Aransas Wetland Park (CTC 059),2026-09-19 11:11:00,2.0,27.825,-97.071,True,False,False,S394284816,2026-09-19 11:11,2026-09-19,2026,9,262,11.0,11.0,True,Fall,True,True,,False,False,False,False,KEEP,Valid eBird observation
TX,lesyel,Lesser Yellowlegs,Tringa flavipes,L301943,Port Aransas Wetland Park (CTC 059),2026-09-19 11:11:00,1.0,27.825,-97.071,True,False,False,S394284816,2026-09-19 11:11,2026-09-19,2026,9,262,11.0,11.0,True,Fall,True,True,,False,False,False,False,KEEP,Valid eBird observation
TX,dunlin,Dunlin,Calidris alpina,L301943,Port Aransas Wetland Park (CTC 059),2026-09-19 11:11:00,1.0,27.825,-97.071,True,False,False,S394284816,2026-09-19 11:11,2026-09-19,2026,9,262,11.0,11.0,True,Fall,True,True,,False,False,False,False,KEEP,Valid eBird observation
TX,bknsti,Black-necked Stilt,Himantopus mexicanus,L301943,Port Aransas Wetland Park (CTC 059),2026-09-19 11:11:00,5.0,27.825,-97.071,True,False,False,S394284816,2026-09-19 11:11,2026-09-19,2026,9,262,11.0,11.0,True,Fall,True,True,,False,False,False,False,KEEP,Valid eBird observation
TX,stisan,Stilt Sandpiper,Calidris himantopus,L301943,Port Aransas Wetland Park (CTC 059),2026-09-19 11:11:00,6.0,27.825,-97.071,True,False,False,S394284816,2026-09-19 11:11,2026-09-19,2026,9,262,11.0,11.0,True,Fall,True,True,,False,False,False,False,KEEP,Valid eBird observation
TX,grtgra,Great-tailed Grackle,Quiscalus mexicanus,L301943,Port Aransas Wetland Park (CTC 059),2026-09-19 11:11:00,3.0,27.825,-97.071,True,False,False,S394284816,2026-09-19 11:11,2026-09-19,2026,9,262,11.0,11.0,True,Fall,True,True,,False,False,False,False,KEEP,Valid eBird observation
TX,wessan,Western Sandpiper,Calidris mauri,L301943,Port Aransas Wetland Park (CTC 059),2026-09-19 11:11:00,30.0,27.825,-97.071,True,False,False,S394284816,2026-09-19 11:11,2026-09-19,2026,9,262,11.0,11.0,True,Fall,True,True,,False,False,False,False,KEEP,Valid eBird observation
TX,blkski,Black Skimmer,Rynchops niger,L301943,Port Aransas Wetland Park (CTC 059),2026-09-19 11:11:00,6.0,27.825,-97.071,True,False,False,S394284816,2026-09-19 11:11,2026-09-19,2026,9,262,11.0,11.0,True,Fall,True,True,,False,False,False,False,KEEP,Valid eBird observation
TX,semplo,Semipalmated Plover,Charadrius semipalmatus,L301943,Port Aransas Wetland Park (CTC 059),2026-09-19 11:11:00,8.0,27.825,-97.071,True,False,False,S394284816,2026-09-19 11:11,2026-09-19,2026,9,262,11.0,11.0,True,Fall,True,True,,False,False,False,False,KEEP,Valid eBird observation
TX,bkbplo,Black-bellied Plover,Pluvialis squatarola,L301943,Port Aransas Wetland Park (CTC 059),2026-09-19 11:11:00,7.0,27.825,-97.071,True,False,False,S394284816,2026-09-19 11:11,2026-09-19,2026,9,262,11.0,11.0,True,Fall,True,True,,False,False,False,False,KEEP,Valid eBird observation
TX,norsho,Northern Shoveler,Spatula clypeata,L301943,Port Aransas Wetland Park (CTC 059),2026-09-19 11:11:00,1.0,27.825,-97.071,True,False,False,S394284816,2026-09-19 11:11,2026-09-19,2026,9,262,11.0,11.0,True,Fall,True,True,,False,False,False,False,KEEP,Valid eBird observation
TX,rudtur,Ruddy Turnstone,Arenaria interpres,L301943,Port Aransas Wetland Park (CTC 059),2026-09-19 11:11:00,2.0,27.825,-97.071,True,False,False,S394284816,2026-09-19 11:11,2026-09-19,2026,9,262,11.0,11.0,True,Fall,True,True,,False,False,False,False,KEEP,Valid eBird observation
TX,pipplo,Piping Plover,Charadrius melodus,L301943,Port Aransas Wetland Park (CTC 059),2026-09-19 11:11:00,13.0,27.825,-97.071,True,False,False,S394284816,2026-09-19 11:11,2026-09-19,2026,9,262,11.0,11.0,True,Fall,True,True,,False,False,False,False,KEEP,Valid eBird observation
TX,greyel,Greater Yellowlegs,Tringa melanoleuca,L301943,Port Aransas Wetland Park (CTC 059),2026-09-19 11:11:00,3.0,27.825,-97.071,True,False,False,S394284816,2026-09-19 11:11,2026-09-19,2026,9,262,11.0,11.0,True,Fall,True,True,,False,False,False,False,KEEP,Valid eBird observation
TX,willet1,Willet,Tringa semipalmata,L301943,Port Aransas Wetland Park (CTC 059),2026-09-19 11:11:00,3.0,27.825,-97.071,True,False,False,S394284816,2026-09-19 11:11,2026-09-19,2026,9,262,11.0,11.0,True,Fall,True,True,,False,False,False,False,KEEP,Valid eBird observation
TX,rosspo1,Roseate Spoonbill,Platalea ajaja,L301943,Port Aransas Wetland Park (CTC 059),2026-09-19 11:11:00,20.0,27.825,-97.071,True,False,False,S394284816,2026-09-19 11:11,2026-09-19,2026,9,262,11.0,11.0,True,Fall,True,True,,False,False,False,False,KEEP,Valid eBird observation
TX,motduc,Mottled Duck,Anas fulvigula,L301943,Port Aransas Wetland Park (CTC 059),2026-09-19 11:11:00,4.0,27.825,-97.071,True,False,False,S394284816,2026-09-19 11:11,2026-09-19,2026,9,262,11.0,11.0,True,Fall,True,True,,False,False,False,False,KEEP,Valid eBird observation
TX,gubter2,Gull-billed Tern,Gelochelidon nilotica,L301943,Port Aransas Wetland Park (CTC 059),2026-09-19 11:11:00,3.0,27.825,-97.071,True,False,False,S394284816,2026-09-19 11:11,2026-09-19,2026,9,262,11.0,11.0,True,Fall,True,True,,False,False,False,False,KEEP,Valid eBird observation
TX,ycnher,Yellow-crowned Night Heron,Nyctanassa violacea,L1505042,Bolivar Flats Shorebird Sanctuary--Rettilon Rd,2026-09-19 11:06:00,1.0,29.3872984,-94.7278439,True,False,False,S394273517,2026-09-19 11:06,2026-09-19,2026,9,262,11.0,6.0,True,Fall,True,True,,False,False,False,False,KEEP,Valid eBird observation
TX,royter1,Royal Tern,Thalasseus maximus,L1505042,Bolivar Flats Shorebird Sanctuary--Rettilon Rd,2026-09-19 11:06:00,1.0,29.3872984,-94.7278439,True,False,False,S394273517,2026-09-19 11:06,2026-09-19,2026,9,262,11.0,6.0,True,Fall,True,True,,False,False,False,False,KEEP,Valid eBird observation
TX,bcnher,Black-crowned Night Heron,Nycticorax nycticorax,L1505042,Bolivar Flats Shorebird Sanctuary--Rettilon Rd,2026-09-19 11:06:00,1.0,29.3872984,-94.7278439,True,False,False,S394273517,2026-09-19 11:06,2026-09-19,2026,9,262,11.0,6.0,True,Fall,True,True,,False,False,False,False,KEEP,Valid eBird observation
TX,dickci,Dickcissel,Spiza americana,L5148631,San Patricio Co.--CR1906,2026-09-19 11:04:00,5.0,27.9254692,-97.4979007,True,False,False,S394274228,2026-09-19 11:04,2026-09-19,2026,9,262,11.0,4.0,True,Fall,True,True,,False,False,False,False,KEEP,Valid eBird observation
TX,logshr,Loggerhead Shrike,Lanius ludovicianus,L5148631,San Patricio Co.--CR1906,2026-09-19 11:04:00,2.0,27.9254692,-97.4979007,True,False,False,S394274228,2026-09-19 11:04,2026-09-19,2026,9,262,11.0,4.0,True,Fall,True,True,,False,False,False,False,KEEP,Valid eBird observation
TX,comnig,Common Nighthawk,Chordeiles minor,L5148631,San Patricio Co.--CR1906,2026-09-19 11:04:00,1.0,27.9254692,-97.4979007,True,False,False,S394274228,2026-09-19 11:04,2026-09-19,2026,9,262,11.0,4.0,True,Fall,True,True,,False,False,False,False,KEEP,Valid eBird observation
TX,blctit4,Black-crested Titmouse,Baeolophus atricristatus,L51545209,"Garza Property, Post Oak View, San Antonio, TX, USA",2026-09-19 11:03:00,2.0,29.1616917,-98.4669029,True,False,True,S394291514,2026-09-19 11:03,2026-09-19,2026,9,262,11.0,3.0,True,Fall,True,True,,False,False,False,False,KEEP,Valid eBird observation
TX,labwoo,Ladder-backed Woodpecker,Dryobates scalaris,L51545209,"Garza Property, Post Oak View, San Antonio, TX, USA",2026-09-19 11:03:00,2.0,29.1616917,-98.4669029,True,False,True,S394291514,2026-09-19 11:03,2026-09-19,2026,9,262,11.0,3.0,True,Fall,True,True,,False,False,False,False,KEEP,Valid eBird observation
TX,eucdov,Eurasian Collared-Dove,Streptopelia decaocto,L142590,Pollinator Ranch,2026-09-19 11:02:00,1.0,33.385498,-97.4889832,True,False,True,S394287835,2026-09-19 11:02,2026-09-19,2026,9,262,11.0,2.0,True,Fall,True,True,,False,False,False,False,KEEP,Valid eBird observation
TX,shshaw,Sharp-shinned Hawk,Accipiter striatus,L142590,Pollinator Ranch,2026-09-19 11:02:00,1.0,33.385498,-97.4889832,True,False,True,S394287835,2026-09-19 11:02,2026-09-19,2026,9,262,11.0,2.0,True,Fall,True,True,,False,False,False,False,KEEP,Valid eBird observation
TX,lesgol,Lesser Goldfinch,Spinus psaltria,L574876,Walter E. Long Lake (HOTE-036),2026-09-19 11:01:00,2.0,30.2836775,-97.6080322,True,False,False,S394277196,2026-09-19 11:01,2026-09-19,2026,9,262,11.0,1.0,True,Fall,True,True,,False,False,False,False,KEEP,Valid eBird observation
TX,whfibi,White-faced Ibis,Plegadis chihi,L574876,Walter E. Long Lake (HOTE-036),2026-09-19 11:01:00,5.0,30.2836775,-97.6080322,True,False,False,S394277196,2026-09-19 11:01,2026-09-19,2026,9,262,11.0,1.0,True,Fall,True,True,,False,False,False,False,KEEP,Valid eBird observation
TX,amegfi,American Goldfinch,Spinus tristis,L574876,Walter E. Long Lake (HOTE-036),2026-09-19 11:01:00,2.0,30.2836775,-97.6080322,True,False,False,S394277196,2026-09-19 11:01,2026-09-19,2026,9,262,11.0,1.0,True,Fall,True,True,,False,False,False,False,KEEP,Valid eBird observation
TX,houfin,House Finch,Haemorhous mexicanus,L574876,Walter E. Long Lake (HOTE-036),2026-09-19 11:01:00,3.0,30.2836775,-97.6080322,True,False,False,S394277196,2026-09-19 11:01,2026-09-19,2026,9,262,11.0,1.0,True,Fall,True,True,,False,False,False,False,KEEP,Valid eBird observation
TX,larspa,Lark Sparrow,Chondestes grammacus,L574876,Walter E. Long Lake (HOTE-036),2026-09-19 11:01:00,1.0,30.2836775,-97.6080322,True,False,False,S394277196,2026-09-19 11:01,2026-09-19,2026,9,262,11.0,1.0,True,Fall,True,True,,False,False,False,False,KEEP,Valid eBird observation
TX,eargre,Eared Grebe,Podiceps nigricollis,L574876,Walter E. Long Lake (HOTE-036),2026-09-19 11:01:00,1.0,30.2836775,-97.6080322,True,False,False,S394277196,2026-09-19 11:01,2026-09-19,2026,9,262,11.0,1.0,True,Fall,True,True,,False,False,False,False,KEEP,Valid eBird observation
TX,pibgre,Pied-billed Grebe,Podilymbus podiceps,L574876,Walter E. Long Lake (HOTE-036),2026-09-19 11:01:00,2.0,30.2836775,-97.6080322,True,False,False,S394277196,2026-09-19 11:01,2026-09-19,2026,9,262,11.0,1.0,True,Fall,True,True,,False,False,False,False,KEEP,Valid eBird observation
TX,bubhum,Buff-bellied Hummingbird,Amazilia yucatanensis,L249887,Quinta Mazatlan WBC (LTC 063),2026-09-19 11:00:00,4.0,26.176876,-98.2309932,True,False,False,S394289337,2026-09-19 11:00,2026-09-19,2026,9,262,11.0,0.0,True,Fall,True,True,,False,False,False,False,KEEP,Valid eBird observation
TX,altori,Altamira Oriole,Icterus gularis,L249887,Quinta Mazatlan WBC (LTC 063),2026-09-19 11:00:00,1.0,26.176876,-98.2309932,True,False,False,S394289337,2026-09-19 11:00,2026-09-19,2026,9,262,11.0,0.0,True,Fall,True,True,,False,False,False,False,KEEP,Valid eBird observation
TX,hooori,Hooded Oriole,Icterus cucullatus,L249887,Quinta Mazatlan WBC (LTC 063),2026-09-19 11:00:00,1.0,26.176876,-98.2309932,True,False,False,S394289337,2026-09-19 11:00,2026-09-19,2026,9,262,11.0,0.0,True,Fall,True,True,,False,False,False,False,KEEP,Valid eBird observation
TX,grekis,Great Kiskadee,Pitangus sulphuratus,L249887,Quinta Mazatlan WBC (LTC 063),2026-09-19 11:00:00,1.0,26.176876,-98.2309932,True,False,False,S394289337,2026-09-19 11:00,2026-09-19,2026,9,262,11.0,0.0,True,Fall,True,True,,False,False,False,False,KEEP,Valid eBird observation
TX,gofwoo,Golden-fronted Woodpecker,Melanerpes aurifrons,L249887,Quinta Mazatlan WBC (LTC 063),2026-09-19 11:00:00,2.0,26.176876,-98.2309932,True,False,False,S394289337,2026-09-19 11:00,2026-09-19,2026,9,262,11.0,0.0,True,Fall,True,True,,False,False,False,False,KEEP,Valid eBird observation
TX,clcrob,Clay-colored Thrush,Turdus grayi,L249887,Quinta Mazatlan WBC (LTC 063),2026-09-19 11:00:00,15.0,26.176876,-98.2309932,True,False,False,S394289337,2026-09-19 11:00,2026-09-19,2026,9,262,11.0,0.0,True,Fall,True,True,,False,False,False,False,KEEP,Valid eBird observation
TX,amerob,American Robin,Turdus migratorius,L77073899,"1301 Live Oak Dr, Belton US-TX 31.06095, -97.44709",2026-09-19 10:59:00,1.0,31.060952,-97.447089,True,False,True,S394269559,2026-09-19 10:59,2026-09-19,2026,9,262,10.0,59.0,True,Fall,True,True,,False,False,False,False,KEEP,Valid eBird observation
TX,bewwre,Bewick's Wren,Thryomanes bewickii,L52720212,Neighborhood Walk,2026-09-19 10:54:00,1.0,30.4296663,-97.7750101,True,False,True,S394272910,2026-09-19 10:54,2026-09-19,2026,9,262,10.0,54.0,True,Fall,True,True,,False,False,False,False,KEEP,Valid eBird observation
TX,rethaw,Red-tailed Hawk,Buteo jamaicensis,L12791604,Hamilton Cemetery,2026-09-19 10:53:00,1.0,31.7102668,-98.1210801,True,False,False,S394267915,2026-09-19 10:53,2026-09-19,2026,9,262,10.0,53.0,True,Fall,True,True,,False,False,False,False,KEEP,Valid eBird observation
TX,brwhaw,Broad-winged Hawk,Buteo platypterus,L12791604,Hamilton Cemetery,2026-09-19 10:53:00,1.0,31.7102668,-98.1210801,True,False,False,S394267915,2026-09-19 10:53,2026-09-19,2026,9,262,10.0,53.0,True,Fall,True,True,,False,False,False,False,KEEP,Valid eBird observation
TX,eawpew,Eastern Wood-Pewee,Contopus virens,L956160,Brackenridge Park--Joske Pavilion & Lambert Beach,2026-09-19 10:51:00,1.0,29.4629383,-98.4698155,True,False,False,S394284431,2026-09-19 10:51,2026-09-19,2026,9,262,10.0,51.0,True,Fall,True,True,,False,False,False,False,KEEP,Valid eBird observation
TX,rocpig,Rock Pigeon,Columba livia,L956160,Brackenridge Park--Joske Pavilion & Lambert Beach,2026-09-19 10:51:00,1.0,29.4629383,-98.4698155,True,False,False,S394284431,2026-09-19 10:51,2026-09-19,2026,9,262,10.0,51.0,True,Fall,True,True,,False,False,False,False,KEEP,Valid eBird observation
TX,blugrb1,Blue Grosbeak,Passerina caerulea,L225644,"Holt Paradise Pond, Port Aransas",2026-09-19 10:50:00,1.0,27.8342117,-97.0720157,True,False,False,S394286086,2026-09-19 10:50,2026-09-19,2026,9,262,10.0,50.0,True,Fall,True,True,,False,False,False,False,KEEP,Valid eBird observation
TX,mouwar,Mourning Warbler,Geothlypis philadelphia,L225644,"Holt Paradise Pond, Port Aransas",2026-09-19 10:50:00,1.0,27.8342117,-97.0720157,True,False,False,S394286086,2026-09-19 10:50,2026-09-19,2026,9,262,10.0,50.0,True,Fall,True,True,,False,False,False,False,KEEP,Valid eBird observation
TX,naswar,Nashville Warbler,Leiothlypis ruficapilla,L225644,"Holt Paradise Pond, Port Aransas",2026-09-19 10:50:00,1.0,27.8342117,-97.0720157,True,False,False,S394286086,2026-09-19 10:50,2026-09-19,2026,9,262,10.0,50.0,True,Fall,True,True,,False,False,False,False,KEEP,Valid eBird observation
TX,yebfly,Yellow-bellied Flycatcher,Empidonax flaviventris,L225644,"Holt Paradise Pond, Port Aransas",2026-09-19 10:50:00,2.0,27.8342117,-97.0720157,True,False,False,S394286086,2026-09-19 10:50,2026-09-19,2026,9,262,10.0,50.0,True,Fall,True,True,,False,False,False,False,KEEP,Valid eBird observation
TX,norwat,Northern Waterthrush,Parkesia noveboracensis,L225644,"Holt Paradise Pond, Port Aransas",2026-09-19 10:50:00,1.0,27.8342117,-97.0720157,True,False,False,S394286086,2026-09-19 10:50,2026-09-19,2026,9,262,10.0,50.0,True,Fall,True,True,,False,False,False,False,KEEP,Valid eBird observation
TX,tenwar,Tennessee Warbler,Leiothlypis peregrina,L225644,"Holt Paradise Pond, Port Aransas",2026-09-19 10:50:00,1.0,27.8342117,-97.0720157,True,False,False,S394286086,2026-09-19 10:50,2026-09-19,2026,9,262,10.0,50.0,True,Fall,True,True,,False,False,False,False,KEEP,Valid eBird observation
TX,canwar,Canada Warbler,Cardellina canadensis,L225644,"Holt Paradise Pond, Port Aransas",2026-09-19 10:50:00,1.0,27.8342117,-97.0720157,True,False,False,S394286086,2026-09-19 10:50,2026-09-19,2026,9,262,10.0,50.0,True,Fall,True,True,,False,False,False,False,KEEP,Valid eBird observation
TX,cliswa,Cliff Swallow,Petrochelidon pyrrhonota,L776165,Uvalde Memorial Park,2026-09-19 10:49:00,3.0,29.2104062,-99.7794843,True,False,False,S394282589,2026-09-19 10:49,2026-09-19,2026,9,262,10.0,49.0,True,Fall,True,True,,False,False,False,False,KEEP,Valid eBird observation
TX,grnjay,Green Jay,Cyanocorax yncas,L776165,Uvalde Memorial Park,2026-09-19 10:49:00,2.0,29.2104062,-99.7794843,True,False,False,S394282589,2026-09-19 10:49,2026-09-19,2026,9,262,10.0,49.0,True,Fall,True,True,,False,False,False,False,KEEP,Valid eBird observation
TX,pyrrhu,Pyrrhuloxia,Cardinalis sinuatus,L55750974,"1779 County Road 124, Floresville US-TX 29.16943, -98.29865",2026-09-19 10:47:00,1.0,29.16943,-98.298646,True,False,True,S394279804,2026-09-19 10:47,2026-09-19,2026,9,262,10.0,47.0,True,Fall,True,True,,False,False,False,False,KEEP,Valid eBird observation
TX,cavswa,Cave Swallow,Petrochelidon fulva,L55750974,"1779 County Road 124, Floresville US-TX 29.16943, -98.29865",2026-09-19 10:47:00,2.0,29.16943,-98.298646,True,False,True,S394279804,2026-09-19 10:47,2026-09-19,2026,9,262,10.0,47.0,True,Fall,True,True,,False,False,False,False,KEEP,Valid eBird observation
TX,houspa,House Sparrow,Passer domesticus,L55750974,"1779 County Road 124, Floresville US-TX 29.16943, -98.29865",2026-09-19 10:47:00,6.0,29.16943,-98.298646,True,False,True,S394279804,2026-09-19 10:47,2026-09-19,2026,9,262,10.0,47.0,True,Fall,True,True,,False,False,False,False,KEEP,Valid eBird observation
TX,norbob,Northern Bobwhite,Colinus virginianus,L55750974,"1779 County Road 124, Floresville US-TX 29.16943, -98.29865",2026-09-19 10:47:00,6.0,29.16943,-98.298646,True,False,True,S394279804,2026-09-19 10:47,2026-09-19,2026,9,262,10.0,47.0,True,Fall,True,True,,False,False,False,False,KEEP,Valid eBird observation
TX,purmar,Purple Martin,Progne subis,L75670385,"Home, Calallen, TX",2026-09-19 10:42:00,,27.8599685,-97.6458443,True,False,True,S394264087,2026-09-19 10:42,2026-09-19,2026,9,262,10.0,42.0,True,Fall,True,True,,True,False,False,True,KEEP,Retained with documented metadata limitation
TX,chirav,Chihuahuan Raven,Corvus cryptoleucus,L12507963,Lockwood Farm 542 (restricted access),2026-09-19 10:38:00,1.0,33.5822984,-101.4874214,True,False,True,S394269225,2026-09-19 10:38,2026-09-19,2026,9,262,10.0,38.0,True,Fall,True,True,,False,False,False,False,KEEP,Valid eBird observation
TX,wilfly,Willow Flycatcher,Empidonax traillii,L12507963,Lockwood Farm 542 (restricted access),2026-09-19 10:38:00,1.0,33.5822984,-101.4874214,True,False,True,S394269225,2026-09-19 10:38,2026-09-19,2026,9,262,10.0,38.0,True,Fall,True,True,,False,False,False,False,KEEP,Valid eBird observation
TX,cubthr,Curve-billed Thrasher,Toxostoma curvirostre,L12507963,Lockwood Farm 542 (restricted access),2026-09-19 10:38:00,2.0,33.5822984,-101.4874214,True,False,True,S394269225,2026-09-19 10:38,2026-09-19,2026,9,262,10.0,38.0,True,Fall,True,True,,False,False,False,False,KEEP,Valid eBird observation
TX,caskin,Cassin's Kingbird,Tyrannus vociferans,L12507963,Lockwood Farm 542 (restricted access),2026-09-19 10:38:00,1.0,33.5822984,-101.4874214,True,False,True,S394269225,2026-09-19 10:38,2026-09-19,2026,9,262,10.0,38.0,True,Fall,True,True,,False,False,False,False,KEEP,Valid eBird observation
TX,brnowl,American Barn Owl,Tyto furcata,L12507963,Lockwood Farm 542 (restricted access),2026-09-19 10:38:00,1.0,33.5822984,-101.4874214,True,False,True,S394269225,2026-09-19 10:38,2026-09-19,2026,9,262,10.0,38.0,True,Fall,True,True,,False,False,False,False,KEEP,Valid eBird observation
TX,sander,Sanderling,Calidris alba,L77406861,Airbnb Pirate’s Beach,2026-09-19 10:35:00,1.0,29.204233,-94.937276,True,False,True,S394277081,2026-09-19 10:35,2026-09-19,2026,9,262,10.0,35.0,True,Fall,True,True,,False,False,False,False,KEEP,Valid eBird observation
TX,whtkit,White-tailed Kite,Elanus leucurus,L1864710,Yard,2026-09-19 10:33:00,1.0,29.2393456,-94.9052501,True,False,True,S394276875,2026-09-19 10:33,2026-09-19,2026,9,262,10.0,33.0,True,Fall,True,True,,False,False,False,False,KEEP,Valid eBird observation
TX,norhar2,Northern Harrier,Circus hudsonius,L1864710,Yard,2026-09-19 10:33:00,1.0,29.2393456,-94.9052501,True,False,True,S394276875,2026-09-19 10:33,2026-09-19,2026,9,262,10.0,33.0,True,Fall,True,True,,False,False,False,False,KEEP,Valid eBird observation
TX,bnhcow,Brown-headed Cowbird,Molothrus ater,L1864710,Yard,2026-09-19 10:33:00,1.0,29.2393456,-94.9052501,True,False,True,S394276875,2026-09-19 10:33,2026-09-19,2026,9,262,10.0,33.0,True,Fall,True,True,,False,False,False,False,KEEP,Valid eBird observation
TX,wiltur,Wild Turkey,Meleagris gallopavo,L55594222,Palo Duro Canyon SP--Outdoor Musical area,2026-09-19 10:32:00,8.0,34.976517,-101.6794792,True,False,False,S394262458,2026-09-19 10:32,2026-09-19,2026,9,262,10.0,32.0,True,Fall,True,True,,False,False,False,False,KEEP,Valid eBird observation
TX,baleag,Bald Eagle,Haliaeetus leucocephalus,L658435,White Rock Lake--Sunset Bay area,2026-09-19 10:30:00,1.0,32.8337313,-96.7121315,True,False,False,S394289719,2026-09-19 10:30,2026-09-19,2026,9,262,10.0,30.0,True,Fall,True,True,,False,False,False,False,KEEP,Valid eBird observation
TX,amwpel,American White Pelican,Pelecanus erythrorhynchos,L658435,White Rock Lake--Sunset Bay area,2026-09-19 10:30:00,4.0,32.8337313,-96.7121315,True,False,False,S394289719,2026-09-19 10:30,2026-09-19,2026,9,262,10.0,30.0,True,Fall,True,True,,False,False,False,False,KEEP,Valid eBird observation
TX,sposan,Spotted Sandpiper,Actitis macularius,L658435,White Rock Lake--Sunset Bay area,2026-09-19 10:29:00,2.0,32.8337313,-96.7121315,True,False,False,S394276640,2026-09-19 10:29,2026-09-19,2026,9,262,10.0,29.0,True,Fall,True,True,,False,False,False,False,KEEP,Valid eBird observation
TX,nrwswa,Northern Rough-winged Swallow,Stelgidopteryx serripennis,L658435,White Rock Lake--Sunset Bay area,2026-09-19 10:29:00,1.0,32.8337313,-96.7121315,True,False,False,S394276640,2026-09-19 10:29,2026-09-19,2026,9,262,10.0,29.0,True,Fall,True,True,,False,False,False,False,KEEP,Valid eBird observation
TX,whthaw,White-tailed Hawk,Geranoaetus albicaudatus,L39423550,Mustang Is SP (Corpus Christi Pass),2026-09-19 10:26:00,1.0,27.649984,-97.191357,True,False,True,S394256428,2026-09-19 10:26,2026-09-19,2026,9,262,10.0,26.0,True,Fall,True,True,,False,False,False,False,KEEP,Valid eBird observation
TX,verdin,Verdin,Auriparus flaviceps,L28476556,"3624 Sayles Boulevard, Abilene, Texas, US (32.408, -99.749)",2026-09-19 10:23:00,1.0,32.4082444,-99.7489881,True,False,True,S394284015,2026-09-19 10:23,2026-09-19,2026,9,262,10.0,23.0,True,Fall,True,True,,False,False,False,False,KEEP,Valid eBird observation
TX,houwre,Northern House Wren,Troglodytes aedon,L28476556,"3624 Sayles Boulevard, Abilene, Texas, US (32.408, -99.749)",2026-09-19 10:23:00,1.0,32.4082444,-99.7489881,True,False,True,S394284015,2026-09-19 10:23,2026-09-19,2026,9,262,10.0,23.0,True,Fall,True,True,,False,False,False,False,KEEP,Valid eBird observation
TX,fiespa,Field Sparrow,Spizella pusilla,L19523074,Guadalupe River SP—Savannah blind,2026-09-19 10:19:00,4.0,29.8591953,-98.4978745,True,False,False,S394287927,2026-09-19 10:19,2026-09-19,2026,9,262,10.0,19.0,True,Fall,True,True,,False,False,False,False,KEEP,Valid eBird observation
TX,savspa,Savannah Sparrow,Passerculus sandwichensis,L19523074,Guadalupe River SP—Savannah blind,2026-09-19 10:19:00,1.0,29.8591953,-98.4978745,True,False,False,S394287927,2026-09-19 10:19,2026-09-19,2026,9,262,10.0,19.0,True,Fall,True,True,,False,False,False,False,KEEP,Valid eBird observation
TX,orcori,Orchard Oriole,Icterus spurius,L74705398,Backyard,2026-09-19 10:17:00,1.0,31.4545704,-100.4840511,True,False,True,S394253210,2026-09-19 10:17,2026-09-19,2026,9,262,10.0,17.0,True,Fall,True,True,,False,False,False,False,KEEP,Valid eBird observation
TX,btnwar,Black-throated Green Warbler,Setophaga virens,L18506328,UT Southwestern Medical Center including rookery,2026-09-19 10:16:00,1.0,32.8139237,-96.8440942,True,False,False,S394274033,2026-09-19 10:16,2026-09-19,2026,9,262,10.0,16.0,True,Fall,True,True,,False,False,False,False,KEEP,Valid eBird observation
TX,clcspa,Clay-colored Sparrow,Spizella pallida,L18506328,UT Southwestern Medical Center including rookery,2026-09-19 10:16:00,1.0,32.8139237,-96.8440942,True,False,False,S394274033,2026-09-19 10:16,2026-09-19,2026,9,262,10.0,16.0,True,Fall,True,True,,False,False,False,False,KEEP,Valid eBird observation
TX,paibun,Painted Bunting,Passerina ciris,L18506328,UT Southwestern Medical Center including rookery,2026-09-19 10:16:00,3.0,32.8139237,-96.8440942,True,False,False,S394274033,2026-09-19 10:16,2026-09-19,2026,9,262,10.0,16.0,True,Fall,True,True,,False,False,False,False,KEEP,Valid eBird observation
TX,ovenbi1,Ovenbird,Seiurus aurocapilla,L18506328,UT Southwestern Medical Center including rookery,2026-09-19 10:16:00,1.0,32.8139237,-96.8440942,True,False,False,S394274033,2026-09-19 10:16,2026-09-19,2026,9,262,10.0,16.0,True,Fall,True,True,,False,False,False,False,KEEP,Valid eBird observation
TX,grycat,Gray Catbird,Dumetella carolinensis,L27055395,"Bird Platform 77498, Sugar Land US-TX 29.63733, -95.65800",2026-09-19 10:13:00,1.0,29.637328,-95.658003,True,False,True,S394274556,2026-09-19 10:13,2026-09-19,2026,9,262,10.0,13.0,True,Fall,True,True,,False,False,False,False,KEEP,Valid eBird observation
TX,limpki,Limpkin,Aramus guarauna,L27055395,"Bird Platform 77498, Sugar Land US-TX 29.63733, -95.65800",2026-09-19 10:13:00,2.0,29.637328,-95.658003,True,False,True,S394274556,2026-09-19 10:13,2026-09-19,2026,9,262,10.0,13.0,True,Fall,True,True,,False,False,False,False,KEEP,Valid eBird observation
TX,bbwduc,Black-bellied Whistling-Duck,Dendrocygna autumnalis,L27055395,"Bird Platform 77498, Sugar Land US-TX 29.63733, -95.65800",2026-09-19 10:13:00,26.0,29.637328,-95.658003,True,False,True,S394274556,2026-09-19 10:13,2026-09-19,2026,9,262,10.0,13.0,True,Fall,True,True,,False,False,False,False,KEEP,Valid eBird observation
TX,grcfly,Great Crested Flycatcher,Myiarchus crinitus,L27055395,"Bird Platform 77498, Sugar Land US-TX 29.63733, -95.65800",2026-09-19 10:13:00,1.0,29.637328,-95.658003,True,False,True,S394274556,2026-09-19 10:13,2026-09-19,2026,9,262,10.0,13.0,True,Fall,True,True,,False,False,False,False,KEEP,Valid eBird observation
TX,indbun,Indigo Bunting,Passerina cyanea,L27055395,"Bird Platform 77498, Sugar Land US-TX 29.63733, -95.65800",2026-09-19 10:13:00,1.0,29.637328,-95.658003,True,False,True,S394274556,2026-09-19 10:13,2026-09-19,2026,9,262,10.0,13.0,True,Fall,True,True,,False,False,False,False,KEEP,Valid eBird observation
TX,pilwoo,Pileated Woodpecker,Dryocopus pileatus,L27055395,"Bird Platform 77498, Sugar Land US-TX 29.63733, -95.65800",2026-09-19 10:13:00,1.0,29.637328,-95.658003,True,False,True,S394274556,2026-09-19 10:13,2026-09-19,2026,9,262,10.0,13.0,True,Fall,True,True,,False,False,False,False,KEEP,Valid eBird observation
TX,comgal1,Common Gallinule,Gallinula galeata,L27055395,"Bird Platform 77498, Sugar Land US-TX 29.63733, -95.65800",2026-09-19 10:13:00,2.0,29.637328,-95.658003,True,False,True,S394274556,2026-09-19 10:13,2026-09-19,2026,9,262,10.0,13.0,True,Fall,True,True,,False,False,False,False,KEEP,Valid eBird observation
TX,anhing,Anhinga,Anhinga anhinga,L27055395,"Bird Platform 77498, Sugar Land US-TX 29.63733, -95.65800",2026-09-19 10:13:00,1.0,29.637328,-95.658003,True,False,True,S394274556,2026-09-19 10:13,2026-09-19,2026,9,262,10.0,13.0,True,Fall,True,True,,False,False,False,False,KEEP,Valid eBird observation
TX,rucspa,Rufous-crowned Sparrow,Aimophila ruficeps,L518531,1--Horizontal Heavens: Blanco/Comal County,2026-09-19 10:12:00,1.0,29.9445229,-98.407588,True,False,True,S394255439,2026-09-19 10:12,2026-09-19,2026,9,262,10.0,12.0,True,Fall,True,True,,False,False,False,False,KEEP,Valid eBird observation
TX,rufhum,Rufous Hummingbird,Selasphorus rufus,L518531,1--Horizontal Heavens: Blanco/Comal County,2026-09-19 10:12:00,2.0,29.9445229,-98.407588,True,False,True,S394255439,2026-09-19 10:12,2026-09-19,2026,9,262,10.0,12.0,True,Fall,True,True,,False,False,False,False,KEEP,Valid eBird observation
TX,canwre,Canyon Wren,Catherpes mexicanus,L54578909,Timpanagos Home,2026-09-19 10:12:00,1.0,30.365956,-97.97201,True,False,True,S394275936,2026-09-19 10:12,2026-09-19,2026,9,262,10.0,12.0,True,Fall,True,True,,False,False,False,False,KEEP,Valid eBird observation
TX,pinwar,Pine Warbler,Setophaga pinus,L77405329,"37438 Farm to Market 2979, Hempstead, Texas, US (30.21, -96.005)",2026-09-19 10:09:00,1.0,30.2097023,-96.0046335,True,False,True,S394269115,2026-09-19 10:09,2026-09-19,2026,9,262,10.0,9.0,True,Fall,True,True,,False,False,False,False,KEEP,Valid eBird observation
TX,rehwoo,Red-headed Woodpecker,Melanerpes erythrocephalus,L77405329,"37438 Farm to Market 2979, Hempstead, Texas, US (30.21, -96.005)",2026-09-19 10:09:00,4.0,30.2097023,-96.0046335,True,False,True,S394269115,2026-09-19 10:09,2026-09-19,2026,9,262,10.0,9.0,True,Fall,True,True,,False,False,False,False,KEEP,Valid eBird observation
TX,coohaw,Cooper's Hawk,Astur cooperii,L11910717,San Angelo Nature Trail,2026-09-19 10:07:00,1.0,31.3769242,-100.5332816,True,False,False,S394283683,2026-09-19 10:07,2026-09-19,2026,9,262,10.0,7.0,True,Fall,True,True,,False,False,False,False,KEEP,Valid eBird observation
TX,sumtan,Summer Tanager,Piranga rubra,L8274975,"2607 River Hills Road, Austin, Texas, US (30.342, -97.848)",2026-09-19 10:07:00,3.0,30.3424767,-97.8476002,True,False,True,S394253972,2026-09-19 10:07,2026-09-19,2026,9,262,10.0,7.0,True,Fall,True,True,,False,False,False,False,KEEP,Valid eBird observation
TX,yebcha,Yellow-breasted Chat,Icteria virens,L11910717,San Angelo Nature Trail,2026-09-19 10:07:00,1.0,31.3769242,-100.5332816,True,False,False,S394283683,2026-09-19 10:07,2026-09-19,2026,9,262,10.0,7.0,True,Fall,True,True,,False,False,False,False,KEEP,Valid eBird observation
TX,bawwar,Black-and-white Warbler,Mniotilta varia,L11910717,San Angelo Nature Trail,2026-09-19 10:07:00,1.0,31.3769242,-100.5332816,True,False,False,S394283683,2026-09-19 10:07,2026-09-19,2026,9,262,10.0,7.0,True,Fall,True,True,,False,False,False,False,KEEP,Valid eBird observation
TX,astfly,Ash-throated Flycatcher,Myiarchus cinerascens,L11910717,San Angelo Nature Trail,2026-09-19 10:07:00,1.0,31.3769242,-100.5332816,True,False,False,S394283683,2026-09-19 10:07,2026-09-19,2026,9,262,10.0,7.0,True,Fall,True,True,,False,False,False,False,KEEP,Valid eBird observation
TX,chispa,Chipping Sparrow,Spizella passerina,L11910717,San Angelo Nature Trail,2026-09-19 10:07:00,4.0,31.3769242,-100.5332816,True,False,False,S394283683,2026-09-19 10:07,2026-09-19,2026,9,262,10.0,7.0,True,Fall,True,True,,False,False,False,False,KEEP,Valid eBird observation
TX,verfly,Vermilion Flycatcher,Pyrocephalus rubinus,L11910717,San Angelo Nature Trail,2026-09-19 10:07:00,3.0,31.3769242,-100.5332816,True,False,False,S394283683,2026-09-19 10:07,2026-09-19,2026,9,262,10.0,7.0,True,Fall,True,True,,False,False,False,False,KEEP,Valid eBird observation
TX,marwre,Marsh Wren,Cistothorus palustris,L11910717,San Angelo Nature Trail,2026-09-19 10:07:00,1.0,31.3769242,-100.5332816,True,False,False,S394283683,2026-09-19 10:07,2026-09-19,2026,9,262,10.0,7.0,True,Fall,True,True,,False,False,False,False,KEEP,Valid eBird observation
TX,grbani,Groove-billed Ani,Crotophaga sulcirostris,L73964765,"308 East Trant Road, Kingsville, Texas, US (27.484, -97.865)",2026-09-19 10:04:00,1.0,27.4837396,-97.8649833,True,False,True,S394269823,2026-09-19 10:04,2026-09-19,2026,9,262,10.0,4.0,True,Fall,True,True,,False,False,False,False,KEEP,Valid eBird observation
TX,woosto,Wood Stork,Mycteria americana,L73964765,"308 East Trant Road, Kingsville, Texas, US (27.484, -97.865)",2026-09-19 10:04:00,13.0,27.4837396,-97.8649833,True,False,True,S394269823,2026-09-19 10:04,2026-09-19,2026,9,262,10.0,4.0,True,Fall,True,True,,False,False,False,False,KEEP,Valid eBird observation
TX,solsan,Solitary Sandpiper,Tringa solitaria,L1882190,Linda S. Castro Nature Sanctuary,2026-09-19 10:01:00,1.0,28.0740695,-97.0416845,True,False,False,S394253179,2026-09-19 10:01,2026-09-19,2026,9,262,10.0,1.0,True,Fall,True,True,,False,False,False,False,KEEP,Valid eBird observation
TX,cogdov,Common Ground Dove,Columbina passerina,L1882190,Linda S. Castro Nature Sanctuary,2026-09-19 10:01:00,1.0,28.0740695,-97.0416845,True,False,False,S394253179,2026-09-19 10:01,2026-09-19,2026,9,262,10.0,1.0,True,Fall,True,True,,False,False,False,False,KEEP,Valid eBird observation
TX,aldfly,Alder Flycatcher,Empidonax alnorum,L379515,Galveston--Dos Vacas Muertas,2026-09-19 10:00:00,1.0,29.146127,-95.0414371,True,False,False,S394290349,2026-09-19 10:00,2026-09-19,2026,9,262,10.0,0.0,True,Fall,True,True,,False,False,False,False,KEEP,Valid eBird observation
TX,magfri,Magnificent Frigatebird,Fregata magnificens,L379515,Galveston--Dos Vacas Muertas,2026-09-19 10:00:00,1.0,29.146127,-95.0414371,True,False,False,S394290349,2026-09-19 10:00,2026-09-19,2026,9,262,10.0,0.0,True,Fall,True,True,,False,False,False,False,KEEP,Valid eBird observation
TX,caster1,Caspian Tern,Hydroprogne caspia,L379515,Galveston--Dos Vacas Muertas,2026-09-19 10:00:00,2.0,29.146127,-95.0414371,True,False,False,S394290349,2026-09-19 10:00,2026-09-19,2026,9,262,10.0,0.0,True,Fall,True,True,,False,False,False,False,KEEP,Valid eBird observation
TX,clarai11,Clapper Rail,Rallus crepitans,L379515,Galveston--Dos Vacas Muertas,2026-09-19 10:00:00,2.0,29.146127,-95.0414371,True,False,False,S394290349,2026-09-19 10:00,2026-09-19,2026,9,262,10.0,0.0,True,Fall,True,True,,False,False,False,False,KEEP,Valid eBird observation
TX,yebcuc,Yellow-billed Cuckoo,Coccyzus americanus,L51076685,Jim Ned Park,2026-09-19 09:55:00,1.0,31.828942,-99.1304601,True,False,False,S394267386,2026-09-19 09:55,2026-09-19,2026,9,262,9.0,55.0,True,Fall,True,True,,False,False,False,False,KEEP,Valid eBird observation
TX,rudduc,Ruddy Duck,Oxyura jamaicensis,L852492,San Saba WTP/Golf course,2026-09-19 09:53:00,1.0,31.2041024,-98.6868703,True,False,False,S394249282,2026-09-19 09:53,2026-09-19,2026,9,262,9.0,53.0,True,Fall,True,True,,False,False,False,False,KEEP,Valid eBird observation
TX,lobcur,Long-billed Curlew,Numenius americanus,L16859749,Newport Pass/Bates beach (Mustang Is.),2026-09-19 09:51:00,1.0,27.6311839,-97.1949024,True,False,False,S394289143,2026-09-19 09:51,2026-09-19,2026,9,262,9.0,51.0,True,Fall,True,True,,False,False,False,False,KEEP,Valid eBird observation
TX,norfli,Northern Flicker,Colaptes auratus,L128981,Guadalupe Mts. NP--Frijole Ranch (FWTX 16),2026-09-19 09:50:00,1.0,31.9074905,-104.8013279,True,False,False,S394262086,2026-09-19 09:50,2026-09-19,2026,9,262,9.0,50.0,True,Fall,True,True,,False,False,False,False,KEEP,Valid eBird observation
TX,yerwar,Yellow-rumped Warbler,Setophaga coronata,L128981,Guadalupe Mts. NP--Frijole Ranch (FWTX 16),2026-09-19 09:50:00,18.0,31.9074905,-104.8013279,True,False,False,S394262086,2026-09-19 09:50,2026-09-19,2026,9,262,9.0,50.0,True,Fall,True,True,,False,False,False,False,KEEP,Valid eBird observation
TX,wooscj2,Woodhouse's Scrub-Jay,Aphelocoma woodhouseii,L128981,Guadalupe Mts. NP--Frijole Ranch (FWTX 16),2026-09-19 09:50:00,5.0,31.9074905,-104.8013279,True,False,False,S394262086,2026-09-19 09:50,2026-09-19,2026,9,262,9.0,50.0,True,Fall,True,True,,False,False,False,False,KEEP,Valid eBird observation
TX,bushti,Bushtit,Psaltriparus minimus,L128981,Guadalupe Mts. NP--Frijole Ranch (FWTX 16),2026-09-19 09:50:00,16.0,31.9074905,-104.8013279,True,False,False,S394262086,2026-09-19 09:50,2026-09-19,2026,9,262,9.0,50.0,True,Fall,True,True,,False,False,False,False,KEEP,Valid eBird observation
TX,cantow,Canyon Towhee,Melozone fusca,L128981,Guadalupe Mts. NP--Frijole Ranch (FWTX 16),2026-09-19 09:50:00,6.0,31.9074905,-104.8013279,True,False,False,S394262086,2026-09-19 09:50,2026-09-19,2026,9,262,9.0,50.0,True,Fall,True,True,,False,False,False,False,KEEP,Valid eBird observation
TX,hrshaw,Harris's Hawk,Parabuteo unicinctus,L1879333,Hazel Bazemore Park Hawkwatch Platform,2026-09-19 09:47:00,1.0,27.8660551,-97.6427346,True,False,False,S394264404,2026-09-19 09:47,2026-09-19,2026,9,262,9.0,47.0,True,Fall,True,True,,False,False,False,False,KEEP,Valid eBird observation
TX,perfal,Peregrine Falcon,Falco peregrinus,L1879333,Hazel Bazemore Park Hawkwatch Platform,2026-09-19 09:47:00,1.0,27.8660551,-97.6427346,True,False,False,S394264404,2026-09-19 09:47,2026-09-19,2026,9,262,9.0,47.0,True,Fall,True,True,,False,False,False,False,KEEP,Valid eBird observation
TX,miskit,Mississippi Kite,Ictinia mississippiensis,L130766,Hornsby Bend (HOTE 037),2026-09-19 09:47:00,1.0,30.2181988,-97.6458054,True,False,False,S394271871,2026-09-19 09:47,2026-09-19,2026,9,262,9.0,47.0,True,Fall,True,True,,False,False,False,False,KEEP,Valid eBird observation
TX,ameavo,American Avocet,Recurvirostra americana,L130766,Hornsby Bend (HOTE 037),2026-09-19 09:47:00,4.0,30.2181988,-97.6458054,True,False,False,S394271871,2026-09-19 09:47,2026-09-19,2026,9,262,9.0,47.0,True,Fall,True,True,,False,False,False,False,KEEP,Valid eBird observation
TX,leagre,Least Grebe,Tachybaptus dominicus,L1879333,Hazel Bazemore Park Hawkwatch Platform,2026-09-19 09:47:00,1.0,27.8660551,-97.6427346,True,False,False,S394264404,2026-09-19 09:47,2026-09-19,2026,9,262,9.0,47.0,True,Fall,True,True,,False,False,False,False,KEEP,Valid eBird observation
TX,olispa,Olive Sparrow,Arremonops rufivirgatus,L1879333,Hazel Bazemore Park Hawkwatch Platform,2026-09-19 09:47:00,3.0,27.8660551,-97.6427346,True,False,False,S394264404,2026-09-19 09:47,2026-09-19,2026,9,262,9.0,47.0,True,Fall,True,True,,False,False,False,False,KEEP,Valid eBird observation
TX,sora,Sora,Porzana carolina,L1148894,Canyon Lake--Hancock Horse Trail (HOTE074),2026-09-19 09:45:00,1.0,29.9118677,-98.2391453,True,False,False,S394261372,2026-09-19 09:45,2026-09-19,2026,9,262,9.0,45.0,True,Fall,True,True,,False,False,False,False,KEEP,Valid eBird observation
TX,bulori,Bullock's Oriole,Icterus bullockii,L552945,Platt Lane (Travis Co.),2026-09-19 09:43:00,1.0,30.2319665,-97.6352835,True,False,False,S394264863,2026-09-19 09:43,2026-09-19,2026,9,262,9.0,43.0,True,Fall,True,True,,False,False,False,False,KEEP,Valid eBird observation
TX,bcxtit1,Tufted x Black-crested Titmouse (hybrid),Baeolophus bicolor x atricristatus,L392281,Lake Waco Wetlands (PPW-W 028),2026-09-19 09:42:00,4.0,31.607359,-97.3040521,True,False,False,S394252861,2026-09-19 09:42,2026-09-19,2026,9,262,9.0,42.0,True,Fall,True,True,,False,False,False,False,KEEP,Valid eBird observation
TX,margod,Marbled Godwit,Limosa fedoa,L422541,Leonabelle Turnbull Birding Ctr. (CTC 057),2026-09-19 09:41:00,36.0,27.8275297,-97.0789558,True,False,False,S394281908,2026-09-19 09:41,2026-09-19,2026,9,262,9.0,41.0,True,Fall,True,True,,False,False,False,False,KEEP,Valid eBird observation
TX,leater1,Least Tern,Sternula antillarum,L422541,Leonabelle Turnbull Birding Ctr. (CTC 057),2026-09-19 09:41:00,8.0,27.8275297,-97.0789558,True,False,False,S394281908,2026-09-19 09:41,2026-09-19,2026,9,262,9.0,41.0,True,Fall,True,True,,False,False,False,False,KEEP,Valid eBird observation
TX,fuwduc,Fulvous Whistling-Duck,Dendrocygna bicolor,L422541,Leonabelle Turnbull Birding Ctr. (CTC 057),2026-09-19 09:41:00,8.0,27.8275297,-97.0789558,True,False,False,S394281908,2026-09-19 09:41,2026-09-19,2026,9,262,9.0,41.0,True,Fall,True,True,,False,False,False,False,KEEP,Valid eBird observation
TX,lobthr,Long-billed Thrasher,Toxostoma longirostre,L273764,Hugh Ramsey Park (Harlingen Arroyo Colorado) WBC (LTC 026),2026-09-19 09:38:00,1.0,26.1857402,-97.6641657,True,False,False,S394261556,2026-09-19 09:38,2026-09-19,2026,9,262,9.0,38.0,True,Fall,True,True,,False,False,False,False,KEEP,Valid eBird observation
TX,placha,Plain Chachalaca,Ortalis vetula,L273764,Hugh Ramsey Park (Harlingen Arroyo Colorado) WBC (LTC 026),2026-09-19 09:38:00,1.0,26.1857402,-97.6641657,True,False,False,S394261578,2026-09-19 09:38,2026-09-19,2026,9,262,9.0,38.0,True,Fall,True,True,,False,False,False,False,KEEP,Valid eBird observation
TX,bncfly,Brown-crested Flycatcher,Myiarchus tyrannulus,L421038,McAllen Nature Center (LTC 065),2026-09-19 09:34:00,2.0,26.2082122,-98.2659218,True,False,False,S394280365,2026-09-19 09:34,2026-09-19,2026,9,262,9.0,34.0,True,Fall,True,True,,False,False,False,False,KEEP,Valid eBird observation
TX,blkpho,Black Phoebe,Sayornis nigricans,L421038,McAllen Nature Center (LTC 065),2026-09-19 09:34:00,1.0,26.2082122,-98.2659218,True,False,False,S394280365,2026-09-19 09:34,2026-09-19,2026,9,262,9.0,34.0,True,Fall,True,True,,False,False,False,False,KEEP,Valid eBird observation
TX,brnthr,Brown Thrasher,Toxostoma rufum,L7922562,Westwood Bend area,2026-09-19 09:34:00,2.0,31.292738,-94.847344,True,False,True,S394255488,2026-09-19 09:34,2026-09-19,2026,9,262,9.0,34.0,True,Fall,True,True,,False,False,False,False,KEEP,Valid eBird observation
TX,compau,Common Pauraque,Nyctidromus albicollis,L421038,McAllen Nature Center (LTC 065),2026-09-19 09:34:00,1.0,26.2082122,-98.2659218,True,False,False,S394280365,2026-09-19 09:34,2026-09-19,2026,9,262,9.0,34.0,True,Fall,True,True,,False,False,False,False,KEEP,Valid eBird observation
TX,grnpar,Green Parakeet,Psittacara holochlorus,L421038,McAllen Nature Center (LTC 065),2026-09-19 09:34:00,2.0,26.2082122,-98.2659218,True,False,False,S394280365,2026-09-19 09:34,2026-09-19,2026,9,262,9.0,34.0,True,Fall,True,True,,False,False,False,False,KEEP,Valid eBird observation
TX,gryhaw2,Gray Hawk,Buteo plagiatus,L421038,McAllen Nature Center (LTC 065),2026-09-19 09:34:00,1.0,26.2082122,-98.2659218,True,False,False,S394280365,2026-09-19 09:34,2026-09-19,2026,9,262,9.0,34.0,True,Fall,True,True,,False,False,False,False,KEEP,Valid eBird observation
TX,trokin,Tropical Kingbird,Tyrannus melancholicus,L421038,McAllen Nature Center (LTC 065),2026-09-19 09:34:00,1.0,26.2082122,-98.2659218,True,False,False,S394280365,2026-09-19 09:34,2026-09-19,2026,9,262,9.0,34.0,True,Fall,True,True,,False,False,False,False,KEEP,Valid eBird observation
TX,yetvir,Yellow-throated Vireo,Vireo flavifrons,L421038,McAllen Nature Center (LTC 065),2026-09-19 09:34:00,1.0,26.2082122,-98.2659218,True,False,False,S394280365,2026-09-19 09:34,2026-09-19,2026,9,262,9.0,34.0,True,Fall,True,True,,False,False,False,False,KEEP,Valid eBird observation
TX,comrav,Common Raven,Corvus corax,L1148675,"Cielo Ridge, Concan",2026-09-19 09:32:00,1.0,29.5045652,-99.7210191,True,False,False,S394249834,2026-09-19 09:32,2026-09-19,2026,9,262,9.0,32.0,True,Fall,True,True,,False,False,False,False,KEEP,Valid eBird observation
TX,belvir,Bell's Vireo,Vireo bellii,L23475192,Rio Robles,2026-09-19 09:27:00,1.0,30.0382651,-99.1426578,True,False,True,S394250987,2026-09-19 09:27,2026-09-19,2026,9,262,9.0,27.0,True,Fall,True,True,,False,False,False,False,KEEP,Valid eBird observation
TX,buhvir,Blue-headed Vireo,Vireo solitarius,L23475192,Rio Robles,2026-09-19 09:27:00,1.0,30.0382651,-99.1426578,True,False,True,S394250987,2026-09-19 09:27,2026-09-19,2026,9,262,9.0,27.0,True,Fall,True,True,,False,False,False,False,KEEP,Valid eBird observation
TX,orcwar,Orange-crowned Warbler,Leiothlypis celata,L4337787,Hamilton City Park,2026-09-19 09:26:00,1.0,31.7097684,-98.1159353,True,False,False,S394262837,2026-09-19 09:26,2026-09-19,2026,9,262,9.0,26.0,True,Fall,True,True,,False,False,False,False,KEEP,Valid eBird observation
TX,bnhnut,Brown-headed Nuthatch,Sitta pusilla,L247020,Kleb Woods Nature Preserve (UTC 098),2026-09-19 09:21:00,1.0,30.0720853,-95.7398187,True,False,False,S394253954,2026-09-19 09:21,2026-09-19,2026,9,262,9.0,21.0,True,Fall,True,True,,False,False,False,False,KEEP,Valid eBird observation
TX,grhowl,Great Horned Owl,Bubo virginianus,L77402488,"Purtis Creek State Park, Eustace US-TX 32.35713, -95.99448",2026-09-19 09:20:00,1.0,32.35713,-95.994484,True,False,True,S394256653,2026-09-19 09:20,2026-09-19,2026,9,262,9.0,20.0,True,Fall,True,True,,False,False,False,False,KEEP,Valid eBird observation
TX,whbnut,White-breasted Nuthatch,Sitta carolinensis,L77402488,"Purtis Creek State Park, Eustace US-TX 32.35713, -95.99448",2026-09-19 09:20:00,1.0,32.35713,-95.994484,True,False,True,S394256653,2026-09-19 09:20,2026-09-19,2026,9,262,9.0,20.0,True,Fall,True,True,,False,False,False,False,KEEP,Valid eBird observation
TX,monpar,Monk Parakeet,Myiopsitta monachus,L834368,West Bouldin Creek Greenbelt,2026-09-19 09:20:00,1.0,30.2540072,-97.7601929,True,False,False,S394270458,2026-09-19 09:20,2026-09-19,2026,9,262,9.0,20.0,True,Fall,True,True,,False,False,False,False,KEEP,Valid eBird observation
TX,wooduc,Wood Duck,Aix sponsa,L160490,Brackenridge Park (Avenue A & River Rd.),2026-09-19 09:13:00,3.0,29.4545528,-98.4777029,True,False,False,S394257057,2026-09-19 09:13,2026-09-19,2026,9,262,9.0,13.0,True,Fall,True,True,,False,False,False,False,KEEP,Valid eBird observation
TX,nutman,Scaly-breasted Munia,Lonchura punctulata,L12398312,Home and thereabouts,2026-09-19 09:10:00,1.0,29.874654,-95.631139,True,False,True,S394255303,2026-09-19 09:10,2026-09-19,2026,9,262,9.0,10.0,True,Fall,True,True,,False,False,False,False,KEEP,Valid eBird observation
TX,prawar,Prairie Warbler,Setophaga discolor,L77402588,"77536, Deer Park US-TX 29.69675, -95.13008",2026-09-19 09:10:00,1.0,29.696751,-95.130081,True,False,True,S394257202,2026-09-19 09:10,2026-09-19,2026,9,262,9.0,10.0,True,Fall,True,True,,False,False,False,False,KEEP,Valid eBird observation
TX,comyel,Common Yellowthroat,Geothlypis trichas,L39185533,"Carmel Neighborhood Trail, Pflugerville",2026-09-19 09:09:00,1.0,30.4299543,-97.5538899,True,False,False,S394241440,2026-09-19 09:09,2026-09-19,2026,9,262,9.0,9.0,True,Fall,True,True,,False,False,False,False,KEEP,Valid eBird observation
TX,easmea,Eastern Meadowlark,Sturnella magna,L39185533,"Carmel Neighborhood Trail, Pflugerville",2026-09-19 09:09:00,1.0,30.4299543,-97.5538899,True,False,False,S394241440,2026-09-19 09:09,2026-09-19,2026,9,262,9.0,9.0,True,Fall,True,True,,False,False,False,False,KEEP,Valid eBird observation
TX,haiwoo,Hairy Woodpecker,Leuconotopicus villosus,L77396788,"3408 Texas 7, Pollok, Texas, US (31.485, -94.826)",2026-09-19 09:08:00,1.0,31.4847256,-94.8256952,True,False,True,S394228204,2026-09-19 09:08,2026-09-19,2026,9,262,9.0,8.0,True,Fall,True,True,,False,False,False,False,KEEP,Valid eBird observation
TX,leabit,Least Bittern,Botaurus exilis,L422541,Leonabelle Turnbull Birding Ctr. (CTC 057),2026-09-19 09:08:00,1.0,27.8275297,-97.0789558,True,False,False,S394285591,2026-09-19 09:08,2026-09-19,2026,9,262,9.0,8.0,True,Fall,True,True,,False,False,False,False,KEEP,Valid eBird observation
TX,ribgul,Ring-billed Gull,Larus delawarensis,L422541,Leonabelle Turnbull Birding Ctr. (CTC 057),2026-09-19 09:08:00,1.0,27.8275297,-97.0789558,True,False,False,S394285591,2026-09-19 09:08,2026-09-19,2026,9,262,9.0,8.0,True,Fall,True,True,,False,False,False,False,KEEP,Valid eBird observation
TX,amewig,American Wigeon,Mareca americana,L422541,Leonabelle Turnbull Birding Ctr. (CTC 057),2026-09-19 09:08:00,1.0,27.8275297,-97.0789558,True,False,False,S394285591,2026-09-19 09:08,2026-09-19,2026,9,262,9.0,8.0,True,Fall,True,True,,False,False,False,False,KEEP,Valid eBird observation
TX,purgal2,Purple Gallinule,Porphyrio martinica,L224113,"Cullinan Park, Sugar Land (UTC 095)",2026-09-19 09:08:00,4.0,29.6355459,-95.6603193,True,False,False,S394245841,2026-09-19 09:08,2026-09-19,2026,9,262,9.0,8.0,True,Fall,True,True,,False,False,False,False,KEEP,Valid eBird observation
TX,amhgul1,American Herring Gull,Larus smithsonianus,L422541,Leonabelle Turnbull Birding Ctr. (CTC 057),2026-09-19 09:08:00,3.0,27.8275297,-97.0789558,True,False,False,S394285591,2026-09-19 09:08,2026-09-19,2026,9,262,9.0,8.0,True,Fall,True,True,,False,False,False,False,KEEP,Valid eBird observation
TX,santer1,Sandwich Tern,Thalasseus sandvicensis,L802319,St. Joseph's Isl.-   area E. of  Rockport,2026-09-19 09:07:00,3.0,28.0265307,-96.967392,True,False,False,S394279978,2026-09-19 09:07,2026-09-19,2026,9,262,9.0,7.0,True,Fall,True,True,,False,False,False,False,KEEP,Valid eBird observation
TX,wilsni1,Wilson's Snipe,Gallinago delicata,L802319,St. Joseph's Isl.-   area E. of  Rockport,2026-09-19 09:07:00,1.0,28.0265307,-96.967392,True,False,False,S394279978,2026-09-19 09:07,2026-09-19,2026,9,262,9.0,7.0,True,Fall,True,True,,False,False,False,False,KEEP,Valid eBird observation
TX,weskin,Western Kingbird,Tyrannus verticalis,L4292158,US-TX-Canyon-Buffalo Lake National Wildlife Refuge - 34.8826x-102.1366,2026-09-19 09:02:00,6.0,34.882566,-102.136641,True,False,True,S394243866,2026-09-19 09:02,2026-09-19,2026,9,262,9.0,2.0,True,Fall,True,True,,False,False,False,False,KEEP,Valid eBird observation
TX,brocow,Bronzed Cowbird,Molothrus aeneus,L803473,Delta Lake (LTC 008),2026-09-19 09:02:00,25.0,26.4110759,-97.9576871,True,False,False,S394231558,2026-09-19 09:02,2026-09-19,2026,9,262,9.0,2.0,True,Fall,True,True,,False,False,False,False,KEEP,Valid eBird observation
TX,merlin,Merlin,Falco columbarius,L4292158,US-TX-Canyon-Buffalo Lake National Wildlife Refuge - 34.8826x-102.1366,2026-09-19 09:02:00,1.0,34.882566,-102.136641,True,False,True,S394243866,2026-09-19 09:02,2026-09-19,2026,9,262,9.0,2.0,True,Fall,True,True,,False,False,False,False,KEEP,Valid eBird observation
TX,phivir,Philadelphia Vireo,Vireo philadelphicus,L29341769,SMITH COUNTY,2026-09-19 08:56:00,1.0,32.3528452,-95.110431,True,False,True,S394246262,2026-09-19 08:56,2026-09-19,2026,9,262,8.0,56.0,True,Fall,True,True,,False,False,False,False,KEEP,Valid eBird observation
TX,ruckin,Ruby-crowned Kinglet,Corthylio calendula,L9042429,"Shield Ranch (restricted access), Austin",2026-09-19 08:55:00,1.0,30.2701711,-97.9932378,True,False,False,S394285198,2026-09-19 08:55,2026-09-19,2026,9,262,8.0,55.0,True,Fall,True,True,,False,False,False,False,KEEP,Valid eBird observation
TX,vesspa,Vesper Sparrow,Pooecetes gramineus,L882592,"McAlister Park, Lubbock",2026-09-19 08:53:00,1.0,33.5422531,-101.9487476,True,False,False,S394252968,2026-09-19 08:53,2026-09-19,2026,9,262,8.0,53.0,True,Fall,True,True,,False,False,False,False,KEEP,Valid eBird observation
TX,brespa,Brewer's Sparrow,Spizella breweri,L882592,"McAlister Park, Lubbock",2026-09-19 08:53:00,2.0,33.5422531,-101.9487476,True,False,False,S394252968,2026-09-19 08:53,2026-09-19,2026,9,262,8.0,53.0,True,Fall,True,True,,False,False,False,False,KEEP,Valid eBird observation
TX,burowl,Burrowing Owl,Athene cunicularia,L882592,"McAlister Park, Lubbock",2026-09-19 08:53:00,1.0,33.5422531,-101.9487476,True,False,False,S394252968,2026-09-19 08:53,2026-09-19,2026,9,262,8.0,53.0,True,Fall,True,True,,False,False,False,False,KEEP,Valid eBird observation
TX,larbun,Lark Bunting,Calamospiza melanocorys,L882592,"McAlister Park, Lubbock",2026-09-19 08:53:00,5.0,33.5422531,-101.9487476,True,False,False,S394252968,2026-09-19 08:53,2026-09-19,2026,9,262,8.0,53.0,True,Fall,True,True,,False,False,False,False,KEEP,Valid eBird observation
TX,pinsis,Pine Siskin,Spinus pinus,L882592,"McAlister Park, Lubbock",2026-09-19 08:53:00,1.0,33.5422531,-101.9487476,True,False,False,S394252968,2026-09-19 08:53,2026-09-19,2026,9,262,8.0,53.0,True,Fall,True,True,,False,False,False,False,KEEP,Valid eBird observation
TX,eawvir1,Eastern Warbling Vireo,Vireo gilvus,L1144320,Tyler Nature Center,2026-09-19 08:50:00,1.0,32.3066491,-95.2147615,True,False,False,S394266053,2026-09-19 08:50,2026-09-19,2026,9,262,8.0,50.0,True,Fall,True,True,,False,False,False,False,KEEP,Valid eBird observation
TX,norpar,Northern Parula,Setophaga americana,L18326328,Guadalupe River SP—Bird blind,2026-09-19 08:45:00,1.0,29.8745589,-98.486682,True,False,False,S394260262,2026-09-19 08:45,2026-09-19,2026,9,262,8.0,45.0,True,Fall,True,True,,False,False,False,False,KEEP,Valid eBird observation
TX,swtkit,Swallow-tailed Kite,Elanoides forficatus,L784405,Smith Point--Candy Abshier WMA (UTC 048)(GCBO Hawk Watch loc.),2026-09-19 08:45:00,1.0,29.526073,-94.765987,True,False,False,S394258683,2026-09-19 08:45,2026-09-19,2026,9,262,8.0,45.0,True,Fall,True,True,,False,False,False,False,KEEP,Valid eBird observation
TX,renpha,Red-necked Phalarope,Phalaropus lobatus,L658435,White Rock Lake--Sunset Bay area,2026-09-19 08:44:00,1.0,32.8337313,-96.7121315,True,True,False,S394230305,2026-09-19 08:44,2026-09-19,2026,9,262,8.0,44.0,True,Fall,True,True,,False,False,False,False,KEEP,Valid eBird observation
TX,snoplo5,Snowy Plover,Anarhynchus nivosus,L579036,John F Kennedy Causeway Wetlands (CTC 065),2026-09-19 08:41:00,2.0,27.6560107,-97.2579288,True,False,False,S394219436,2026-09-19 08:41,2026-09-19,2026,9,262,8.0,41.0,True,Fall,True,True,,False,False,False,False,KEEP,Valid eBird observation
TX,shbdow,Short-billed Dowitcher,Limnodromus griseus,L129103,Galveston--8 Mile Rd./Sportsman Rd (UTC 066),2026-09-19 08:40:00,16.0,29.2572178,-94.8949664,True,False,False,S394260877,2026-09-19 08:40,2026-09-19,2026,9,262,8.0,40.0,True,Fall,True,True,,False,False,False,False,KEEP,Valid eBird observation
TX,semsan,Semipalmated Sandpiper,Calidris pusilla,L129103,Galveston--8 Mile Rd./Sportsman Rd (UTC 066),2026-09-19 08:40:00,2.0,29.2572178,-94.8949664,True,False,False,S394260877,2026-09-19 08:40,2026-09-19,2026,9,262,8.0,40.0,True,Fall,True,True,,False,False,False,False,KEEP,Valid eBird observation
TX,ameoys,American Oystercatcher,Haematopus palliatus,L129103,Galveston--8 Mile Rd./Sportsman Rd (UTC 066),2026-09-19 08:40:00,2.0,29.2572178,-94.8949664,True,False,False,S394260877,2026-09-19 08:40,2026-09-19,2026,9,262,8.0,40.0,True,Fall,True,True,,False,False,False,False,KEEP,Valid eBird observation
TX,pecsan,Pectoral Sandpiper,Calidris melanotos,L129103,Galveston--8 Mile Rd./Sportsman Rd (UTC 066),2026-09-19 08:40:00,5.0,29.2572178,-94.8949664,True,False,False,S394260877,2026-09-19 08:40,2026-09-19,2026,9,262,8.0,40.0,True,Fall,True,True,,False,False,False,False,KEEP,Valid eBird observation
TX,uplsan,Upland Sandpiper,Bartramia longicauda,L129103,Galveston--8 Mile Rd./Sportsman Rd (UTC 066),2026-09-19 08:40:00,1.0,29.2572178,-94.8949664,True,False,False,S394260877,2026-09-19 08:40,2026-09-19,2026,9,262,8.0,40.0,True,Fall,True,True,,False,False,False,False,KEEP,Valid eBird observation
TX,yehbla,Yellow-headed Blackbird,Xanthocephalus xanthocephalus,L128971,Fred Hervey WTP (FWTX 4),2026-09-19 08:32:00,15.0,31.9493008,-106.3423004,True,False,False,S394291062,2026-09-19 08:32,2026-09-19,2026,9,262,8.0,32.0,True,Fall,True,True,,False,False,False,False,KEEP,Valid eBird observation
TX,gamqua,Gambel's Quail,Callipepla gambelii,L128971,Fred Hervey WTP (FWTX 4),2026-09-19 08:32:00,20.0,31.9493008,-106.3423004,True,False,False,S394291062,2026-09-19 08:32,2026-09-19,2026,9,262,8.0,32.0,True,Fall,True,True,,False,False,False,False,KEEP,Valid eBird observation
TX,saypho,Say's Phoebe,Sayornis saya,L128971,Fred Hervey WTP (FWTX 4),2026-09-19 08:32:00,1.0,31.9493008,-106.3423004,True,False,False,S394291062,2026-09-19 08:32,2026-09-19,2026,9,262,8.0,32.0,True,Fall,True,True,,False,False,False,False,KEEP,Valid eBird observation
TX,linspa,Lincoln's Sparrow,Melospiza lincolnii,L128971,Fred Hervey WTP (FWTX 4),2026-09-19 08:32:00,1.0,31.9493008,-106.3423004,True,False,False,S394291062,2026-09-19 08:32,2026-09-19,2026,9,262,8.0,32.0,True,Fall,True,True,,False,False,False,False,KEEP,Valid eBird observation
TX,hoowar,Hooded Warbler,Setophaga citrina,L249887,Quinta Mazatlan WBC (LTC 063),2026-09-19 08:30:00,2.0,26.176876,-98.2309932,True,False,False,S394267315,2026-09-19 08:30,2026-09-19,2026,9,262,8.0,30.0,True,Fall,True,True,,False,False,False,False,KEEP,Valid eBird observation
TX,buwwar,Blue-winged Warbler,Vermivora cyanoptera,L249887,Quinta Mazatlan WBC (LTC 063),2026-09-19 08:30:00,1.0,26.176876,-98.2309932,True,False,False,S394267315,2026-09-19 08:30,2026-09-19,2026,9,262,8.0,30.0,True,Fall,True,True,,False,False,False,False,KEEP,Valid eBird observation
TX,prafal,Prairie Falcon,Falco mexicanus,L77396235,"79015, Canyon US-TX 34.91174, -102.12003",2026-09-19 08:30:00,1.0,34.91174,-102.120033,True,False,True,S394221909,2026-09-19 08:30,2026-09-19,2026,9,262,8.0,30.0,True,Fall,True,True,,False,False,False,False,KEEP,Valid eBird observation
TX,wewpew,Western Wood-Pewee,Contopus sordidulus,L128950,Davis Mountains  SP (FWTX 23),2026-09-19 08:29:00,1.0,30.5962706,-103.9347249,True,False,False,S394270467,2026-09-19 08:29,2026-09-19,2026,9,262,8.0,29.0,True,Fall,True,True,,False,False,False,False,KEEP,Valid eBird observation
TX,zothaw,Zone-tailed Hawk,Buteo albonotatus,L128950,Davis Mountains  SP (FWTX 23),2026-09-19 08:29:00,1.0,30.5962706,-103.9347249,True,False,False,S394270467,2026-09-19 08:29,2026-09-19,2026,9,262,8.0,29.0,True,Fall,True,True,,False,False,False,False,KEEP,Valid eBird observation
TX,acowoo,Acorn Woodpecker,Melanerpes formicivorus,L128950,Davis Mountains  SP (FWTX 23),2026-09-19 08:29:00,3.0,30.5962706,-103.9347249,True,False,False,S394270467,2026-09-19 08:29,2026-09-19,2026,9,262,8.0,29.0,True,Fall,True,True,,False,False,False,False,KEEP,Valid eBird observation
TX,monqua,Montezuma Quail,Cyrtonyx montezumae,L128950,Davis Mountains  SP (FWTX 23),2026-09-19 08:29:00,6.0,30.5962706,-103.9347249,True,False,False,S394270467,2026-09-19 08:29,2026-09-19,2026,9,262,8.0,29.0,True,Fall,True,True,,False,False,False,False,KEEP,Valid eBird observation
TX,westan,Western Tanager,Piranga ludoviciana,L128950,Davis Mountains  SP (FWTX 23),2026-09-19 08:29:00,4.0,30.5962706,-103.9347249,True,False,False,S394270467,2026-09-19 08:29,2026-09-19,2026,9,262,8.0,29.0,True,Fall,True,True,,False,False,False,False,KEEP,Valid eBird observation
TX,phaino,Phainopepla,Phainopepla nitens,L128950,Davis Mountains  SP (FWTX 23),2026-09-19 08:29:00,5.0,30.5962706,-103.9347249,True,False,False,S394270467,2026-09-19 08:29,2026-09-19,2026,9,262,8.0,29.0,True,Fall,True,True,,False,False,False,False,KEEP,Valid eBird observation
TX,grnkin,Green Kingfisher,Chloroceryle americana,L46506594,Palo Verde,2026-09-19 08:24:00,1.0,25.942669,-97.48712,True,False,True,S394234096,2026-09-19 08:24,2026-09-19,2026,9,262,8.0,24.0,True,Fall,True,True,,False,False,False,False,KEEP,Valid eBird observation
TX,audori,Audubon's Oriole,Icterus graduacauda,L16079129,1258 Saddleback Ridge Trail,2026-09-19 08:19:00,1.0,29.628802,-99.15295,True,False,True,S394228739,2026-09-19 08:19,2026-09-19,2026,9,262,8.0,19.0,True,Fall,True,True,,False,False,False,False,KEEP,Valid eBird observation
TX,easwpw1,Eastern Whip-poor-will,Antrostomus vociferus,L374166,Pollywog Pond (CTC 077),2026-09-19 08:18:00,1.0,27.8627509,-97.612361,True,False,False,S394261529,2026-09-19 08:18,2026-09-19,2026,9,262,8.0,18.0,True,Fall,True,True,,False,False,False,False,KEEP,Valid eBird observation
TX,whtdov,White-tipped Dove,Leptotila verreauxi,L374166,Pollywog Pond (CTC 077),2026-09-19 08:18:00,2.0,27.8627509,-97.612361,True,False,False,S394261529,2026-09-19 08:18,2026-09-19,2026,9,262,8.0,18.0,True,Fall,True,True,,False,False,False,False,KEEP,Valid eBird observation
TX,chwwid,Chuck-will's-widow,Antrostomus carolinensis,L374166,Pollywog Pond (CTC 077),2026-09-19 08:18:00,2.0,27.8627509,-97.612361,True,False,False,S394261529,2026-09-19 08:18,2026-09-19,2026,9,262,8.0,18.0,True,Fall,True,True,,False,False,False,False,KEEP,Valid eBird observation
TX,acafly,Acadian Flycatcher,Empidonax virescens,L374166,Pollywog Pond (CTC 077),2026-09-19 08:18:00,1.0,27.8627509,-97.612361,True,False,False,S394261529,2026-09-19 08:18,2026-09-19,2026,9,262,8.0,18.0,True,Fall,True,True,,False,False,False,False,KEEP,Valid eBird observation
TX,treswa,Tree Swallow,Tachycineta bicolor,L77397300,Hamilton CR 109,2026-09-19 08:09:00,2.0,31.795004,-98.2312791,True,False,True,S394226922,2026-09-19 08:09,2026-09-19,2026,9,262,8.0,9.0,True,Fall,True,True,,False,False,False,False,KEEP,Valid eBird observation
TX,banswa,Bank Swallow,Riparia riparia,L77397300,Hamilton CR 109,2026-09-19 08:09:00,1.0,31.795004,-98.2312791,True,False,True,S394226922,2026-09-19 08:09,2026-09-19,2026,9,262,8.0,9.0,True,Fall,True,True,,False,False,False,False,KEEP,Valid eBird observation
TX,gadwal,Gadwall,Mareca strepera,L130766,Hornsby Bend (HOTE 037),2026-09-19 08:06:00,2.0,30.2181988,-97.6458054,True,False,False,S394238263,2026-09-19 08:06,2026-09-19,2026,9,262,8.0,6.0,True,Fall,True,True,,False,False,False,False,KEEP,Valid eBird observation
TX,rinkin1,Ringed Kingfisher,Megaceryle torquata,L130766,Hornsby Bend (HOTE 037),2026-09-19 08:06:00,1.0,30.2181988,-97.6458054,True,False,False,S394238263,2026-09-19 08:06,2026-09-19,2026,9,262,8.0,6.0,True,Fall,True,True,,False,False,False,False,KEEP,Valid eBird observation
TX,reevir1,Red-eyed Vireo,Vireo olivaceus,L130766,Hornsby Bend (HOTE 037),2026-09-19 08:06:00,1.0,30.2181988,-97.6458054,True,False,False,S394238263,2026-09-19 08:06,2026-09-19,2026,9,262,8.0,6.0,True,Fall,True,True,,False,False,False,False,KEEP,Valid eBird observation
TX,redhea,Redhead,Aythya americana,L130766,Hornsby Bend (HOTE 037),2026-09-19 08:06:00,2.0,30.2181988,-97.6458054,True,False,False,S394238263,2026-09-19 08:06,2026-09-19,2026,9,262,8.0,6.0,True,Fall,True,True,,False,False,False,False,KEEP,Valid eBird observation
TX,wilpha,Wilson's Phalarope,Phalaropus tricolor,L130766,Hornsby Bend (HOTE 037),2026-09-19 08:06:00,11.0,30.2181988,-97.6458054,True,False,False,S394238263,2026-09-19 08:06,2026-09-19,2026,9,262,8.0,6.0,True,Fall,True,True,,False,False,False,False,KEEP,Valid eBird observation
TX,brebla,Brewer's Blackbird,Euphagus cyanocephalus,L21359422,Packer's International House of Birding,2026-09-19 08:04:00,1.0,32.4597303,-99.6990963,True,False,True,S394224550,2026-09-19 08:04,2026-09-19,2026,9,262,8.0,4.0,True,Fall,True,True,,False,False,False,False,KEEP,Valid eBird observation
TX,rebnut,Red-breasted Nuthatch,Sitta canadensis,L22026400,124 Shady Shores Dr.,2026-09-19 08:00:00,1.0,32.2884931,-96.1218309,True,False,True,S394234266,2026-09-19 08:00,2026-09-19,2026,9,262,8.0,0.0,True,Fall,True,True,,False,False,False,False,KEEP,Valid eBird observation
TX,revbul,Red-vented Bulbul,Pycnonotus cafer,L8892677,Blue House,2026-09-19 08:00:00,2.0,29.7941747,-95.3629986,True,False,True,S394250805,2026-09-19 08:00,2026-09-19,2026,9,262,8.0,0.0,True,Fall,True,True,,False,False,False,False,KEEP,Valid eBird observation
TX,recpar,Red-crowned Amazon,Amazona viridigenalis,L72369247,Birdie Bunkie ~20 Waterford ~Winterhaven Resort,2026-09-19 07:52:00,3.0,25.961284,-97.463683,True,False,True,S394194596,2026-09-19 07:52,2026-09-19,2026,9,262,7.0,52.0,True,Fall,True,True,,False,False,False,False,KEEP,Valid eBird observation
TX,comter,Common Tern,Sterna hirundo,L301943,Port Aransas Wetland Park (CTC 059),2026-09-19 07:51:00,1.0,27.825,-97.071,True,False,False,S394194450,2026-09-19 07:51,2026-09-19,2026,9,262,7.0,51.0,True,Fall,True,True,,False,False,False,False,KEEP,Valid eBird observation
TX,wilplo,Wilson's Plover,Anarhynchus wilsonia,L793778,Port Aransas Nature Preserve at Charlie's Pasture,2026-09-19 07:51:00,2.0,27.8327765,-97.0873833,True,False,False,S394260654,2026-09-19 07:51,2026-09-19,2026,9,262,7.0,51.0,True,Fall,True,True,,False,False,False,False,KEEP,Valid eBird observation
TX,lessca,Lesser Scaup,Aythya affinis,L130766,Hornsby Bend (HOTE 037),2026-09-19 07:45:00,1.0,30.2181988,-97.6458054,True,False,False,S394271967,2026-09-19 07:45,2026-09-19,2026,9,262,7.0,45.0,True,Fall,True,True,,False,False,False,False,KEEP,Valid eBird observation
TX,norpin,Northern Pintail,Anas acuta,L422541,Leonabelle Turnbull Birding Ctr. (CTC 057),2026-09-19 07:43:00,1.0,27.8275297,-97.0789558,True,False,False,S394241699,2026-09-19 07:43,2026-09-19,2026,9,262,7.0,43.0,True,Fall,True,True,,False,False,False,False,KEEP,Valid eBird observation
TX,botgra,Boat-tailed Grackle,Quiscalus major,L77391272,"1420 FM-1985, Anahuac US-TX 29.67254, -94.59183",2026-09-19 07:35:00,2.0,29.672539,-94.591826,True,False,True,S394185925,2026-09-19 07:35,2026-09-19,2026,9,262,7.0,35.0,True,Fall,True,True,,False,False,False,False,KEEP,Valid eBird observation
TX,bktspa,Black-throated Sparrow,Amphispiza bilineata,L77401245,"Davis Mountains State Park, Fort Davis US-TX 30.59904, -103.92961",2026-09-19 07:35:00,2.0,30.599038,-103.929606,True,False,True,S394250821,2026-09-19 07:35,2026-09-19,2026,9,262,7.0,35.0,True,Fall,True,True,,False,False,False,False,KEEP,Valid eBird observation
TX,rocwre,Rock Wren,Salpinctes obsoletus,L77401245,"Davis Mountains State Park, Fort Davis US-TX 30.59904, -103.92961",2026-09-19 07:35:00,1.0,30.599038,-103.929606,True,False,True,S394250821,2026-09-19 07:35,2026-09-19,2026,9,262,7.0,35.0,True,Fall,True,True,,False,False,False,False,KEEP,Valid eBird observation
TX,wesfly,Western Flycatcher,Empidonax difficilis,L12508244,Wheeler Ranch (restricted access),2026-09-19 07:33:00,1.0,33.4842924,-101.4675726,True,False,True,S394258388,2026-09-19 07:33,2026-09-19,2026,9,262,7.0,33.0,True,Fall,True,True,,False,False,False,False,KEEP,Valid eBird observation
TX,whcspa,White-crowned Sparrow,Zonotrichia leucophrys,L12508244,Wheeler Ranch (restricted access),2026-09-19 07:33:00,1.0,33.4842924,-101.4675726,True,False,True,S394258388,2026-09-19 07:33,2026-09-19,2026,9,262,7.0,33.0,True,Fall,True,True,,False,False,False,False,KEEP,Valid eBird observation
TX,mallar4,Mallard x Mexican Duck (hybrid),Anas platyrhynchos x diazi,L7330592,"Johnson Ponds area, Alpine",2026-09-19 07:30:00,2.0,30.3660623,-103.6742771,True,False,False,S394219777,2026-09-19 07:30,2026-09-19,2026,9,262,7.0,30.0,True,Fall,True,True,,False,False,False,False,KEEP,Valid eBird observation
TX,brdowl,Barred Owl,Strix varia,L227485,River Legacy Park,2026-09-19 07:27:00,1.0,32.7828445,-97.1163169,True,False,False,S394196687,2026-09-19 07:27,2026-09-19,2026,9,262,7.0,27.0,True,Fall,True,True,,False,False,False,False,KEEP,Valid eBird observation
TX,bkbwar,Blackburnian Warbler,Setophaga fusca,L416772,Comanche Lookout Park,2026-09-19 07:20:00,1.0,29.5829184,-98.3663987,True,False,False,S394214573,2026-09-19 07:20,2026-09-19,2026,9,262,7.0,20.0,True,Fall,True,True,,False,False,False,False,KEEP,Valid eBird observation
TX,virwar,Virginia's Warbler,Leiothlypis virginiae,L128993,Hueco Tanks SP & Historic Site (FWTX 5),2026-09-19 07:13:00,2.0,31.9214283,-106.0467612,True,False,False,S394265352,2026-09-19 07:13,2026-09-19,2026,9,262,7.0,13.0,True,Fall,True,True,,False,False,False,False,KEEP,Valid eBird observation
TX,whtswi,White-throated Swift,Aeronautes saxatalis,L128993,Hueco Tanks SP & Historic Site (FWTX 5),2026-09-19 07:13:00,7.0,31.9214283,-106.0467612,True,False,False,S394265352,2026-09-19 07:13,2026-09-19,2026,9,262,7.0,13.0,True,Fall,True,True,,False,False,False,False,KEEP,Valid eBird observation
TX,bktgna,Black-tailed Gnatcatcher,Polioptila melanura,L128993,Hueco Tanks SP & Historic Site (FWTX 5),2026-09-19 07:13:00,4.0,31.9214283,-106.0467612,True,False,False,S394265352,2026-09-19 07:13,2026-09-19,2026,9,262,7.0,13.0,True,Fall,True,True,,False,False,False,False,KEEP,Valid eBird observation
TX,wewvir2,Western Warbling Vireo,Vireo swainsoni,L128993,Hueco Tanks SP & Historic Site (FWTX 5),2026-09-19 07:13:00,2.0,31.9214283,-106.0467612,True,False,False,S394265352,2026-09-19 07:13,2026-09-19,2026,9,262,7.0,13.0,True,Fall,True,True,,False,False,False,False,KEEP,Valid eBird observation
TX,magwar,Magnolia Warbler,Setophaga magnolia,L77395589,Tule Creek hike and bike trail,2026-09-19 07:11:00,1.0,28.041675,-97.053202,True,False,True,S394217682,2026-09-19 07:11,2026-09-19,2026,9,262,7.0,11.0,True,Fall,True,True,,False,False,False,False,KEEP,Valid eBird observation
TX,baisan,Baird's Sandpiper,Calidris bairdii,L20629046,Joe Pool Lake—Britton Park—S. Portion/Boat Ramp/Parking Area (Ellis Co),2026-09-19 06:57:00,4.0,32.548092,-97.0536416,True,False,False,S394252320,2026-09-19 06:57,2026-09-19,2026,9,262,6.0,57.0,True,Fall,True,True,,False,False,False,False,KEEP,Valid eBird observation
TX,easowl1,Eastern Screech-Owl,Megascops asio,L7751251,100 - 200 Northwood St,2026-09-19 06:41:00,1.0,29.7913878,-95.3777566,True,False,True,S394166111,2026-09-19 06:41,2026-09-19,2026,9,262,6.0,41.0,True,Fall,True,True,,False,False,False,False,KEEP,Valid eBird observation
TX,lbbgul,Lesser Black-backed Gull,Larus fuscus,L4473219,Galveston Fishing Pier,2026-09-19 06:32:00,1.0,29.2505668,-94.8531916,True,False,False,S394214184,2026-09-19 06:32,2026-09-19,2026,9,262,6.0,32.0,True,Fall,True,True,,False,False,False,False,KEEP,Valid eBird observation
TX,cacwre,Cactus Wren,Campylorhynchus brunneicapillus,L49780858,"El Ranchito Rd, Laredo US-TX 27.54427, -99.44662",2026-09-19 06:13:00,1.0,27.544273,-99.446622,True,False,True,S394226730,2026-09-19 06:13,2026-09-19,2026,9,262,6.0,13.0,True,Fall,True,True,,False,False,False,False,KEEP,Valid eBird observation
TX,lesnig,Lesser Nighthawk,Chordeiles acutipennis,L13751854,"414 County Road 574, Castroville US-TX 29.32472, -98.87627",2026-09-19 00:04:00,3.0,29.324719,-98.876271,True,False,True,S394093354,2026-09-19 00:04,2026-09-19,2026,9,262,0.0,4.0,True,Fall,True,True,,False,False,False,False,KEEP,Valid eBird observation
TX,cintea,Cinnamon Teal,Spatula cyanoptera,L726903,Fort Stockton stormwater detention basin,2026-09-18 17:54:00,1.0,30.912461,-102.8798819,True,False,False,S394048383,2026-09-18 17:54,2026-09-18,2026,9,261,17.0,54.0,True,Fall,True,True,,False,False,False,False,KEEP,Valid eBird observation
TX,casspa,Cassin's Sparrow,Peucaea cassinii,L726903,Fort Stockton stormwater detention basin,2026-09-18 17:54:00,2.0,30.912461,-102.8798819,True,False,False,S394048383,2026-09-18 17:54,2026-09-18,2026,9,261,17.0,54.0,True,Fall,True,True,,False,False,False,False,KEEP,Valid eBird observation
TX,mexduc,Mexican Duck,Anas diazi,L726903,Fort Stockton stormwater detention basin,2026-09-18 17:54:00,1.0,30.912461,-102.8798819,True,False,False,S394048383,2026-09-18 17:54,2026-09-18,2026,9,261,17.0,54.0,True,Fall,True,True,,False,False,False,False,KEEP,Valid eBird observation
TX,yetwar,Yellow-throated Warbler,Setophaga dominica,L6087334,Raymondville Memorial Park Cemetery,2026-09-18 16:17:00,1.0,26.4840633,-97.751727,True,False,False,S394033125,2026-09-18 16:17,2026-09-18,2026,9,261,16.0,17.0,True,Fall,True,True,,False,False,False,False,KEEP,Valid eBird observation
TX,fiscro,Fish Crow,Corvus ossifragus,L42263837,"Home, Tyler, TX  (Private)",2026-09-18 16:15:00,1.0,32.334608,-95.315559,True,False,True,S394037437,2026-09-18 16:15,2026-09-18,2026,9,261,16.0,15.0,True,Fall,True,True,,False,False,False,False,KEEP,Valid eBird observation
TX,brthum,Broad-tailed Hummingbird,Selasphorus platycercus,L2393777,Guadalupe Mts. NP--Smith Springs Trail,2026-09-18 16:12:00,2.0,31.913975,-104.801293,True,False,False,S394050724,2026-09-18 16:12,2026-09-18,2026,9,261,16.0,12.0,True,Fall,True,True,,False,False,False,False,KEEP,Valid eBird observation
TX,spotow,Spotted Towhee,Pipilo maculatus,L2393777,Guadalupe Mts. NP--Smith Springs Trail,2026-09-18 16:12:00,1.0,31.913975,-104.801293,True,False,False,S394050724,2026-09-18 16:12,2026-09-18,2026,9,261,16.0,12.0,True,Fall,True,True,,False,False,False,False,KEEP,Valid eBird observation
TX,towwar,Townsend's Warbler,Setophaga townsendi,L2393777,Guadalupe Mts. NP--Smith Springs Trail,2026-09-18 16:12:00,2.0,31.913975,-104.801293,True,False,False,S394050724,2026-09-18 16:12,2026-09-18,2026,9,261,16.0,12.0,True,Fall,True,True,,False,False,False,False,KEEP,Valid eBird observation
TX,amgplo,American Golden-Plover,Pluvialis dominica,L281773,Fort Travis Seashore Park,2026-09-18 15:50:00,1.0,29.3637239,-94.7592237,True,False,False,S394019938,2026-09-18 15:50,2026-09-18,2026,9,261,15.0,50.0,True,Fall,True,True,,False,False,False,False,KEEP,Valid eBird observation
TX,redkno,Red Knot,Calidris canutus,L8368865,Quintana--CR723 W. of FM1495,2026-09-18 15:49:00,4.0,28.912963,-95.3434302,True,False,False,S394026800,2026-09-18 15:49,2026-09-18,2026,9,261,15.0,49.0,True,Fall,True,True,,False,False,False,False,KEEP,Valid eBird observation
TX,swagoo1,Swan Goose,Anser cygnoides,L247135,Landa Park (HOTE 069),2026-09-18 15:45:00,1.0,29.7117824,-98.1356484,True,False,False,S394031592,2026-09-18 15:45,2026-09-18,2026,9,261,15.0,45.0,True,Fall,True,True,,False,False,False,False,KEEP,Valid eBird observation
TX,woothr,Wood Thrush,Hylocichla mustelina,L36170782,Experimental Forest,2026-09-18 15:19:00,2.0,31.4998665,-94.7659912,True,False,True,S394037068,2026-09-18 15:19,2026-09-18,2026,9,261,15.0,19.0,True,Fall,True,True,,False,False,False,False,KEEP,Valid eBird observation
TX,aplfal,Aplomado Falcon,Falco femoralis,L17731397,"Mustang Island SP—Aplomado Falcon Viewing Platform, TX361",2026-09-18 13:55:00,1.0,27.692173,-97.16353,True,False,False,S394000072,2026-09-18 13:55,2026-09-18,2026,9,261,13.0,55.0,True,Fall,True,True,,False,False,False,False,KEEP,Valid eBird observation
TX,kenwar,Kentucky Warbler,Geothlypis formosa,L302786,Hazel Bazemore-Calallen Park (CTC 078),2026-09-18 13:49:00,1.0,27.8660367,-97.6408984,True,False,False,S394002119,2026-09-18 13:49,2026-09-18,2026,9,261,13.0,49.0,True,Fall,True,True,,False,False,False,False,KEEP,Valid eBird observation
TX,budger,Budgerigar,Melopsittacus undulatus,L75670385,"Home, Calallen, TX",2026-09-18 13:44:00,1.0,27.8599685,-97.6458443,True,True,True,S393999671,2026-09-18 13:44,2026-09-18,2026,9,261,13.0,44.0,True,Fall,True,True,,False,False,False,False,KEEP,Valid eBird observation
TX,scoori,Scott's Oriole,Icterus parisorum,L4899787,Menger Springs Home - Boerne,2026-09-18 13:00:00,2.0,29.7582676,-98.7307137,True,False,True,S394136334,2026-09-18 13:00,2026-09-18,2026,9,261,13.0,0.0,True,Fall,True,True,,False,False,False,False,KEEP,Valid eBird observation
TX,mutswa,Mute Swan,Cygnus olor,L1060530,Pleasure Acres Lake / Pleasant Acres Lake,2026-09-18 11:12:00,1.0,32.3138307,-95.1855469,True,False,False,S393968550,2026-09-18 11:12,2026-09-18,2026,9,261,11.0,12.0,True,Fall,True,True,,False,False,False,False,KEEP,Valid eBird observation
TX,scatan,Scarlet Tanager,Piranga olivacea,L18506328,UT Southwestern Medical Center including rookery,2026-09-18 11:02:00,1.0,32.8139237,-96.8440942,True,True,False,S393965753,2026-09-18 11:02,2026-09-18,2026,9,261,11.0,2.0,True,Fall,True,True,,False,False,False,False,KEEP,Valid eBird observation
TX,scaqua,Scaled Quail,Callipepla squamata,L40310695,Devils River SNA-Dan A Hughes Unit,2026-09-18 11:00:00,12.0,29.730026,-100.961189,True,False,False,S394066145,2026-09-18 11:00,2026-09-18,2026,9,261,11.0,0.0,True,Fall,True,True,,False,False,False,False,KEEP,Valid eBird observation
TX,dusfly,Dusky Flycatcher,Empidonax oberholseri,L7330592,"Johnson Ponds area, Alpine",2026-09-18 10:35:00,1.0,30.3660623,-103.6742771,True,False,False,S393967712,2026-09-18 10:35,2026-09-18,2026,9,261,10.0,35.0,True,Fall,True,True,,False,False,False,False,KEEP,Valid eBird observation
TX,calhum,Calliope Hummingbird,Selasphorus calliope,L28737738,Barry Zimmer’s Yard,2026-09-18 09:23:00,1.0,31.851229,-106.457055,True,False,True,S393968517,2026-09-18 09:23,2026-09-18,2026,9,261,9.0,23.0,True,Fall,True,True,,False,False,False,False,KEEP,Valid eBird observation
TX,plsvir,Plumbeous Vireo,Vireo plumbeus,L282958,"Aztlan Park, Lubbock",2026-09-18 08:50:00,1.0,33.6009229,-101.8491018,True,False,False,S393980433,2026-09-18 08:50,2026-09-18,2026,9,261,8.0,50.0,True,Fall,True,True,,False,False,False,False,KEEP,Valid eBird observation
TX,bkhgro,Black-headed Grosbeak,Pheucticus melanocephalus,L282958,"Aztlan Park, Lubbock",2026-09-18 08:50:00,1.0,33.6009229,-101.8491018,True,False,False,S393980433,2026-09-18 08:50,2026-09-18,2026,9,261,8.0,50.0,True,Fall,True,True,,False,False,False,False,KEEP,Valid eBird observation
TX,herthr,Hermit Thrush,Catharus guttatus,L282958,"Aztlan Park, Lubbock",2026-09-18 08:50:00,1.0,33.6009229,-101.8491018,True,False,False,S393980433,2026-09-18 08:50,2026-09-18,2026,9,261,8.0,50.0,True,Fall,True,True,,False,False,False,False,KEEP,Valid eBird observation
TX,lazbun,Lazuli Bunting,Passerina amoena,L128955,"Memorial Park (FWTX 9), El Paso",2026-09-18 08:14:00,3.0,31.7894117,-106.4571601,True,False,False,S393939887,2026-09-18 08:14,2026-09-18,2026,9,261,8.0,14.0,True,Fall,True,True,,False,False,False,False,KEEP,Valid eBird observation
TX,gnttow,Green-tailed Towhee,Pipilo chlorurus,L59682695,Juniper drive,2026-09-18 08:05:00,2.0,30.621468,-103.998123,True,False,True,S394068921,2026-09-18 08:05,2026-09-18,2026,9,261,8.0,5.0,True,Fall,True,True,,False,False,False,False,KEEP,Valid eBird observation
TX,wesmea,Western Meadowlark,Sturnella neglecta,L2389479,"Forrest Park, Lamesa",2026-09-18 08:01:00,1.0,32.72365,-101.95242,True,False,False,S393922618,2026-09-18 08:01,2026-09-18,2026,9,261,8.0,1.0,True,Fall,True,True,,False,False,False,False,KEEP,Valid eBird observation
TX,juntit1,Juniper Titmouse,Baeolophus ridgwayi,L573071,Guadalupe Mts. NP--Devil's Hall Trail,2026-09-18 08:00:00,1.0,31.9069987,-104.8484516,True,False,False,S394028821,2026-09-18 08:00,2026-09-18,2026,9,261,8.0,0.0,True,Fall,True,True,,False,False,False,False,KEEP,Valid eBird observation
TX,mouchi,Mountain Chickadee,Poecile gambeli,L573071,Guadalupe Mts. NP--Devil's Hall Trail,2026-09-18 08:00:00,1.0,31.9069987,-104.8484516,True,False,False,S394028821,2026-09-18 08:00,2026-09-18,2026,9,261,8.0,0.0,True,Fall,True,True,,False,False,False,False,KEEP,Valid eBird observation
TX,heptan,Hepatic Tanager,Piranga flava,L583547,Davis Mountains Resort (Restricted Access),2026-09-18 08:00:00,1.0,30.6173798,-104.0970039,True,False,False,S394076144,2026-09-18 08:00,2026-09-18,2026,9,261,8.0,0.0,True,Fall,True,True,,False,False,False,False,KEEP,Valid eBird observation
TX,luchum,Lucifer Hummingbird,Calothorax lucifer,L583547,Davis Mountains Resort (Restricted Access),2026-09-18 08:00:00,1.0,30.6173798,-104.0970039,True,False,False,S394076144,2026-09-18 08:00,2026-09-18,2026,9,261,8.0,0.0,True,Fall,True,True,,False,False,False,False,KEEP,Valid eBird observation
TX,woewar1,Worm-eating Warbler,Helmitheros vermivorum,L2151617,Rockport- Ivy Lane Birding & Nature Site,2026-09-18 07:44:00,1.0,28.0244708,-97.0945823,True,False,False,S393922076,2026-09-18 07:44,2026-09-18,2026,9,261,7.0,44.0,True,Fall,True,True,,False,False,False,False,KEEP,Valid eBird observation
TX,gryfly,Gray Flycatcher,Empidonax wrightii,L17013500,UTEP Campus,2026-09-18 07:38:00,1.0,31.769976,-106.505093,True,False,False,S393931843,2026-09-18 07:38,2026-09-18,2026,9,261,7.0,38.0,True,Fall,True,True,,False,False,False,False,KEEP,Valid eBird observation
TX,macwar,MacGillivray's Warbler,Geothlypis tolmiei,L17013500,UTEP Campus,2026-09-18 07:38:00,1.0,31.769976,-106.505093,True,False,False,S393931843,2026-09-18 07:38,2026-09-18,2026,9,261,7.0,38.0,True,Fall,True,True,,False,False,False,False,KEEP,Valid eBird observation
TX,kinrai4,King Rail,Rallus elegans,L298417,Fennessey Ranch (CTC 041),2026-09-18 07:25:00,2.0,28.2284325,-97.2509817,True,False,False,S393966186,2026-09-18 07:25,2026-09-18,2026,9,261,7.0,25.0,True,Fall,True,True,,False,False,False,False,KEEP,Valid eBird observation
TX,whimbr3,Hudsonian Whimbrel,Numenius hudsonicus,L23169349,Point San Luis - Catalina Drive Area,2026-09-18 07:10:00,1.0,29.1142488,-95.0883826,True,False,True,S393934218,2026-09-18 07:10,2026-09-18,2026,9,261,7.0,10.0,True,Fall,True,True,,False,False,False,False,KEEP,Valid eBird observation
TX,recwoo,Red-cockaded Woodpecker,Leuconotopicus borealis,L129118,W.G. Jones State Forest (UTC 036),2026-09-17 19:04:00,2.0,30.235563,-95.4852676,True,False,False,S393806819,2026-09-17 19:04,2026-09-17,2026,9,260,19.0,4.0,True,Fall,True,True,,False,False,False,False,KEEP,Valid eBird observation
TX,cedwax,Cedar Waxwing,Bombycilla cedrorum,L892634,Plains- Stanford Park,2026-09-17 18:08:00,6.0,33.1927848,-102.8321815,True,False,False,S393782042,2026-09-17 18:08,2026-09-17,2026,9,260,18.0,8.0,True,Fall,True,True,,False,False,False,False,KEEP,Valid eBird observation
TX,prowar,Prothonotary Warbler,Protonotaria citrea,L3713209,Highland Bayou/ Home,2026-09-17 17:29:00,1.0,29.3523644,-94.9908084,True,False,True,S393781941,2026-09-17 17:29,2026-09-17,2026,9,260,17.0,29.0,True,Fall,True,True,,False,False,False,False,KEEP,Valid eBird observation
TX,towsol,Townsend's Solitaire,Myadestes townsendi,L128981,Guadalupe Mts. NP--Frijole Ranch (FWTX 16),2026-09-17 13:45:00,1.0,31.9074905,-104.8013279,True,False,False,S393837800,2026-09-17 13:45,2026-09-17,2026,9,260,13.0,45.0,True,Fall,True,True,,False,False,False,False,KEEP,Valid eBird observation
TX,brnnod,Brown Noddy,Anous stolidus,L9134156,"Roberts Point Park, Port Aransas",2026-09-17 13:33:00,1.0,27.8410344,-97.0641445,True,True,False,S393728483,2026-09-17 13:33,2026-09-17,2026,9,260,13.0,33.0,True,Fall,True,True,,False,False,False,False,KEEP,Valid eBird observation
TX,gryvir,Gray Vireo,Vireo vicinior,L22462429,Marfa Municipal Golf Course and Vizcaino Park,2026-09-17 12:36:00,1.0,30.3232356,-103.995013,True,False,False,S393747550,2026-09-17 12:36,2026-09-17,2026,9,260,12.0,36.0,True,Fall,True,True,,False,False,False,False,KEEP,Valid eBird observation
TX,gragoo,Graylag Goose,Anser anser,L374444,"Burroughs Park, Tomball",2026-09-17 12:30:00,1.0,30.138651,-95.5758619,True,False,False,S393806205,2026-09-17 12:30,2026-09-17,2026,9,260,12.0,30.0,True,Fall,True,True,,False,False,False,False,KEEP,Valid eBird observation
TX,fragul,Franklin's Gull,Leucophaeus pipixcan,L372526,Lake Halbert,2026-09-17 11:04:00,1.0,32.067156,-96.414299,True,False,False,S393704752,2026-09-17 11:04,2026-09-17,2026,9,260,11.0,4.0,True,Fall,True,True,,False,False,False,False,KEEP,Valid eBird observation
TX,gwfgoo,Greater White-fronted Goose,Anser albifrons,L454216,Cuero Municipal Park,2026-09-17 11:01:00,1.0,29.0855204,-97.2742152,True,False,False,S393774964,2026-09-17 11:01,2026-09-17,2026,9,260,11.0,1.0,True,Fall,True,True,,False,False,False,False,KEEP,Valid eBird observation
TX,lilmea2,Chihuahuan Meadowlark,Sturnella lilianae,L129010,Balmorhea Lake (fee access),2026-09-17 09:35:00,3.0,30.9617996,-103.7192993,True,False,False,S393930562,2026-09-17 09:35,2026-09-17,2026,9,260,9.0,35.0,True,Fall,True,True,,False,False,False,False,KEEP,Valid eBird observation
TX,wesgre,Western Grebe,Aechmophorus occidentalis,L129010,Balmorhea Lake (fee access),2026-09-17 09:35:00,4.0,30.9617996,-103.7192993,True,False,False,S393930562,2026-09-17 09:35,2026-09-17,2026,9,260,9.0,35.0,True,Fall,True,True,,False,False,False,False,KEEP,Valid eBird observation
TX,clagre,Clark's Grebe,Aechmophorus clarkii,L129010,Balmorhea Lake (fee access),2026-09-17 09:35:00,20.0,30.9617996,-103.7192993,True,False,False,S393930562,2026-09-17 09:35,2026-09-17,2026,9,260,9.0,35.0,True,Fall,True,True,,False,False,False,False,KEEP,Valid eBird observation
TX,swathr,Swainson's Thrush,Catharus ustulatus,L248659,Quintana Neotropical Bird Sanctuary (UTC 121),2026-09-17 09:10:00,1.0,28.9336226,-95.3087246,True,False,False,S393665865,2026-09-17 09:10,2026-09-17,2026,9,260,9.0,10.0,True,Fall,True,True,,False,False,False,False,KEEP,Valid eBird observation
TX,varbun,Varied Bunting,Passerina versicolor,L1067888,Presidio Co.—RR169 former Alamito Picnic Area,2026-09-17 09:00:00,1.0,29.8665819,-104.0191555,True,False,False,S393730353,2026-09-17 09:00,2026-09-17,2026,9,260,9.0,0.0,True,Fall,True,True,,False,False,False,False,KEEP,Valid eBird observation
TX,sagthr,Sage Thrasher,Oreoscoptes montanus,L128969,Fort Peña Colorado Pk (The Post)(FWTX 28),2026-09-17 08:41:00,1.0,30.152997,-103.2874735,True,False,False,S393674211,2026-09-17 08:41,2026-09-17,2026,9,260,8.0,41.0,True,Fall,True,True,,False,False,False,False,KEEP,Valid eBird observation
TX,wilsap,Williamson's Sapsucker,Sphyrapicus thyroideus,L3094782,Guadalupe Mts. NP--Manzanita Spring,2026-09-17 08:24:00,1.0,31.9104766,-104.7984767,True,False,False,S393760193,2026-09-17 08:24,2026-09-17,2026,9,260,8.0,24.0,True,Fall,True,True,,False,False,False,False,KEEP,Valid eBird observation
TX,mexjay4,Mexican Jay,Aphelocoma wollweberi,L787380,Big Bend NP--Lost Mine Trail,2026-09-17 08:13:00,18.0,29.2712542,-103.2811965,True,False,False,S393675847,2026-09-17 08:13,2026-09-17,2026,9,260,8.0,13.0,True,Fall,True,True,,False,False,False,False,KEEP,Valid eBird observation
TX,mdxmal1,Muscovy Duck x Mallard (hybrid),Cairina moschata x Anas platyrhynchos,L420641,Buffalo Bayou Park / Allen Pkwy (UTC 089),2026-09-17 08:08:00,1.0,29.7624774,-95.3987932,True,False,False,S393750487,2026-09-17 08:08,2026-09-17,2026,9,260,8.0,8.0,True,Fall,True,True,,False,False,False,False,KEEP,Valid eBird observation
TX,virrai,Virginia Rail,Rallus limicola,L498121,Weslaco Wetlands (LTC 056),2026-09-17 08:00:00,1.0,26.1781631,-97.9788637,True,False,False,S393660479,2026-09-17 08:00,2026-09-17,2026,9,260,8.0,0.0,True,Fall,True,True,,False,False,False,False,KEEP,Valid eBird observation
TX,hamfly,Hammond's Flycatcher,Empidonax hammondii,L17013500,UTEP Campus,2026-09-17 07:54:00,1.0,31.769976,-106.505093,True,False,False,S393665584,2026-09-17 07:54,2026-09-17,2026,9,260,7.0,54.0,True,Fall,True,True,,False,False,False,False,KEEP,Valid eBird observation
TX,cacgoo1,Cackling Goose,Branta hutchinsii,L1403819,"Southeast Park, Canyon",2026-09-17 07:44:00,1.0,34.9680865,-101.9088732,True,False,False,S393655189,2026-09-17 07:44,2026-09-17,2026,9,260,7.0,44.0,True,Fall,True,True,,False,False,False,False,KEEP,Valid eBird observation
TX,vigswa,Violet-green Swallow,Tachycineta thalassina,L10447280,"Zimmer Yard, Tonto Pl",2026-09-17 07:30:00,2.0,31.8513769,-106.4567638,True,False,True,S393681079,2026-09-17 07:30,2026-09-17,2026,9,260,7.0,30.0,True,Fall,True,True,,False,False,False,False,KEEP,Valid eBird observation
TX,bkcvir1,Black-capped Vireo,Vireo atricapilla,L8808815,Fort Hood--East Range (Coryell Co.)(Limited access),2026-09-17 07:16:00,2.0,31.2437747,-97.6162391,True,False,False,S393706244,2026-09-17 07:16,2026-09-17,2026,9,260,7.0,16.0,True,Fall,True,True,,False,False,False,False,KEEP,Valid eBird observation
TX,whtspa,White-throated Sparrow,Zonotrichia albicollis,L53212862,Perot Museum of Nature,2026-09-17 06:01:00,1.0,32.786439,-96.807928,True,True,True,S393606416,2026-09-17 06:01,2026-09-17,2026,9,260,6.0,1.0,True,Fall,True,True,,False,False,False,False,KEEP,Valid eBird observation
TX,seaspa,Seaside Sparrow,Ammospiza maritima,L36299700,"Port O'Connor, Texas, US (28.424, -96.414)",2026-09-16 21:56:00,1.0,28.424081,-96.4141552,True,False,True,S393551241,2026-09-16 21:56,2026-09-16,2026,9,259,21.0,56.0,True,Fall,True,True,,False,False,False,False,KEEP,Valid eBird observation
TX,brbhum,Broad-billed Hummingbird,Cynanthus latirostris,L4790127,Olds Creek Bird Sanctuary,2026-09-16 16:39:00,1.0,30.6211468,-103.9823824,True,True,True,S393624960,2026-09-16 16:39,2026-09-16,2026,9,259,16.0,39.0,True,Fall,True,True,,False,False,False,False,KEEP,Valid eBird observation
TX,casvir,Cassin's Vireo,Vireo cassinii,L129020,Lawrence E. Wood Picnic Area & Madera Canyon Trail,2026-09-16 14:34:00,1.0,30.7063007,-104.1054001,True,False,False,S393546638,2026-09-16 14:34,2026-09-16,2026,9,259,14.0,34.0,True,Fall,True,True,,False,False,False,False,KEEP,Valid eBird observation
TX,palwar,Palm Warbler,Setophaga palmarum,L568233,North Lake Pk (Dallas Co),2026-09-16 14:27:00,1.0,32.93003,-96.9824982,True,True,False,S393505742,2026-09-16 14:27,2026-09-16,2026,9,259,14.0,27.0,True,Fall,True,True,,False,False,False,False,KEEP,Valid eBird observation
TX,ferhaw,Ferruginous Hawk,Buteo regalis,L77350379,"County Road 104, Floydada US-TX 33.83071, -101.17110",2026-09-16 14:04:00,1.0,33.830705,-101.171095,True,False,True,S393938074,2026-09-16 14:04,2026-09-16,2026,9,259,14.0,4.0,True,Fall,True,True,,False,False,False,False,KEEP,Valid eBird observation
TX,subfly,Sulphur-bellied Flycatcher,Myiodynastes luteiventris,L422541,Leonabelle Turnbull Birding Ctr. (CTC 057),2026-09-16 11:58:00,1.0,27.8275297,-97.0789558,True,True,False,S393475371,2026-09-16 11:58,2026-09-16,2026,9,259,11.0,58.0,True,Fall,True,True,,False,False,False,False,KEEP,Valid eBird observation
TX,chswar,Chestnut-sided Warbler,Setophaga pensylvanica,L77284305,"4702 Tremont Street, Dallas, Texas, US (32.796, -96.769)",2026-09-16 11:04:00,1.0,32.7956979,-96.7689715,True,False,True,S393555009,2026-09-16 11:04,2026-09-16,2026,9,259,11.0,4.0,True,Fall,True,True,,False,False,False,False,KEEP,Valid eBird observation
TX,hutvir,Hutton's Vireo,Vireo huttoni,L1897471,Hills of Bandera Ranch,2026-09-16 09:36:00,2.0,29.6397101,-99.1472332,True,False,True,S393465866,2026-09-16 09:36,2026-09-16,2026,9,259,9.0,36.0,True,Fall,True,True,,False,False,False,False,KEEP,Valid eBird observation
TX,redjun,Red Junglefowl,Gallus gallus,L128990,Hermann Park,2026-09-16 08:21:00,1.0,29.7168676,-95.3921521,True,False,False,S393404972,2026-09-16 08:21,2026-09-16,2026,9,259,8.0,21.0,True,Fall,True,True,,False,False,False,False,KEEP,Valid eBird observation
TX,maghum1,Rivoli's Hummingbird,Eugenes fulgens,L583547,Davis Mountains Resort (Restricted Access),2026-09-16 07:30:00,1.0,30.6173798,-104.0970039,True,False,False,S393725259,2026-09-16 07:30,2026-09-16,2026,9,259,7.0,30.0,True,Fall,True,True,,False,False,False,False,KEEP,Valid eBird observation
TX,wesowl1,Western Screech-Owl,Megascops kennicottii,L583547,Davis Mountains Resort (Restricted Access),2026-09-16 07:30:00,1.0,30.6173798,-104.0970039,True,False,False,S393725259,2026-09-16 07:30,2026-09-16,2026,9,259,7.0,30.0,True,Fall,True,True,,False,False,False,False,KEEP,Valid eBird observation
TX,compoo,Common Poorwill,Phalaenoptilus nuttallii,L40310695,Devils River SNA-Dan A Hughes Unit,2026-09-16 07:00:00,1.0,29.730026,-100.961189,True,False,False,S393481961,2026-09-16 07:00,2026-09-16,2026,9,259,7.0,0.0,True,Fall,True,True,,False,False,False,False,KEEP,Valid eBird observation
TX,x00922,Mexican x Mottled Duck (hybrid),Anas diazi x fulvigula,L129086,Santa Margarita Ranch (LTC 079) (restricted access - guided groups only),2026-09-16 05:45:00,2.0,26.4856177,-99.0912337,True,False,False,S393525741,2026-09-16 05:45,2026-09-16,2026,9,259,5.0,45.0,True,Fall,True,True,,False,False,False,False,KEEP,Valid eBird observation
TX,rotbec,Rose-throated Becard,Pachyramphus aglaiae,L129086,Santa Margarita Ranch (LTC 079) (restricted access - guided groups only),2026-09-16 05:45:00,1.0,26.4856177,-99.0912337,True,True,False,S393525741,2026-09-16 05:45,2026-09-16,2026,9,259,5.0,45.0,True,Fall,True,True,,False,False,False,False,KEEP,Valid eBird observation
TX,brnjay,Brown Jay,Cyanocorax morio,L129086,Santa Margarita Ranch (LTC 079) (restricted access - guided groups only),2026-09-16 05:45:00,1.0,26.4856177,-99.0912337,True,True,False,S393525741,2026-09-16 05:45,2026-09-16,2026,9,259,5.0,45.0,True,Fall,True,True,,False,False,False,False,KEEP,Valid eBird observation
TX,rebpig1,Red-billed Pigeon,Patagioenas flavirostris,L129086,Santa Margarita Ranch (LTC 079) (restricted access - guided groups only),2026-09-16 05:45:00,3.0,26.4856177,-99.0912337,True,False,False,S393525741,2026-09-16 05:45,2026-09-16,2026,9,259,5.0,45.0,True,Fall,True,True,,False,False,False,False,KEEP,Valid eBird observation
TX,motowl,Mottled Owl,Strix virgata,L129086,Santa Margarita Ranch (LTC 079) (restricted access - guided groups only),2026-09-16 05:45:00,1.0,26.4856177,-99.0912337,True,True,False,S393525741,2026-09-16 05:45,2026-09-16,2026,9,259,5.0,45.0,True,Fall,True,True,,False,False,False,False,KEEP,Valid eBird observation
TX,amebit,American Bittern,Botaurus lentiginosus,L129086,Santa Margarita Ranch (LTC 079) (restricted access - guided groups only),2026-09-16 05:45:00,2.0,26.4856177,-99.0912337,True,True,False,S393525741,2026-09-16 05:45,2026-09-16,2026,9,259,5.0,45.0,True,Fall,True,True,,False,False,False,False,KEEP,Valid eBird observation
TX,yehpar,Yellow-headed Amazon,Amazona oratrix,L2424615,Resaca de la Palma National Battlefield,2026-09-15 18:29:00,2.0,25.937467,-97.4865282,True,False,False,S393270235,2026-09-15 18:29,2026-09-15,2026,9,258,18.0,29.0,True,Fall,True,True,,False,False,False,False,KEEP,Valid eBird observation
TX,robgro,Rose-breasted Grosbeak,Pheucticus ludovicianus,L77241074,"9422 Anderson Mill Rd, Austin US-TX (30.4499,-97.7880)",2026-09-15 17:39:00,1.0,30.449862,-97.787983,True,False,True,S393270226,2026-09-15 17:39,2026-09-15,2026,9,258,17.0,39.0,True,Fall,True,True,,False,False,False,False,KEEP,Valid eBird observation
TX,manwar1,Mangrove Yellow Warbler,Setophaga petechia,L770565,South Padre Is.--Birding and Nature Center,2026-09-15 16:23:00,1.0,26.1374628,-97.1739367,True,False,False,S393253626,2026-09-15 16:23,2026-09-15,2026,9,258,16.0,23.0,True,Fall,True,True,,False,False,False,False,KEEP,Valid eBird observation
TX,allhum,Allen's Hummingbird,Selasphorus sasin,L76574102,Bulbuls,2026-09-15 14:15:00,1.0,29.9451217,-95.7866526,True,True,True,S393226096,2026-09-15 14:15,2026-09-15,2026,9,258,14.0,15.0,True,Fall,True,True,,False,False,False,False,KEEP,Valid eBird observation
TX,amepip,American Pipit,Anthus rubescens,L882592,"McAlister Park, Lubbock",2026-09-15 14:15:00,2.0,33.5422531,-101.9487476,True,True,False,S393392073,2026-09-15 14:15,2026-09-15,2026,9,258,14.0,15.0,True,Fall,True,True,,False,False,False,False,KEEP,Valid eBird observation
TX,rinduc,Ring-necked Duck,Aythya collaris,L391467,Dallas Southside WTP,2026-09-15 10:11:00,2.0,32.6456988,-96.6391754,True,True,False,S393176462,2026-09-15 10:11,2026-09-15,2026,9,258,10.0,11.0,True,Fall,True,True,,False,False,False,False,KEEP,Valid eBird observation
TX,crithr,Crissal Thrasher,Toxostoma crissale,L2180223,"Dell City area (FM1437, etc.)",2026-09-15 09:40:00,1.0,31.9462589,-105.1922008,True,False,False,S393482574,2026-09-15 09:40,2026-09-15,2026,9,258,9.0,40.0,True,Fall,True,True,,False,False,False,False,KEEP,Valid eBird observation
TX,brnboo,Brown Booby,Sula leucogaster,L2023918,Mustang Island SP--Corpus Christi Bay side,2026-09-15 09:33:00,2.0,27.6920404,-97.1850586,True,False,False,S393148385,2026-09-15 09:33,2026-09-15,2026,9,258,9.0,33.0,True,Fall,True,True,,False,False,False,False,KEEP,Valid eBird observation
TX,rensap,Red-naped Sapsucker,Sphyrapicus nuchalis,L128981,Guadalupe Mts. NP--Frijole Ranch (FWTX 16),2026-09-15 08:43:00,1.0,31.9074905,-104.8013279,True,False,False,S393276419,2026-09-15 08:43,2026-09-15,2026,9,258,8.0,43.0,True,Fall,True,True,,False,False,False,False,KEEP,Valid eBird observation
TX,redcro,Red Crossbill,Loxia curvirostra,L128981,Guadalupe Mts. NP--Frijole Ranch (FWTX 16),2026-09-15 08:43:00,10.0,31.9074905,-104.8013279,True,False,False,S393276419,2026-09-15 08:43,2026-09-15,2026,9,258,8.0,43.0,True,Fall,True,True,,False,False,False,False,KEEP,Valid eBird observation
TX,bkbcuc,Black-billed Cuckoo,Coccyzus erythropthalmus,L379515,Galveston--Dos Vacas Muertas,2026-09-15 08:05:00,1.0,29.146127,-95.0414371,True,False,False,S393119108,2026-09-15 08:05,2026-09-15,2026,9,258,8.0,5.0,True,Fall,True,True,,False,False,False,False,KEEP,Valid eBird observation
TX,btywar,Black-throated Gray Warbler,Setophaga nigrescens,L3123305,Nine Mile Grove,2026-09-15 07:30:00,1.0,31.8256952,-105.8299255,True,False,True,S393475985,2026-09-15 07:30,2026-09-15,2026,9,258,7.0,30.0,True,Fall,True,True,,False,False,False,False,KEEP,Valid eBird observation
TX,graspa,Grasshopper Sparrow,Ammodramus savannarum,L51956861,Fort Davis Inn & RV Park,2026-09-15 07:04:00,1.0,30.6077659,-103.8827334,True,False,False,S393101132,2026-09-15 07:04,2026-09-15,2026,9,258,7.0,4.0,True,Fall,True,True,,False,False,False,False,KEEP,Valid eBird observation
TX,x00442,Western Kingbird x Scissor-tailed Flycatcher (hybrid),Tyrannus verticalis x forficatus,L302786,Hazel Bazemore-Calallen Park (CTC 078),2026-09-14 17:18:00,1.0,27.8660367,-97.6408984,True,True,False,S392991618,2026-09-14 17:18,2026-09-14,2026,9,257,17.0,18.0,True,Fall,True,True,,False,False,False,False,KEEP,Valid eBird observation
TX,comloo,Common Loon,Gavia immer,L5280210,CRMWA's Amarillo Regulating Reservior,2026-09-14 13:07:00,1.0,35.2386968,-101.7627418,True,True,True,S392937305,2026-09-14 13:07,2026-09-14,2026,9,257,13.0,7.0,True,Fall,True,True,,False,False,False,False,KEEP,Valid eBird observation
TX,hoocro1,Hooded Crow,Corvus cornix,L77178513,"8106 Calgary Dr, Corpus Christi US-TX 27.66474, -97.33835",2026-09-14 08:38:00,1.0,27.664745,-97.338349,True,True,True,S392861564,2026-09-14 08:38,2026-09-14,2026,9,257,8.0,38.0,True,Fall,True,True,,False,False,False,False,KEEP,Valid eBird observation
TX,tropar,Tropical Parula,Setophaga pitiayumi,L40310695,Devils River SNA-Dan A Hughes Unit,2026-09-14 06:45:00,1.0,29.730026,-100.961189,True,False,False,S393003276,2026-09-14 06:45,2026-09-14,2026,9,257,6.0,45.0,True,Fall,True,True,,False,False,False,False,KEEP,Valid eBird observation
TX,herwar,Hermit Warbler,Setophaga occidentalis,L128981,Guadalupe Mts. NP--Frijole Ranch (FWTX 16),2026-09-13 16:30:00,1.0,31.9074905,-104.8013279,True,False,False,S392741449,2026-09-13 16:30,2026-09-13,2026,9,256,16.0,30.0,True,Fall,True,True,,False,False,False,False,KEEP,Valid eBird observation
TX,ruff,Ruff,Calidris pugnax,L803473,Delta Lake (LTC 008),2026-09-13 14:21:00,1.0,26.4110759,-97.9576871,True,True,False,S392664696,2026-09-13 14:21,2026-09-13,2026,9,256,14.0,21.0,True,Fall,True,True,,False,False,False,False,KEEP,Valid eBird observation
TX,louwat,Louisiana Waterthrush,Parkesia motacilla,L160563,Mitchell Lake Audubon Center (HOTE 103),2026-09-13 07:21:00,1.0,29.3105956,-98.4996938,True,False,False,S392587539,2026-09-13 07:21,2026-09-13,2026,9,256,7.0,21.0,True,Fall,True,True,,False,False,False,False,KEEP,Valid eBird observation
TX,swawar,Swainson's Warbler,Limnothlypis swainsonii,L3389644,Leon Co- Home (Private),2026-09-13 06:36:00,1.0,31.2831538,-96.0226268,True,True,True,S392612302,2026-09-13 06:36,2026-09-13,2026,9,256,6.0,36.0,True,Fall,True,True,,False,False,False,False,KEEP,Valid eBird observation
TX,sancra,Sandhill Crane,Antigone canadensis,L9644475,"Greenways Park, Amarillo",2026-09-12 19:04:00,1.0,35.1379844,-101.9295859,True,True,False,S392344429,2026-09-12 19:04,2026-09-12,2026,9,255,19.0,4.0,True,Fall,True,True,,False,False,False,False,KEEP,Valid eBird observation
TX,lotjae,Long-tailed Jaeger,Stercorarius longicaudus,L376635,Kaufer-Hubert Memorial Park (CTC 092),2026-09-12 15:03:00,1.0,27.3196959,-97.6841211,True,True,False,S392325343,2026-09-12 15:03,2026-09-12,2026,9,255,15.0,3.0,True,Fall,True,True,,False,False,False,False,KEEP,Valid eBird observation
TX,comblh1,Common Black Hawk,Buteogallus anthracinus,L77142798,Rest Stop 118,2026-09-12 10:28:00,1.0,30.527861,-103.8264453,True,False,True,S392630056,2026-09-12 10:28,2026-09-12,2026,9,255,10.0,28.0,True,Fall,True,True,,False,False,False,False,KEEP,Valid eBird observation
TX,annhum,Anna's Hummingbird,Calypte anna,L128955,"Memorial Park (FWTX 9), El Paso",2026-09-12 07:10:00,1.0,31.7894117,-106.4571601,True,False,False,S393018536,2026-09-12 07:10,2026-09-12,2026,9,255,7.0,10.0,True,Fall,True,True,,False,False,False,False,KEEP,Valid eBird observation
TX,x00013,Bullock's x Baltimore Oriole (hybrid),Icterus bullockii x galbula,L416772,Comanche Lookout Park,2026-09-12 07:01:00,1.0,29.5829184,-98.3663987,True,True,False,S392116124,2026-09-12 07:01,2026-09-12,2026,9,255,7.0,1.0,True,Fall,True,True,,False,False,False,False,KEEP,Valid eBird observation
TX,paired,Painted Redstart,Myioborus pictus,L360452,Big Bend NP--Panther Junction,2026-09-12 07:01:00,1.0,29.3281624,-103.2064569,True,False,False,S392295087,2026-09-12 07:01,2026-09-12,2026,9,255,7.0,1.0,True,Fall,True,True,,False,False,False,False,KEEP,Valid eBird observation
TX,rosgoo,Ross's Goose,Anser rossii,L40644307,Copper Lakes Park,2026-09-11 12:44:00,1.0,29.8978527,-95.6753061,True,True,False,S392956035,2026-09-11 12:44,2026-09-11,2026,9,254,12.0,44.0,True,Fall,True,True,,False,False,False,False,KEEP,Valid eBird observation
TX,x00449,Altamira x Audubon's Oriole (hybrid),Icterus gularis x graduacauda,L336009,National Butterfly Center--General & area North of Levee,2026-09-11 08:02:00,1.0,26.1796025,-98.3664483,True,True,False,S391808499,2026-09-11 08:02,2026-09-11,2026,9,254,8.0,2.0,True,Fall,True,True,,False,False,False,False,KEEP,Valid eBird observation
TX,compea,Indian Peafowl,Pavo cristatus,L23176074,Galveston- Ostermeyer/Zinglemann Rd Curve Marsh,2026-09-11 07:30:00,11.0,29.2372972,-94.9029555,True,False,True,S391832189,2026-09-11 07:30,2026-09-11,2026,9,254,7.0,30.0,True,Fall,True,True,,False,False,False,False,KEEP,Valid eBird observation
TX,snogoo,Snow Goose,Anser caerulescens,L76983871,"The Townsend, Georgetown US-TX 30.58240, -97.68821",2026-09-10 16:51:00,1.0,30.582405,-97.688213,True,False,True,S391632979,2026-09-10 16:51,2026-09-10,2026,9,253,16.0,51.0,True,Fall,True,True,,False,False,False,False,KEEP,Valid eBird observation
TX,broman1,Bronze Mannikin,Spermestes cucullata,L41848739,"1601 S Primavera Dr, Pearland US-TX (29.5619,-95.2312)",2026-09-10 15:12:00,1.0,29.561862,-95.23121,True,False,True,S391624198,2026-09-10 15:12,2026-09-10,2026,9,253,15.0,12.0,True,Fall,True,True,,False,False,False,False,KEEP,Valid eBird observation
TX,nobtyr,Northern Beardless-Tyrannulet,Camptostoma imberbe,L129085,Santa Ana NWR (LTC 059),2026-09-10 12:25:00,1.0,26.0813003,-98.1351399,True,False,False,S391594754,2026-09-10 12:25,2026-09-10,2026,9,253,12.0,25.0,True,Fall,True,True,,False,False,False,False,KEEP,Valid eBird observation
TX,goleag,Golden Eagle,Aquila chrysaetos,L76817877,Storm Drainage,2026-09-10 12:16:00,1.0,30.203623,-103.23734,True,False,True,S391599537,2026-09-10 12:16,2026-09-10,2026,9,253,12.0,16.0,True,Fall,True,True,,False,False,False,False,KEEP,Valid eBird observation
TX,elfowl,Elf Owl,Micrathene whitneyi,L128898,Big Bend NP--Dugout Wells,2026-09-10 07:29:00,1.0,29.2712002,-103.1352997,True,False,False,S391530973,2026-09-10 07:29,2026-09-10,2026,9,253,7.0,29.0,True,Fall,True,True,,False,False,False,False,KEEP,Valid eBird observation
TX,x00385,Rufous x Allen's Hummingbird (hybrid),Selasphorus rufus x sasin,L1519073,Brittlyns Ct.,2026-09-10 07:16:00,1.0,30.3834554,-97.8517178,True,True,True,S391740045,2026-09-10 07:16,2026-09-10,2026,9,253,7.0,16.0,True,Fall,True,True,,False,False,False,False,KEEP,Valid eBird observation
TX,sabgul,Sabine's Gull,Xema sabini,L303269,Port Aransas Jetty (CTC 058),2026-09-10 06:57:00,1.0,27.8348271,-97.046015,True,True,False,S391540000,2026-09-10 06:57,2026-09-10,2026,9,253,6.0,57.0,True,Fall,True,True,,False,False,False,False,KEEP,Valid eBird observation
TX,bkcspa,Black-chinned Sparrow,Spizella atrogularis,L18015839,Franklin Mountains SP--W. Cottonwood Spring/Mundy’s Gap Trail,2026-09-09 12:40:00,1.0,31.914801,-106.500758,True,False,False,S391395766,2026-09-09 12:40,2026-09-09,2026,9,252,12.0,40.0,True,Fall,True,True,,False,False,False,False,KEEP,Valid eBird observation
TX,pinjay,Pinyon Jay,Gymnorhinus cyanocephalus,L18015839,Franklin Mountains SP--W. Cottonwood Spring/Mundy’s Gap Trail,2026-09-09 12:40:00,2.0,31.914801,-106.500758,True,True,False,S391395766,2026-09-09 12:40,2026-09-09,2026,9,252,12.0,40.0,True,Fall,True,True,,False,False,False,False,KEEP,Valid eBird observation
TX,x00422,Mallard x Mottled Duck (hybrid),Anas platyrhynchos x fulvigula,L128874,Jocelyn Nungaray NWR  (Anahuac) (UTC 049),2026-09-09 08:00:00,1.0,29.6148414,-94.5344353,True,False,False,S391915596,2026-09-09 08:00,2026-09-09,2026,9,252,8.0,0.0,True,Fall,True,True,,False,False,False,False,KEEP,Valid eBird observation
TX,gxwibi1,Glossy x White-faced Ibis (hybrid),Plegadis falcinellus x chihi,L128874,Jocelyn Nungaray NWR  (Anahuac) (UTC 049),2026-09-09 08:00:00,1.0,29.6148414,-94.5344353,True,False,False,S391915596,2026-09-09 08:00,2026-09-09,2026,9,252,8.0,0.0,True,Fall,True,True,,False,False,False,False,KEEP,Valid eBird observation
TX,gloibi,Glossy Ibis,Plegadis falcinellus,L128874,Jocelyn Nungaray NWR  (Anahuac) (UTC 049),2026-09-09 08:00:00,1.0,29.6148414,-94.5344353,True,False,False,S391915596,2026-09-09 08:00,2026-09-09,2026,9,252,8.0,0.0,True,Fall,True,True,,False,False,False,False,KEEP,Valid eBird observation
TX,x00626,Anna's x Rufous Hummingbird (hybrid),Calypte anna x Selasphorus rufus,L583547,Davis Mountains Resort (Restricted Access),2026-09-08 07:15:00,1.0,30.6173798,-104.0970039,True,True,False,S391171542,2026-09-08 07:15,2026-09-08,2026,9,251,7.0,15.0,True,Fall,True,True,,False,False,False,False,KEEP,Valid eBird observation
TX,helgui,Helmeted Guineafowl,Numida meleagris,L736258,Brison Park,2026-09-07 06:58:00,4.0,30.607703,-96.3340473,True,False,False,S390686956,2026-09-07 06:58,2026-09-07,2026,9,250,6.0,58.0,True,Fall,True,True,,False,False,False,False,KEEP,Valid eBird observation
TX,bacspa,Bachman's Sparrow,Peucaea aestivalis,L1102892,Caddo Lake NWR (PPW-E 090),2026-09-06 09:42:00,3.0,32.6683579,-94.1657118,True,False,False,S390388720,2026-09-06 09:42,2026-09-06,2026,9,249,9.0,42.0,True,Fall,True,True,,False,False,False,False,KEEP,Valid eBird observation
TX,masboo,Masked Booby,Sula dactylatra,L76874328,"26 50N, 95 39W Area",2026-09-05 10:34:00,1.0,26.840888,-95.663787,True,True,True,S390934668,2026-09-05 10:34,2026-09-05,2026,9,248,10.0,34.0,True,Fall,True,True,,False,False,False,False,KEEP,Valid eBird observation
TX,botspa,Botteri's Sparrow,Peucaea botterii,L514799,Palo Alto Battlefield NHP (LTC 031),2026-09-05 08:25:00,1.0,26.0191488,-97.4760676,True,False,False,S390748330,2026-09-05 08:25,2026-09-05,2026,9,248,8.0,25.0,True,Fall,True,True,,False,False,False,False,KEEP,Valid eBird observation
TX,grpchi,Greater Prairie-Chicken,Tympanuchus cupido,L260784,Attwater Prairie Chicken NWR (CTC 004),2026-09-05 08:00:00,2.0,29.671349,-96.2737083,True,False,False,S390009631,2026-09-05 08:00,2026-09-05,2026,9,248,8.0,0.0,True,Fall,True,True,,False,False,False,False,KEEP,Valid eBird observation
TX,audshe,Sargasso Shearwater,Puffinus lherminieri,L37794789,Perdido Floater RIg,2026-09-05 07:07:00,1.0,26.127974,-94.908224,True,True,True,S389911761,2026-09-05 07:07,2026-09-05,2026,9,248,7.0,7.0,True,Fall,True,True,,False,False,False,False,KEEP,Valid eBird observation
TX,whfpar1,White-fronted Amazon,Amazona albifrons,L1918641,"Oliveira Park, Brownsville",2026-09-04 19:40:00,1.0,25.9374284,-97.52159,True,False,False,S389838106,2026-09-04 19:40,2026-09-04,2026,9,247,19.0,40.0,True,Fall,True,True,,False,False,False,False,KEEP,Valid eBird observation
TX,refboo,Red-footed Booby,Sula sula,L55027058,Nueces Dome area,2026-09-04 11:58:00,2.0,27.128992,-96.138997,True,True,True,S389692272,2026-09-04 11:58,2026-09-04,2026,9,247,11.0,58.0,True,Fall,True,True,,False,False,False,False,KEEP,Valid eBird observation
TX,whcsee1,Morelet's Seedeater,Sporophila morelleti,L1839281,"Vega Verde rd., Del Rio",2026-09-04 07:52:00,1.0,29.3505957,-100.9684106,True,True,False,S389621314,2026-09-04 07:52,2026-09-04,2026,9,247,7.0,52.0,True,Fall,True,True,,False,False,False,False,KEEP,Valid eBird observation
TX,sooshe,Sooty Shearwater,Ardenna grisea,L77277315,"Mkr 71, Mustang Island Gulf Beach",,1.0,27.738247,-97.126701,True,True,True,S393510921,2026-09-04,2026-09-04,2026,9,247,,,False,Fall,True,True,,False,True,False,True,KEEP,Retained with documented metadata limitation
TX,grawar,Grace's Warbler,Setophaga graciae,L7066025,UTEP--Chihuahuan Desert Gardens,2026-09-03 12:41:00,1.0,31.769053,-106.506123,True,True,False,S389488066,2026-09-03 12:41,2026-09-03,2026,9,246,12.0,41.0,True,Fall,True,True,,False,False,False,False,KEEP,Valid eBird observation
TX,comcan,Island Canary,Serinus canaria,L788259,"Cypress Bend Park, New Braunfels",2026-09-01 11:15:00,1.0,29.711165,-98.1059361,True,True,False,S388974050,2026-09-01 11:15,2026-09-01,2026,9,244,11.0,15.0,True,Fall,True,True,,False,False,False,False,KEEP,Valid eBird observation
TX,x00776,Graylag x Swan Goose (hybrid),Anser anser x cygnoides,L1532987,"La Estancia, El Paso",2026-08-31 18:53:00,4.0,31.8563859,-106.5924537,True,False,False,S388742961,2026-08-31 18:53,2026-08-31,2026,8,243,18.0,53.0,True,Summer,True,True,,False,False,False,False,KEEP,Valid eBird observation
TX,wesblu,Western Bluebird,Sialia mexicana,L3927066,McDonald Observatory Visitors Center area,2026-08-30 13:30:00,3.0,30.679224,-104.0247321,True,False,False,S388459269,2026-08-30 13:30,2026-08-30,2026,8,242,13.0,30.0,True,Summer,True,True,,False,False,False,False,KEEP,Valid eBird observation
TX,hoomer,Hooded Merganser,Lophodytes cucullatus,L1194367,Lake Wichita- Spillway area,2026-08-30 08:29:00,1.0,33.8423341,-98.5354248,True,True,False,S388276937,2026-08-30 08:29,2026-08-30,2026,8,242,8.0,29.0,True,Summer,True,True,,False,False,False,False,KEEP,Valid eBird observation
TX,x00203,Northern x Tropical Parula (hybrid),Setophaga americana x pitiayumi,L1236326,Devil's River--Baker's Crossing,2026-08-30 07:00:00,3.0,29.9662647,-101.1494493,True,True,False,S388379790,2026-08-30 07:00,2026-08-30,2026,8,242,7.0,0.0,True,Summer,True,True,,False,False,False,False,KEEP,Valid eBird observation
TX,souwpw1,Mexican Whip-poor-will,Antrostomus arizonae,L295940,Davis Mountains Preserve (Nature Conservancy)(restricted access),2026-08-29 18:53:00,2.0,30.6971209,-104.1232681,True,False,False,S390667686,2026-08-29 18:53,2026-08-29,2026,8,241,18.0,53.0,True,Summer,True,True,,False,False,False,False,KEEP,Valid eBird observation
TX,nswowl,Northern Saw-whet Owl,Aegolius acadicus,L295940,Davis Mountains Preserve (Nature Conservancy)(restricted access),2026-08-29 18:53:00,1.0,30.6971209,-104.1232681,True,True,False,S390667686,2026-08-29 18:53,2026-08-29,2026,8,241,18.0,53.0,True,Summer,True,True,,False,False,False,False,KEEP,Valid eBird observation
TX,batpig1,Band-tailed Pigeon,Patagioenas fasciata,L295940,Davis Mountains Preserve (Nature Conservancy)(restricted access),2026-08-29 18:53:00,2.0,30.6971209,-104.1232681,True,True,False,S390667686,2026-08-29 18:53,2026-08-29,2026,8,241,18.0,53.0,True,Summer,True,True,,False,False,False,False,KEEP,Valid eBird observation
TX,bkwvir,Black-whiskered Vireo,Vireo altiloquus,L374166,Pollywog Pond (CTC 077),2026-08-29 12:00:00,1.0,27.8627509,-97.612361,True,True,False,S388072559,2026-08-29 12:00,2026-08-29,2026,8,241,12.0,0.0,True,Summer,True,True,,False,False,False,False,KEEP,Valid eBird observation
TX,stejay,Steller's Jay,Cyanocitta stelleri,L1134581,Davis Mountains Preserve--Tobe Canyon,2026-08-29 09:13:00,1.0,30.6461274,-104.1792727,True,False,False,S388083589,2026-08-29 09:13,2026-08-29,2026,8,241,9.0,13.0,True,Summer,True,True,,False,False,False,False,KEEP,Valid eBird observation
TX,buthum,Blue-throated Mountain-gem,Lampornis clemenciae,L583547,Davis Mountains Resort (Restricted Access),2026-08-27 07:30:00,1.0,30.6173798,-104.0970039,True,True,False,S387412017,2026-08-27 07:30,2026-08-27,2026,8,239,7.0,30.0,True,Summer,True,True,,False,False,False,False,KEEP,Valid eBird observation
TX,rinphe1,Ring-necked Pheasant,Phasianus colchicus,L7276024,Playa Lakes WMA—Dimmitt Unit (restricted access),2026-08-26 08:14:00,14.0,34.5558053,-102.3833084,True,False,False,S387090939,2026-08-26 08:14,2026-08-26,2026,8,238,8.0,14.0,True,Summer,True,True,,False,False,False,False,KEEP,Valid eBird observation
TX,x00850,Ruby-throated x Black-chinned Hummingbird (hybrid),Archilochus colubris x alexandri,L583547,Davis Mountains Resort (Restricted Access),2026-08-26 07:00:00,1.0,30.6173798,-104.0970039,True,True,False,S387132927,2026-08-26 07:00,2026-08-26,2026,8,238,7.0,0.0,True,Summer,True,True,,False,False,False,False,KEEP,Valid eBird observation
TX,lucwar,Lucy's Warbler,Leiothlypis luciae,L129010,Balmorhea Lake (fee access),2026-08-25 08:10:00,1.0,30.9617996,-103.7192993,True,True,False,S387486894,2026-08-25 08:10,2026-08-25,2026,8,237,8.0,10.0,True,Summer,True,True,,False,False,False,False,KEEP,Valid eBird observation
TX,x00758,Graylag x Canada Goose (hybrid),Anser anser x Branta canadensis,L1307308,"I.O.O.F. Park, Corsicana",2026-08-24 14:09:00,1.0,32.0809625,-96.5108352,True,True,False,S386587297,2026-08-24 14:09,2026-08-24,2026,8,236,14.0,9.0,True,Summer,True,True,,False,False,False,False,KEEP,Valid eBird observation
TX,mitpar,Mitred Parakeet,Psittacara mitratus,L77300071,Tiki Mitreds,2026-08-23 09:00:00,3.0,29.2957979,-94.9207942,True,True,True,S393659676,2026-08-23 09:00,2026-08-23,2026,8,235,9.0,0.0,True,Summer,True,True,,False,False,False,False,KEEP,Valid eBird observation
TX,yegvir,Yellow-green Vireo,Vireo flavoviridis,L129065,Resaca de la Palma SP WBC (Brownsville) (LTC 048),2026-08-22 06:47:00,1.0,25.9965839,-97.5690513,True,True,False,S385803742,2026-08-22 06:47,2026-08-22,2026,8,234,6.0,47.0,True,Summer,True,True,,False,False,False,False,KEEP,Valid eBird observation
TX,barpet,Band-rumped Storm-Petrel,Hydrobates castro,L75999496,DeepSeaHQ08.21.26(6),2026-08-21 11:45:00,3.0,27.542248,-95.95593,True,True,True,S385604057,2026-08-21 11:45,2026-08-21,2026,8,233,11.0,45.0,True,Summer,True,True,,False,False,False,False,KEEP,Valid eBird observation
TX,scoshe1,Scopoli's Shearwater,Calonectris diomedea,L75996933,DeepSeaHQ08.21.26(4),2026-08-21 09:45:00,1.0,27.343267,-96.400524,True,True,True,S385589995,2026-08-21 09:45,2026-08-21,2026,8,233,9.0,45.0,True,Summer,True,True,,False,False,False,False,KEEP,Valid eBird observation
TX,sooter1,Sooty Tern,Onychoprion fuscatus,L75996933,DeepSeaHQ08.21.26(4),2026-08-21 09:45:00,2.0,27.343267,-96.400524,True,True,True,S385589995,2026-08-21 09:45,2026-08-21,2026,8,233,9.0,45.0,True,Summer,True,True,,False,False,False,False,KEEP,Valid eBird observation
TX,yeclov,Yellow-collared Lovebird,Agapornis personatus,L12481792,"0 Turtle Creek, Fort Worth, TX",2026-08-21 07:43:00,1.0,32.830423,-97.505253,True,True,True,S385416621,2026-08-21 07:43,2026-08-21,2026,8,233,7.0,43.0,True,Summer,True,True,,False,False,False,False,KEEP,Valid eBird observation
TX,pygnut,Pygmy Nuthatch,Sitta pygmaea,L6192006,Guadalupe Mts. NP--Juniper Trail,2026-08-20 16:16:00,2.0,31.9249966,-104.8395001,True,False,False,S385571645,2026-08-20 16:16,2026-08-20,2026,8,232,16.0,16.0,True,Summer,True,True,,False,False,False,False,KEEP,Valid eBird observation
