state,recording_id,common_name,scientific_name,date,time,latitude,longitude,duration_metadata,audio_url,source_url,license,audit_action,audit_reason,flag_short_duration,flag_low_amplitude,flag_clipping,flag_low_quality,flag_any,file_size_bytes,duration_seconds,rms,peak_amplitude,quality,date_original,time_original,datetime_local,source_timezone,has_date,has_time,has_datetime_local,year,month,day_of_year,hour,minute,season,duration_metadata_seconds,duration_difference_seconds,duration_category,species_id
CA,375492,African Collared Dove,Streptopelia roseogrisea,2017-06-14,15:00:00,33.922,-117.2617,0:05,https://xeno-canto.org/375492/download,https://xeno-canto.org/375492,https://creativecommons.org/licenses/by-nc-sa/4.0/,KEEP,none,False,False,False,False,False,132062,5.251678004535147,0.0107154604047536,0.0717808455228805,A,2017-06-14,15:00,2017-06-14 15:00:00,,True,True,True,2017.0,6.0,165.0,15.0,0.0,Summer,5,0.25167800453514744,Short (3–10s),Streptopelia roseogrisea
CA,952203,Allen's Hummingbird,Selasphorus sasin,2024-11-24,08:00:00,33.6104,-117.7392,0:38,https://xeno-canto.org/952203/download,https://xeno-canto.org/952203,https://creativecommons.org/licenses/by-nc-sa/4.0/,KEEP,none,False,False,False,False,False,3709246,38.6325625,0.0114454152062535,0.132171630859375,A,2024-11-24,08:00,2024-11-24 08:00:00,,True,True,True,2024.0,11.0,329.0,8.0,0.0,Fall,38,0.6325624999999988,Long (≥30s),Selasphorus sasin
CA,452094,American Coot,Fulica americana,2018-01-30,12:56:00,33.2016,-115.597,0:18,https://xeno-canto.org/452094/download,https://xeno-canto.org/452094,https://creativecommons.org/licenses/by-nc-sa/4.0/,KEEP,none,False,False,False,False,False,308179,18.96,0.0147459302097558,0.7049420475959778,A,2018-01-30,12:56,2018-01-30 12:56:00,,True,True,True,2018.0,1.0,30.0,12.0,56.0,Winter,18,0.9600000000000009,Medium (10–30s),Fulica americana
CA,172887,American Wigeon,Mareca americana,2012-03-23,09:54:00,32.564,-117.1256,0:11,https://xeno-canto.org/172887/download,https://xeno-canto.org/172887,https://creativecommons.org/licenses/by-nc-sa/4.0/,KEEP,none,False,False,False,False,False,187629,11.424,0.0140055026859045,0.2405557185411453,B,2012-03-23,09:54,2012-03-23 09:54:00,,True,True,True,2012.0,3.0,83.0,9.0,54.0,Spring,11,0.4239999999999995,Medium (10–30s),Mareca americana
CA,449497,Anna's Hummingbird,Calypte anna,2018-10-21,07:46:00,32.686,-117.243,1:50,https://xeno-canto.org/449497/download,https://xeno-canto.org/449497,https://creativecommons.org/licenses/by-nc-sa/4.0/,KEEP,none,False,False,False,False,False,1768222,110.208,0.0242239218205213,0.6600874066352844,A,2018-10-21,07:46,2018-10-21 07:46:00,,True,True,True,2018.0,10.0,294.0,7.0,46.0,Fall,110,0.2079999999999984,Long (≥30s),Calypte anna
CA,807038,Band-tailed Pigeon,Patagioenas fasciata,2023-06-02,08:35:00,39.1855,-120.5591,0:25,https://xeno-canto.org/807038/download,https://xeno-canto.org/807038,https://creativecommons.org/licenses/by-nc-sa/4.0/,KEEP,none,False,False,False,False,False,415683,25.68,0.096295952796936,0.9958348870277404,B,2023-06-02,08:35,2023-06-02 08:35:00,,True,True,True,2023.0,6.0,153.0,8.0,35.0,Summer,25,0.6799999999999997,Medium (10–30s),Patagioenas fasciata
CA,380363,Black Rail,Laterallus jamaicensis,2017-07-18,18:00:00,38.5419,-121.5816,0:24,https://xeno-canto.org/380363/download,https://xeno-canto.org/380363,https://creativecommons.org/licenses/by-nc-sa/4.0/,KEEP,none,False,False,False,False,False,287406,24.663219954648525,0.036958459764719,0.5479575395584106,A,2017-07-18,18:00,2017-07-18 18:00:00,,True,True,True,2017.0,7.0,199.0,18.0,0.0,Summer,24,0.6632199546485253,Medium (10–30s),Laterallus jamaicensis
CA,691650,Black-chinned Hummingbird,Archilochus alexandri,2021-04-26,05:30:00,36.111,-117.1803,0:00,https://xeno-canto.org/691650/download,https://xeno-canto.org/691650,https://creativecommons.org/licenses/by-nc-sa/4.0/,FLAG,short_duration;low_amplitude,True,True,False,False,True,13292,0.696,0.001942892675288,0.0155267128720879,B,2021-04-26,05:30,2021-04-26 05:30:00,,True,True,True,2021.0,4.0,116.0,5.0,30.0,Spring,0,0.696,Very short (<3s),Archilochus alexandri
CA,964245,Blue-winged Teal,Spatula discors,2025-01-16,14:31:00,35.3217,-120.842,0:05,https://xeno-canto.org/964245/download,https://xeno-canto.org/964245,https://creativecommons.org/licenses/by-nc-sa/4.0/,KEEP,none,False,False,False,False,False,1488146,5.166729166666666,0.0587783195078372,0.8219958543777466,B,2025-01-16,14:31,2025-01-16 14:31:00,,True,True,True,2025.0,1.0,16.0,14.0,31.0,Winter,5,0.16672916666666637,Short (3–10s),Spatula discors
CA,163349,Brant Goose,Branta bernicla,2012-02-16,13:22:00,32.7802,-117.2154,0:03,https://xeno-canto.org/163349/download,https://xeno-canto.org/163349,https://creativecommons.org/licenses/by-nc-sa/3.0/,KEEP,none,False,False,False,False,False,55879,3.192,0.0361716635525226,0.5963060855865479,B,2012-02-16,13:22,2012-02-16 13:22:00,,True,True,True,2012.0,2.0,47.0,13.0,22.0,Winter,3,0.19200000000000017,Short (3–10s),Branta bernicla
CA,619062,Broad-billed Hummingbird,Cynanthus latirostris,2021-01-31,08:00:00,38.5532,-121.7512,0:47,https://xeno-canto.org/619062/download,https://xeno-canto.org/619062,https://creativecommons.org/licenses/by-nc-sa/4.0/,KEEP,none,False,False,False,False,False,582082,47.748916666666666,0.0115714473649859,0.2223898768424987,A,2021-01-31,08:00,2021-01-31 08:00:00,,True,True,True,2021.0,1.0,31.0,8.0,0.0,Winter,47,0.7489166666666662,Long (≥30s),Cynanthus latirostris
CA,585126,Broad-tailed Hummingbird,Selasphorus platycercus,2020-05-24,09:00:00,37.4299,-118.0801,0:08,https://xeno-canto.org/585126/download,https://xeno-canto.org/585126,https://creativecommons.org/licenses/by-nc-sa/4.0/,KEEP,none,False,False,False,False,False,145171,8.706462585034014,0.0428113751113414,0.6306203007698059,B,2020-05-24,09:00,2020-05-24 09:00:00,,True,True,True,2020.0,5.0,145.0,9.0,0.0,Spring,8,0.7064625850340143,Short (3–10s),Selasphorus platycercus
CA,361916,Bufflehead,Bucephala albeola,2017-01-28,14:00:00,40.8581,-124.0905,0:30,https://xeno-canto.org/361916/download,https://xeno-canto.org/361916,https://creativecommons.org/licenses/by-nc-sa/4.0/,KEEP,none,False,False,False,False,False,485651,30.048,0.0168278347700834,0.3637848198413849,B,2017-01-28,14:00,2017-01-28 14:00:00,,True,True,True,2017.0,1.0,28.0,14.0,0.0,Winter,30,0.047999999999998266,Long (≥30s),Bucephala albeola
CA,144038,Cackling Goose,Branta hutchinsii,2009-01-15,09:30:00,40.6864,-124.2127,1:09,https://xeno-canto.org/144038/download,https://xeno-canto.org/144038,https://creativecommons.org/licenses/by-nc-sa/3.0/,KEEP,none,False,False,False,False,False,2790005,69.552,0.0802484825253486,0.9012158513069152,A,2009-01-15,09:30,2009-01-15 09:30:00,,True,True,True,2009.0,1.0,15.0,9.0,30.0,Winter,69,0.5520000000000067,Long (≥30s),Branta hutchinsii
CA,503346,California Quail,Callipepla californica,2019-08-22,09:00:00,37.1716,-122.2228,0:22,https://xeno-canto.org/503346/download,https://xeno-canto.org/503346,https://creativecommons.org/licenses/by-nc-sa/4.0/,KEEP,none,False,False,False,False,False,918586,22.7766875,0.0245790034532547,0.5348604917526245,A,2019-08-22,09:00,2019-08-22 09:00:00,,True,True,True,2019.0,8.0,234.0,9.0,0.0,Summer,22,0.7766875000000013,Medium (10–30s),Callipepla californica
CA,132946,Calliope Hummingbird,Selasphorus calliope,2000-06-14,,34.2109,-116.8013,0:05,https://xeno-canto.org/132946/download,https://xeno-canto.org/132946,https://creativecommons.org/licenses/by-nc-sa/3.0/,FLAG,low_amplitude,False,True,False,False,True,73377,5.69469387755102,0.0033940544817596,0.0451973490417003,B,2000-06-14,?,,,True,False,False,,,,,,,5,0.6946938775510203,Short (3–10s),Selasphorus calliope
CA,1089596,Canada Goose,Branta canadensis,2026-03-19,08:41:00,38.5321,-121.0686,0:21,https://xeno-canto.org/1089596/download,https://xeno-canto.org/1089596,https://creativecommons.org/licenses/by-nc-sa/4.0/,FLAG,clipping,False,False,True,False,True,258233,21.748833333333334,0.0999404117465019,1.0006102323532104,B,2026-03-19,08:41,2026-03-19 08:41:00,,True,True,True,2026.0,3.0,78.0,8.0,41.0,Spring,21,0.7488333333333337,Medium (10–30s),Branta canadensis
CA,914676,Chukar Partridge,Alectoris chukar,2024-06-15,06:00:00,41.0393,-119.9806,0:49,https://xeno-canto.org/914676/download,https://xeno-canto.org/914676,https://creativecommons.org/licenses/by-nc-sa/4.0/,KEEP,none,False,False,False,False,False,1199952,49.8,0.0399049781262874,0.6003618240356445,B,2024-06-15,06:00,2024-06-15 06:00:00,,True,True,True,2024.0,6.0,167.0,6.0,0.0,Summer,49,0.7999999999999972,Long (≥30s),Alectoris chukar
CA,323984,Cinnamon Teal,Spatula cyanoptera,2015-04-27,17:22:00,33.2215,-115.5825,0:07,https://xeno-canto.org/323984/download,https://xeno-canto.org/323984,https://creativecommons.org/licenses/by-nc-sa/4.0/,KEEP,none,False,False,False,False,False,122801,7.368,0.0421383157372474,0.5604947805404663,B,2015-04-27,17:22,2015-04-27 17:22:00,,True,True,True,2015.0,4.0,117.0,17.0,22.0,Spring,7,0.3680000000000003,Short (3–10s),Spatula cyanoptera
CA,140011,Common Gallinule,Gallinula galeata,2013-06-23,10:45:00,32.8688,-114.4516,0:45,https://xeno-canto.org/140011/download,https://xeno-canto.org/140011,https://creativecommons.org/licenses/by-nc-sa/3.0/,KEEP,none,False,False,False,False,False,1827041,45.55755102040816,0.0102438619360327,0.2605704665184021,B,2013-06-23,10:45,2013-06-23 10:45:00,,True,True,True,2013.0,6.0,174.0,10.0,45.0,Summer,45,0.5575510204081624,Long (≥30s),Gallinula galeata
CA,286971,Common Ground Dove,Columbina passerina,2015-04-26,10:21:00,32.5547,-117.0634,0:50,https://xeno-canto.org/286971/download,https://xeno-canto.org/286971,https://creativecommons.org/licenses/by-nc-sa/4.0/,FLAG,low_amplitude,False,True,False,False,True,817920,50.808,0.0043443301692605,0.0361173823475837,B,2015-04-26,10:21,2015-04-26 10:21:00,,True,True,True,2015.0,4.0,116.0,10.0,21.0,Spring,50,0.8079999999999998,Long (≥30s),Columbina passerina
CA,660470,Common Nighthawk,Chordeiles minor,2021-06-29,05:00:00,38.3068,-119.4194,0:13,https://xeno-canto.org/660470/download,https://xeno-canto.org/660470,https://creativecommons.org/licenses/by-nc-sa/4.0/,KEEP,none,False,False,False,False,False,334229,13.728,0.0272426176816225,0.6083222031593323,A,2021-06-29,05:00,2021-06-29 05:00:00,,True,True,True,2021.0,6.0,180.0,5.0,0.0,Summer,13,0.7279999999999998,Medium (10–30s),Chordeiles minor
CA,720644,Common Pheasant,Phasianus colchicus,2022-04-28,11:02:00,39.1753,-122.0482,0:08,https://xeno-canto.org/720644/download,https://xeno-canto.org/720644,https://creativecommons.org/licenses/by-nc-sa/4.0/,KEEP,none,False,False,False,False,False,265159,8.136,0.0255772918462753,0.477930873632431,B,2022-04-28,11:02,2022-04-28 11:02:00,,True,True,True,2022.0,4.0,118.0,11.0,2.0,Spring,8,0.13599999999999923,Short (3–10s),Phasianus colchicus
CA,461828,Common Poorwill,Phalaenoptilus nuttallii,2019-03-13,21:20:00,34.195,-118.1199,1:05,https://xeno-canto.org/461828/download,https://xeno-canto.org/461828,https://creativecommons.org/licenses/by-nc-sa/4.0/,KEEP,none,False,False,False,False,False,1300634,65.152,0.0441587343811988,0.629991888999939,A,2019-03-13,21:20,2019-03-13 21:20:00,,True,True,True,2019.0,3.0,72.0,21.0,20.0,Spring,65,0.15200000000000102,Long (≥30s),Phalaenoptilus nuttallii
CA,670289,Costa's Hummingbird,Calypte costae,2021-08-22,18:00:00,37.7967,-122.4493,0:10,https://xeno-canto.org/670289/download,https://xeno-canto.org/670289,https://creativecommons.org/licenses/by-nc-sa/4.0/,KEEP,none,False,False,False,False,False,445168,10.92501133786848,0.0679848566651344,0.6891624331474304,A,2021-08-22,18:00,2021-08-22 18:00:00,,True,True,True,2021.0,8.0,234.0,18.0,0.0,Summer,10,0.9250113378684794,Medium (10–30s),Calypte costae
CA,738058,Dusky Grouse,Dendragapus obscurus,2022-07-13,19:30:00,40.646,-115.3812,0:28,https://xeno-canto.org/738058/download,https://xeno-canto.org/738058,https://creativecommons.org/licenses/by-nc-sa/4.0/,KEEP,none,False,False,False,False,False,347101,28.512,0.0550867691636085,0.6383103728294373,B,2022-07-13,19:30,2022-07-13 19:30:00,,True,True,True,2022.0,7.0,194.0,19.0,30.0,Summer,28,0.5120000000000005,Medium (10–30s),Dendragapus obscurus
CA,135438,Eastern Whip-poor-will,Antrostomus vociferus,2013-05-27,21:00:00,37.0091,-121.8574,1:00,https://xeno-canto.org/135438/download,https://xeno-canto.org/135438,https://creativecommons.org/licenses/by-nc-sa/3.0/,KEEP,none,False,False,False,False,False,1446117,60.048,0.0981995984911918,0.6548898816108704,A,2013-05-27,21:00,2013-05-27 21:00:00,,True,True,True,2013.0,5.0,147.0,21.0,0.0,Spring,60,0.04800000000000182,Long (≥30s),Antrostomus vociferus
CA,212892,Egyptian Goose,Alopochen aegyptiaca,2015-02-10,17:00:00,33.6377,-117.6409,0:25,https://xeno-canto.org/212892/download,https://xeno-canto.org/212892,https://creativecommons.org/licenses/by-nc-sa/4.0/,FLAG,clipping,False,False,True,False,True,834547,25.913469387755104,0.144428476691246,1.00395929813385,A,2015-02-10,17:00,2015-02-10 17:00:00,,True,True,True,2015.0,2.0,41.0,17.0,0.0,Winter,25,0.9134693877551037,Medium (10–30s),Alopochen aegyptiaca
CA,541633,Eurasian Collared Dove,Streptopelia decaocto,2020-04-03,06:35:00,32.6003,-116.8419,2:15,https://xeno-canto.org/541633/download,https://xeno-canto.org/541633,https://creativecommons.org/licenses/by-nc-sa/4.0/,KEEP,none,False,False,False,False,False,2176421,135.72,0.0105404071509838,0.0734437555074691,B,2020-04-03,06:35,2020-04-03 06:35:00,,True,True,True,2020.0,4.0,94.0,6.0,35.0,Spring,135,0.7199999999999989,Long (≥30s),Streptopelia decaocto
CA,297470,Gadwall,Mareca strepera,2015-03-18,09:30:00,35.0307,-120.6205,0:24,https://xeno-canto.org/297470/download,https://xeno-canto.org/297470,https://creativecommons.org/licenses/by-nc-sa/4.0/,FLAG,low_amplitude,False,True,False,False,True,388791,23.939501133786848,0.0088470550253987,0.191251054406166,B,2015-03-18,09:30,2015-03-18 09:30:00,,True,True,True,2015.0,3.0,77.0,9.0,30.0,Spring,24,-0.060498866213151814,Medium (10–30s),Mareca strepera
CA,357823,Gambel's Quail,Callipepla gambelii,2017-02-15,07:40:00,32.9694,-115.5552,0:47,https://xeno-canto.org/357823/download,https://xeno-canto.org/357823,https://creativecommons.org/licenses/by-nc-sa/4.0/,KEEP,none,False,False,False,False,False,1890211,47.07258333333333,0.0192589201033115,0.5490400195121765,B,2017-02-15,7:40,2017-02-15 07:40:00,,True,True,True,2017.0,2.0,46.0,7.0,40.0,Winter,47,0.072583333333327,Long (≥30s),Callipepla gambelii
CA,163986,Greater Roadrunner,Geococcyx californianus,2012-03-11,11:42:00,32.544,-117.109,0:06,https://xeno-canto.org/163986/download,https://xeno-canto.org/163986,https://creativecommons.org/licenses/by-nc-sa/3.0/,FLAG,low_amplitude,False,True,False,False,True,101614,6.048,0.0089278733357787,0.0538561195135116,B,2012-03-11,11:42,2012-03-11 11:42:00,,True,True,True,2012.0,3.0,71.0,11.0,42.0,Spring,6,0.04800000000000004,Short (3–10s),Geococcyx californianus
CA,445707,Greater White-fronted Goose,Anser albifrons,2018-12-06,12:07:00,39.1753,-122.0482,0:11,https://xeno-canto.org/445707/download,https://xeno-canto.org/445707,https://creativecommons.org/licenses/by-nc-sa/4.0/,KEEP,none,False,False,False,False,False,181606,11.023673469387756,0.0628583133220672,0.7542666792869568,A,2018-12-06,12:07,2018-12-06 12:07:00,,True,True,True,2018.0,12.0,340.0,12.0,7.0,Winter,11,0.02367346938775583,Medium (10–30s),Anser albifrons
CA,964290,Green-winged Teal,Anas carolinensis,2025-01-16,14:47:00,35.3217,-120.842,2:21,https://xeno-canto.org/964290/download,https://xeno-canto.org/964290,https://creativecommons.org/licenses/by-nc-sa/4.0/,KEEP,none,False,False,False,False,False,20368127,141.4444375,0.0343777872622013,0.7943282127380371,B,2025-01-16,14:47,2025-01-16 14:47:00,,True,True,True,2025.0,1.0,16.0,14.0,47.0,Winter,141,0.44443749999999227,Long (≥30s),Anas carolinensis
CA,562113,Inca Dove,Columbina inca,2020-05-25,06:30:00,33.4079,-114.6582,0:32,https://xeno-canto.org/562113/download,https://xeno-canto.org/562113,https://creativecommons.org/licenses/by-nc-sa/4.0/,KEEP,none,False,False,False,False,False,780725,32.328,0.0278482846915721,0.4448336958885193,B,2020-05-25,06:30,2020-05-25 06:30:00,,True,True,True,2020.0,5.0,146.0,6.0,30.0,Spring,32,0.32800000000000296,Long (≥30s),Columbina inca
CA,490945,Lesser Nighthawk,Chordeiles acutipennis,2018-07-06,20:30:00,38.71,-122.0428,0:24,https://xeno-canto.org/490945/download,https://xeno-canto.org/490945,https://creativecommons.org/licenses/by-nc-sa/4.0/,KEEP,none,False,False,False,False,False,277496,24.638208616780044,0.0153255015611648,0.2247298657894134,A,2018-07-06,20:30,2018-07-06 20:30:00,,True,True,True,2018.0,7.0,187.0,20.0,30.0,Summer,24,0.6382086167800445,Medium (10–30s),Chordeiles acutipennis
CA,574653,Lesser Scaup,Aythya affinis,2018-06-10,10:40:00,40.1756,-115.4798,0:12,https://xeno-canto.org/574653/download,https://xeno-canto.org/574653,https://creativecommons.org/licenses/by-nc-sa/4.0/,KEEP,none,False,False,False,False,False,203905,12.434285714285714,0.0227609872817993,0.1462540924549102,B,2018-06-10,10:40,2018-06-10 10:40:00,,True,True,True,2018.0,6.0,161.0,10.0,40.0,Summer,12,0.43428571428571416,Medium (10–30s),Aythya affinis
CA,527676,Mallard,Anas platyrhynchos,2020-02-09,08:37:00,35.329,-120.4782,0:21,https://xeno-canto.org/527676/download,https://xeno-canto.org/527676,https://creativecommons.org/licenses/by-nc-sa/4.0/,KEEP,none,False,False,False,False,False,864069,21.396375,0.0222673527896404,0.4466698467731476,B,2020-02-09,8:37,2020-02-09 08:37:00,,True,True,True,2020.0,2.0,40.0,8.0,37.0,Winter,21,0.39637499999999903,Medium (10–30s),Anas platyrhynchos
CA,134480,Mexican Whip-poor-will,Antrostomus arizonae,2013-05-21,21:55:00,34.219,-116.8064,1:11,https://xeno-canto.org/134480/download,https://xeno-canto.org/134480,https://creativecommons.org/licenses/by-nc-sa/3.0/,FLAG,low_amplitude,False,True,False,False,True,1145978,71.19238095238096,0.0025243123527616,0.027934443205595,B,2013-05-21,21:55,2013-05-21 21:55:00,,True,True,True,2013.0,5.0,141.0,21.0,55.0,Spring,71,0.1923809523809581,Long (≥30s),Antrostomus arizonae
CA,282613,Mountain Quail,Oreortyx pictus,2015-04-08,07:08:00,32.7765,-116.4505,3:26,https://xeno-canto.org/282613/download,https://xeno-canto.org/282613,https://creativecommons.org/licenses/by-nc-sa/4.0/,KEEP,none,False,False,False,False,False,3315041,206.88,0.0168005935847759,0.1915263682603836,B,2015-04-08,07:08,2015-04-08 07:08:00,,True,True,True,2015.0,4.0,98.0,7.0,8.0,Spring,206,0.8799999999999955,Long (≥30s),Oreortyx pictus
CA,286968,Mourning Dove,Zenaida macroura,2015-05-03,07:49:00,32.6287,-116.923,1:46,https://xeno-canto.org/286968/download,https://xeno-canto.org/286968,https://creativecommons.org/licenses/by-nc-sa/4.0/,FLAG,low_amplitude,False,True,False,False,True,1702604,106.104,0.008671335875988,0.1241970211267471,B,2015-05-03,07:49,2015-05-03 07:49:00,,True,True,True,2015.0,5.0,123.0,7.0,49.0,Spring,106,0.1039999999999992,Long (≥30s),Zenaida macroura
CA,574647,Northern Bobwhite,Colinus virginianus,2020-07-04,19:00:00,34.2008,-118.6528,0:25,https://xeno-canto.org/574647/download,https://xeno-canto.org/574647,https://creativecommons.org/licenses/by-nc-sa/4.0/,KEEP,none,False,False,False,False,False,1035572,25.704489795918366,0.0558369755744934,0.6544210910797119,B,2020-07-04,19:00,2020-07-04 19:00:00,,True,True,True,2020.0,7.0,186.0,19.0,0.0,Summer,25,0.7044897959183665,Medium (10–30s),Colinus virginianus
CA,621202,Northern Pintail,Anas acuta,2021-02-12,08:31:00,32.564,-117.1256,0:45,https://xeno-canto.org/621202/download,https://xeno-canto.org/621202,https://creativecommons.org/licenses/by-nc-sa/4.0/,KEEP,none,False,False,False,False,False,735674,45.672,0.0385958515107631,0.7059439420700073,B,2021-02-12,08:31,2021-02-12 08:31:00,,True,True,True,2021.0,2.0,43.0,8.0,31.0,Winter,45,0.671999999999997,Long (≥30s),Anas acuta
CA,168805,Northern Shoveler,Spatula clypeata,2013-02-09,07:30:00,36.0753,-115.0101,0:31,https://xeno-canto.org/168805/download,https://xeno-canto.org/168805,https://creativecommons.org/licenses/by-nc-sa/3.0/,KEEP,none,False,False,False,False,False,507222,31.399183673469388,0.0265669878572225,0.4851993918418884,A,2013-02-09,07:30,2013-02-09 07:30:00,,True,True,True,2013.0,2.0,40.0,7.0,30.0,Winter,31,0.39918367346938766,Long (≥30s),Spatula clypeata
CA,348974,Redhead,Aythya americana,2017-01-02,10:16:00,32.7896,-117.0443,0:07,https://xeno-canto.org/348974/download,https://xeno-canto.org/348974,https://creativecommons.org/licenses/by-nc-sa/4.0/,KEEP,none,False,False,False,False,False,125900,7.56,0.0502728223800659,0.4777562022209167,B,2017-01-02,10:16,2017-01-02 10:16:00,,True,True,True,2017.0,1.0,2.0,10.0,16.0,Winter,7,0.5599999999999996,Short (3–10s),Aythya americana
CA,283095,Ridgway's Rail,Rallus obsoletus,2015-04-21,08:47:00,32.564,-117.1256,0:16,https://xeno-canto.org/283095/download,https://xeno-canto.org/283095,https://creativecommons.org/licenses/by-nc-sa/4.0/,KEEP,none,False,False,False,False,False,271477,16.656,0.0509124435484409,0.6142035126686096,A,2015-04-21,08:47,2015-04-21 08:47:00,,True,True,True,2015.0,4.0,111.0,8.0,47.0,Spring,16,0.6559999999999988,Medium (10–30s),Rallus obsoletus
CA,488173,Rock Dove,Columba livia,2019-07-18,06:55:00,32.6185,-117.1029,0:17,https://xeno-canto.org/488173/download,https://xeno-canto.org/488173,https://creativecommons.org/licenses/by-nc-sa/4.0/,KEEP,none,False,False,False,False,False,277829,17.064,0.0462125055491924,0.3397755622863769,B,2019-07-18,06:55,2019-07-18 06:55:00,,True,True,True,2019.0,7.0,199.0,6.0,55.0,Summer,17,0.06400000000000006,Medium (10–30s),Columba livia
CA,458919,Ross's Goose,Anser rossii,2018-01-19,11:28:00,33.0881,-115.7097,0:31,https://xeno-canto.org/458919/download,https://xeno-canto.org/458919,https://creativecommons.org/licenses/by-nc-sa/4.0/,KEEP,none,False,False,False,False,False,502943,31.128,0.0245753861963748,0.7049509286880493,B,2018-01-19,11:28,2018-01-19 11:28:00,,True,True,True,2018.0,1.0,19.0,11.0,28.0,Winter,31,0.1280000000000001,Long (≥30s),Anser rossii
CA,664841,Ruddy Duck,Oxyura jamaicensis,2021-07-18,07:33:00,32.6287,-116.923,0:20,https://xeno-canto.org/664841/download,https://xeno-canto.org/664841,https://creativecommons.org/licenses/by-nc-sa/4.0/,KEEP,none,False,False,False,False,False,329729,20.304,0.0292384065687656,0.7030347585678101,A,2021-07-18,07:33,2021-07-18 07:33:00,,True,True,True,2021.0,7.0,199.0,7.0,33.0,Summer,20,0.3039999999999985,Medium (10–30s),Oxyura jamaicensis
CA,486226,Ruffed Grouse,Bonasa umbellus,2019-07-08,05:30:00,41.6858,-117.5565,0:48,https://xeno-canto.org/486226/download,https://xeno-canto.org/486226,https://creativecommons.org/licenses/by-nc-sa/4.0/,KEEP,none,False,False,False,False,False,584172,48.288,0.0395675115287303,0.3103118240833282,B,2019-07-08,05:30,2019-07-08 05:30:00,,True,True,True,2019.0,7.0,189.0,5.0,30.0,Summer,48,0.2879999999999967,Long (≥30s),Bonasa umbellus
CA,669065,Rufous Hummingbird,Selasphorus rufus,2021-08-15,14:30:00,37.3607,-118.3995,0:29,https://xeno-canto.org/669065/download,https://xeno-canto.org/669065,https://creativecommons.org/licenses/by-nc-sa/4.0/,KEEP,none,False,False,False,False,False,469530,28.990748299319726,0.018936064094305,0.591866135597229,B,2021-08-15,14:30,2021-08-15 14:30:00,,True,True,True,2021.0,8.0,227.0,14.0,30.0,Summer,29,-0.0092517006802737,Medium (10–30s),Selasphorus rufus
CA,453180,Sandhill Crane,Antigone canadensis,2018-01-17,17:30:00,33.354,-114.6867,0:24,https://xeno-canto.org/453180/download,https://xeno-canto.org/453180,https://creativecommons.org/licenses/by-nc-sa/4.0/,KEEP,none,False,False,False,False,False,402300,24.84,0.0218631401658058,0.7061235904693604,B,2018-01-17,17:30,2018-01-17 17:30:00,,True,True,True,2018.0,1.0,17.0,17.0,30.0,Winter,24,0.8399999999999999,Medium (10–30s),Antigone canadensis
CA,384977,Short-billed Gull,Larus brachyrhynchus,2017-01-27,16:46:00,40.5942,-124.2411,0:24,https://xeno-canto.org/384977/download,https://xeno-canto.org/384977,https://creativecommons.org/licenses/by-nc-sa/4.0/,KEEP,none,False,False,False,False,False,394652,24.36,0.0174210332334041,0.3511122167110443,B,2017-01-27,16:46,2017-01-27 16:46:00,,True,True,True,2017.0,1.0,27.0,16.0,46.0,Winter,24,0.35999999999999943,Medium (10–30s),Larus brachyrhynchus
CA,121403,Snow Goose,Anser caerulescens,2013-02-03,11:15:00,34.8,-114.522,0:35,https://xeno-canto.org/121403/download,https://xeno-canto.org/121403,https://creativecommons.org/licenses/by-nc-sa/3.0/,KEEP,none,False,False,False,False,False,564979,34.96391666666667,0.0112997377291321,0.1080758422613143,B,2013-02-03,11:15,2013-02-03 11:15:00,,True,True,True,2013.0,2.0,34.0,11.0,15.0,Winter,35,-0.03608333333333036,Long (≥30s),Anser caerulescens
CA,378274,Sooty Grouse,Dendragapus fuliginosus,2017-06-30,17:30:00,38.9131,-120.0722,0:58,https://xeno-canto.org/378274/download,https://xeno-canto.org/378274,https://creativecommons.org/licenses/by-nc-sa/4.0/,KEEP,none,False,False,False,False,False,1398476,58.056,0.0617018453776836,0.9418227672576904,B,2017-06-30,17:30,2017-06-30 17:30:00,,True,True,True,2017.0,6.0,181.0,17.0,30.0,Summer,58,0.055999999999997385,Long (≥30s),Dendragapus fuliginosus
CA,228580,Sora,Porzana carolina,2007-02-14,16:00:00,33.1188,-115.7945,0:07,https://xeno-canto.org/228580/download,https://xeno-canto.org/228580,https://creativecommons.org/licenses/by-nc-nd/4.0/,KEEP,none,False,False,False,False,False,94756,7.2558125,0.0736769288778305,0.8900636434555054,A,2007-02-14,16:00,2007-02-14 16:00:00,,True,True,True,2007.0,2.0,45.0,16.0,0.0,Winter,7,0.2558125000000002,Short (3–10s),Porzana carolina
CA,362097,Surf Scoter,Melanitta perspicillata,2017-02-05,07:27:00,32.7086,-117.1714,0:05,https://xeno-canto.org/362097/download,https://xeno-canto.org/362097,https://creativecommons.org/licenses/by-nc-sa/4.0/,KEEP,none,False,False,False,False,False,90473,5.352,0.0179360061883926,0.1675294786691665,B,2017-02-05,07:27,2017-02-05 07:27:00,,True,True,True,2017.0,2.0,36.0,7.0,27.0,Winter,5,0.3520000000000003,Short (3–10s),Melanitta perspicillata
CA,395208,Tundra Swan,Cygnus columbianus,2017-01-28,15:54:00,40.6864,-124.2127,0:22,https://xeno-canto.org/395208/download,https://xeno-canto.org/395208,https://creativecommons.org/licenses/by-nc-sa/4.0/,KEEP,none,False,False,False,False,False,365038,22.512,0.0662075206637382,0.698943018913269,B,2017-01-28,15:54,2017-01-28 15:54:00,,True,True,True,2017.0,1.0,28.0,15.0,54.0,Winter,22,0.5120000000000005,Medium (10–30s),Cygnus columbianus
CA,256444,Vaux's Swift,Chaetura vauxi,2015-07-11,08:14:00,40.8702,-124.1157,0:23,https://xeno-canto.org/256444/download,https://xeno-canto.org/256444,https://creativecommons.org/licenses/by-nc-sa/4.0/,FLAG,low_amplitude,False,True,False,False,True,374996,23.032729166666662,0.0028748833574354,0.0257118716835975,B,2015-07-11,08:14,2015-07-11 08:14:00,,True,True,True,2015.0,7.0,192.0,8.0,14.0,Summer,23,0.03272916666666248,Medium (10–30s),Chaetura vauxi
CA,120845,Virginia Rail,Rallus limicola,2012-04-18,,32.875,-114.457,0:15,https://xeno-canto.org/120845/download,https://xeno-canto.org/120845,https://creativecommons.org/licenses/by-nc-sa/3.0/,KEEP,none,False,False,False,False,False,257657,15.729931972789116,0.0117960749194026,0.1279155611991882,B,2012-04-18,?,,,True,False,False,,,,,,,15,0.7299319727891156,Medium (10–30s),Rallus limicola
CA,552939,White-throated Swift,Aeronautes saxatalis,2020-04-29,09:07:00,32.9343,-116.4822,0:19,https://xeno-canto.org/552939/download,https://xeno-canto.org/552939,https://creativecommons.org/licenses/by-nc-sa/4.0/,KEEP,none,False,False,False,False,False,312421,19.224,0.0321503728628158,0.700463056564331,A,2020-04-29,09:07,2020-04-29 09:07:00,,True,True,True,2020.0,4.0,120.0,9.0,7.0,Spring,19,0.2240000000000002,Medium (10–30s),Aeronautes saxatalis
CA,232953,White-winged Dove,Zenaida asiatica,2011-06-14,15:11:00,32.8473,-114.4915,2:00,https://xeno-canto.org/232953/download,https://xeno-canto.org/232953,https://creativecommons.org/licenses/by-nc-sa/4.0/,KEEP,none,False,False,False,False,False,1932582,120.48,0.0145165901631116,0.1531167775392532,A,2011-06-14,15:11,2011-06-14 15:11:00,,True,True,True,2011.0,6.0,165.0,15.0,11.0,Summer,120,0.480000000000004,Long (≥30s),Zenaida asiatica
CA,377125,Wild Turkey,Meleagris gallopavo,2017-06-20,08:04:00,35.332,-120.415,3:13,https://xeno-canto.org/377125/download,https://xeno-canto.org/377125,https://creativecommons.org/licenses/by-nc-sa/4.0/,KEEP,none,False,False,False,False,False,7733345,193.13654166666663,0.0216935463249683,0.555170476436615,A,2017-06-20,8:04,2017-06-20 08:04:00,,True,True,True,2017.0,6.0,171.0,8.0,4.0,Summer,193,0.1365416666666306,Long (≥30s),Meleagris gallopavo
CA,450846,Wood Duck,Aix sponsa,2018-05-27,08:53:00,38.2443,-121.4127,0:38,https://xeno-canto.org/450846/download,https://xeno-canto.org/450846,https://creativecommons.org/licenses/by-nc-sa/4.0/,KEEP,none,False,False,False,False,False,627196,38.89632653061224,0.0701527073979377,0.6315670013427734,A,2018-05-27,08:53,2018-05-27 08:53:00,,True,True,True,2018.0,5.0,147.0,8.0,53.0,Spring,38,0.8963265306122423,Long (≥30s),Aix sponsa
CA,572270,Yellow Rail,Coturnicops noveboracensis,2020-06-23,17:00:00,41.9927,-120.326,0:41,https://xeno-canto.org/572270/download,https://xeno-canto.org/572270,https://creativecommons.org/licenses/by-nc-sa/4.0/,KEEP,none,False,False,False,False,False,663068,41.06727891156463,0.0135866599157452,0.9919147491455078,B,2020-06-23,17:00,2020-06-23 17:00:00,,True,True,True,2020.0,6.0,175.0,17.0,0.0,Summer,41,0.06727891156462817,Long (≥30s),Coturnicops noveboracensis
CA,265124,Yellow-billed Cuckoo,Coccyzus americanus,2015-08-01,09:25:00,40.8702,-124.1157,3:53,https://xeno-canto.org/265124/download,https://xeno-canto.org/265124,https://creativecommons.org/licenses/by-nc-sa/4.0/,FLAG,low_amplitude,False,True,False,False,True,3735139,233.0493333333333,0.0052965651266276,0.0371977463364601,B,2015-08-01,09:25,2015-08-01 09:25:00,,True,True,True,2015.0,8.0,213.0,9.0,25.0,Summer,233,0.04933333333329415,Long (≥30s),Coccyzus americanus
CA,375491,African Collared Dove,Streptopelia roseogrisea,2017-06-14,14:30:00,33.922,-117.2617,0:09,https://xeno-canto.org/375491/download,https://xeno-canto.org/375491,https://creativecommons.org/licenses/by-nc-sa/4.0/,KEEP,none,False,False,False,False,False,243627,9.901473922902497,0.0106217060238122,0.0555832274258136,A,2017-06-14,14:30,2017-06-14 14:30:00,,True,True,True,2017.0,6.0,165.0,14.0,30.0,Summer,9,0.9014739229024968,Short (3–10s),Streptopelia roseogrisea
CA,691005,Allen's Hummingbird,Selasphorus sasin,2021-12-11,09:28:00,32.5747,-117.1264,0:31,https://xeno-canto.org/691005/download,https://xeno-canto.org/691005,https://creativecommons.org/licenses/by-nc-sa/4.0/,KEEP,none,False,False,False,False,False,511389,31.656,0.0308984462171793,0.69767165184021,A,2021-12-11,09:28,2021-12-11 09:28:00,,True,True,True,2021.0,12.0,345.0,9.0,28.0,Winter,31,0.6559999999999988,Long (≥30s),Selasphorus sasin
CA,363448,American Coot,Fulica americana,2017-03-26,15:31:00,35.465,-120.667,1:08,https://xeno-canto.org/363448/download,https://xeno-canto.org/363448,https://creativecommons.org/licenses/by-nc-sa/4.0/,KEEP,none,False,False,False,False,False,2738823,68.290125,0.0115894973278045,0.562472403049469,B,2017-03-26,15:31,2017-03-26 15:31:00,,True,True,True,2017.0,3.0,85.0,15.0,31.0,Spring,68,0.2901250000000033,Long (≥30s),Fulica americana
CA,17795,American Wigeon,Mareca americana,2008-01-07,13:00:00,33.64224,-117.88672,0:19,https://xeno-canto.org/17795/download,https://xeno-canto.org/17795,https://creativecommons.org/licenses/by-nc-nd/2.5/,KEEP,none,False,False,False,False,False,239432,19.48063492063492,0.0269400998950004,0.450251817703247,A,2008-01-07,13:00,2008-01-07 13:00:00,,True,True,True,2008.0,1.0,7.0,13.0,0.0,Winter,19,0.48063492063491964,Medium (10–30s),Mareca americana
CA,695151,Anna's Hummingbird,Calypte anna,2022-01-01,07:16:00,32.5458,-117.0737,0:33,https://xeno-canto.org/695151/download,https://xeno-canto.org/695151,https://creativecommons.org/licenses/by-nc-sa/4.0/,KEEP,none,False,False,False,False,False,539370,33.408,0.0166071206331253,0.7007120251655579,B,2022-01-01,07:16,2022-01-01 07:16:00,,True,True,True,2022.0,1.0,1.0,7.0,16.0,Winter,33,0.40800000000000125,Long (≥30s),Calypte anna
CA,585340,Band-tailed Pigeon,Patagioenas fasciata,2020-08-28,07:58:00,32.8598,-116.4343,0:13,https://xeno-canto.org/585340/download,https://xeno-canto.org/585340,https://creativecommons.org/licenses/by-nc-sa/4.0/,KEEP,none,False,False,False,False,False,214520,13.104,0.0323360003530979,0.3106769323348999,B,2020-08-28,07:58,2020-08-28 07:58:00,,True,True,True,2020.0,8.0,241.0,7.0,58.0,Summer,13,0.1039999999999992,Medium (10–30s),Patagioenas fasciata
CA,167459,Black Rail,Laterallus jamaicensis,2013-06-30,09:30:00,37.442,-122.008,0:10,https://xeno-canto.org/167459/download,https://xeno-canto.org/167459,https://creativecommons.org/licenses/by-nc-sa/3.0/,KEEP,none,False,False,False,False,False,170584,10.3,0.0514522716403007,0.4522785544395447,B,2013-06-30,09:30,2013-06-30 09:30:00,,True,True,True,2013.0,6.0,181.0,9.0,30.0,Summer,10,0.3000000000000007,Medium (10–30s),Laterallus jamaicensis
CA,547258,Black-chinned Hummingbird,Archilochus alexandri,2020-04-13,18:30:00,33.658,-114.5279,0:18,https://xeno-canto.org/547258/download,https://xeno-canto.org/547258,https://creativecommons.org/licenses/by-nc-sa/4.0/,KEEP,none,False,False,False,False,False,218448,18.31925,0.0189130268990993,0.7068424224853516,B,2020-04-13,18:30,2020-04-13 18:30:00,,True,True,True,2020.0,4.0,104.0,18.0,30.0,Spring,18,0.31925000000000026,Medium (10–30s),Archilochus alexandri
CA,964250,Blue-winged Teal,Spatula discors,2025-01-16,14:33:00,35.3217,-120.842,0:23,https://xeno-canto.org/964250/download,https://xeno-canto.org/964250,https://creativecommons.org/licenses/by-nc-sa/4.0/,KEEP,none,False,False,False,False,False,3395243,23.5771875,0.0745331496000289,0.7943282127380371,B,2025-01-16,14:33,2025-01-16 14:33:00,,True,True,True,2025.0,1.0,16.0,14.0,33.0,Winter,23,0.5771875000000009,Medium (10–30s),Spatula discors
CA,163344,Brant Goose,Branta bernicla,2012-11-29,07:39:00,32.7802,-117.2154,0:14,https://xeno-canto.org/163344/download,https://xeno-canto.org/163344,https://creativecommons.org/licenses/by-nc-sa/3.0/,KEEP,none,False,False,False,False,False,235975,14.448,0.0479039512574672,0.7642827033996582,B,2012-11-29,07:39,2012-11-29 07:39:00,,True,True,True,2012.0,11.0,334.0,7.0,39.0,Fall,14,0.4480000000000004,Medium (10–30s),Branta bernicla
CA,877615,Broad-billed Hummingbird,Cynanthus latirostris,2024-02-23,10:00:00,34.1104,-117.8608,0:17,https://xeno-canto.org/877615/download,https://xeno-canto.org/877615,https://creativecommons.org/licenses/by-nc-sa/4.0/,KEEP,none,False,False,False,False,False,282794,17.352,0.0322517976164817,0.2179212868213653,A,2024-02-23,10:00,2024-02-23 10:00:00,,True,True,True,2024.0,2.0,54.0,10.0,0.0,Winter,17,0.3520000000000003,Medium (10–30s),Cynanthus latirostris
CA,652385,Broad-tailed Hummingbird,Selasphorus platycercus,2021-05-27,07:00:00,37.3607,-118.3995,0:24,https://xeno-canto.org/652385/download,https://xeno-canto.org/652385,https://creativecommons.org/licenses/by-nc-sa/4.0/,KEEP,none,False,False,False,False,False,389285,23.974739229024944,0.0464215986430645,0.951076328754425,B,2021-05-27,07:00,2021-05-27 07:00:00,,True,True,True,2021.0,5.0,147.0,7.0,0.0,Spring,24,-0.025260770975055635,Medium (10–30s),Selasphorus platycercus
CA,361920,Bufflehead,Bucephala albeola,2017-01-28,12:58:00,40.8581,-124.0905,0:03,https://xeno-canto.org/361920/download,https://xeno-canto.org/361920,https://creativecommons.org/licenses/by-nc-sa/4.0/,FLAG,low_amplitude,False,True,False,False,True,60129,3.456,0.0067740748636424,0.1405607759952545,A,2017-01-28,12:58,2017-01-28 12:58:00,,True,True,True,2017.0,1.0,28.0,12.0,58.0,Winter,3,0.45599999999999996,Short (3–10s),Bucephala albeola
CA,361084,Cackling Goose,Branta hutchinsii,2017-01-28,03:33:00,40.6864,-124.2127,0:16,https://xeno-canto.org/361084/download,https://xeno-canto.org/361084,https://creativecommons.org/licenses/by-nc-sa/4.0/,KEEP,none,False,False,False,False,False,262986,16.128,0.0298399422317743,0.7031810283660889,B,2017-01-28,03:33,2017-01-28 03:33:00,,True,True,True,2017.0,1.0,28.0,3.0,33.0,Winter,16,0.1280000000000001,Medium (10–30s),Branta hutchinsii
CA,584999,California Quail,Callipepla californica,2020-08-26,09:51:00,32.6675,-116.9268,1:22,https://xeno-canto.org/584999/download,https://xeno-canto.org/584999,https://creativecommons.org/licenses/by-nc-sa/4.0/,KEEP,none,False,False,False,False,False,1323891,82.44,0.0361743383109569,0.7084659934043884,A,2020-08-26,09:51,2020-08-26 09:51:00,,True,True,True,2020.0,8.0,239.0,9.0,51.0,Summer,82,0.4399999999999977,Long (≥30s),Callipepla californica
CA,1152009,Calliope Hummingbird,Selasphorus calliope,2026-06-25,08:12:00,38.8116,-120.377,0:20,https://xeno-canto.org/1152009/download,https://xeno-canto.org/1152009,https://creativecommons.org/licenses/by-nc-sa/4.0/,FLAG,clipping,False,False,True,False,True,322482,20.076979166666668,0.0534383244812488,1.0020400285720823,B,2026-06-25,08:12,2026-06-25 08:12:00,,True,True,True,2026.0,6.0,176.0,8.0,12.0,Summer,20,0.07697916666666771,Medium (10–30s),Selasphorus calliope
CA,317033,Canada Goose,Branta canadensis,2016-05-02,08:46:00,37.274,-120.8467,0:34,https://xeno-canto.org/317033/download,https://xeno-canto.org/317033,https://creativecommons.org/licenses/by-nc-sa/4.0/,KEEP,none,False,False,False,False,False,1399652,34.7975,0.0192988254129886,0.5541244149208069,A,2016-05-02,8:46,2016-05-02 08:46:00,,True,True,True,2016.0,5.0,123.0,8.0,46.0,Spring,34,0.7974999999999994,Long (≥30s),Branta canadensis
CA,666132,Chukar Partridge,Alectoris chukar,2021-08-02,10:00:00,37.2433,-118.1934,0:21,https://xeno-canto.org/666132/download,https://xeno-canto.org/666132,https://creativecommons.org/licenses/by-nc-sa/4.0/,KEEP,none,False,False,False,False,False,355007,21.837233560090706,0.0333263464272022,0.6293778419494629,B,2021-08-02,10:00,2021-08-02 10:00:00,,True,True,True,2021.0,8.0,214.0,10.0,0.0,Summer,21,0.8372335600907057,Medium (10–30s),Alectoris chukar
CA,510630,Cinnamon Teal,Spatula cyanoptera,2019-06-22,07:00:00,41.9132,-119.4609,1:09,https://xeno-canto.org/510630/download,https://xeno-canto.org/510630,https://creativecommons.org/licenses/by-nc-sa/4.0/,KEEP,none,False,False,False,False,False,839864,69.576,0.013600742444396,0.6932483911514282,B,2019-06-22,07:00,2019-06-22 07:00:00,,True,True,True,2019.0,6.0,173.0,7.0,0.0,Summer,69,0.5759999999999934,Long (≥30s),Spatula cyanoptera
CA,223349,Common Gallinule,Gallinula galeata,2007-02-14,16:00:00,33.1188,-115.7945,0:16,https://xeno-canto.org/223349/download,https://xeno-canto.org/223349,https://creativecommons.org/licenses/by-nc-nd/4.0/,KEEP,none,False,False,False,False,False,198321,16.023,0.0220749471336603,0.5604175329208374,A,2007-02-14,16:00,2007-02-14 16:00:00,,True,True,True,2007.0,2.0,45.0,16.0,0.0,Winter,16,0.022999999999999687,Medium (10–30s),Gallinula galeata
CA,345878,Common Ground Dove,Columbina passerina,2015-04-17,13:19:00,33.177,-115.6156,0:55,https://xeno-canto.org/345878/download,https://xeno-canto.org/345878,https://creativecommons.org/licenses/by-nc-sa/4.0/,KEEP,none,False,False,False,False,False,898837,55.872,0.0114952903240919,0.1724298596382141,B,2015-04-17,13:19,2015-04-17 13:19:00,,True,True,True,2015.0,4.0,107.0,13.0,19.0,Spring,55,0.8719999999999999,Long (≥30s),Columbina passerina
CA,423314,Common Nighthawk,Chordeiles minor,2018-06-25,05:30:00,41.1921,-119.3143,0:23,https://xeno-canto.org/423314/download,https://xeno-canto.org/423314,https://creativecommons.org/licenses/by-nc-sa/4.0/,KEEP,none,False,False,False,False,False,289636,23.736,0.0200975127518177,0.512785017490387,B,2018-06-25,05:30,2018-06-25 05:30:00,,True,True,True,2018.0,6.0,176.0,5.0,30.0,Summer,23,0.7360000000000007,Medium (10–30s),Chordeiles minor
CA,578134,Common Pheasant,Phasianus colchicus,2015-02-10,12:20:00,39.3212,-121.8164,1:08,https://xeno-canto.org/578134/download,https://xeno-canto.org/578134,https://creativecommons.org/licenses/by-nc-sa/4.0/,KEEP,none,False,False,False,False,False,1105347,68.784,0.0192350856959819,0.551218569278717,A,2015-02-10,12:20,2015-02-10 12:20:00,,True,True,True,2015.0,2.0,41.0,12.0,20.0,Winter,68,0.784000000000006,Long (≥30s),Phasianus colchicus
CA,533394,Common Poorwill,Phalaenoptilus nuttallii,2020-03-06,20:57:00,34.268,-118.077,0:51,https://xeno-canto.org/533394/download,https://xeno-canto.org/533394,https://creativecommons.org/licenses/by-nc-sa/4.0/,KEEP,none,False,False,False,False,False,1166815,51.9664375,0.0652157142758369,0.608532726764679,B,2020-03-06,20:57,2020-03-06 20:57:00,,True,True,True,2020.0,3.0,66.0,20.0,57.0,Spring,51,0.9664374999999978,Long (≥30s),Phalaenoptilus nuttallii
CA,799409,Costa's Hummingbird,Calypte costae,2023-05-06,08:33:00,35.1081,-120.0757,1:10,https://xeno-canto.org/799409/download,https://xeno-canto.org/799409,https://creativecommons.org/licenses/by-nc-sa/4.0/,KEEP,none,False,False,False,False,False,6184832,70.07637188208616,0.011855530552566,0.329803466796875,A,2023-05-06,08:33,2023-05-06 08:33:00,,True,True,True,2023.0,5.0,126.0,8.0,33.0,Spring,70,0.07637188208616408,Long (≥30s),Calypte costae
CA,135420,Eastern Whip-poor-will,Antrostomus vociferus,2013-05-27,21:30:00,37.0091,-121.8574,5:00,https://xeno-canto.org/135420/download,https://xeno-canto.org/135420,https://creativecommons.org/licenses/by-nc-sa/3.0/,FLAG,clipping,False,False,True,False,True,6005550,300.0,0.1259320974349975,1.002970814704895,B,2013-05-27,21:30,2013-05-27 21:30:00,,True,True,True,2013.0,5.0,147.0,21.0,30.0,Spring,300,0.0,Long (≥30s),Antrostomus vociferus
CA,195342,Egyptian Goose,Alopochen aegyptiaca,2014-09-12,17:27:00,34.1819,-118.4936,0:58,https://xeno-canto.org/195342/download,https://xeno-canto.org/195342,https://creativecommons.org/licenses/by-nc-sa/4.0/,KEEP,none,False,False,False,False,False,938817,58.29079365079365,0.0296763777732849,0.9342703819274902,A,2014-09-12,17:27,2014-09-12 17:27:00,,True,True,True,2014.0,9.0,255.0,17.0,27.0,Fall,58,0.2907936507936526,Long (≥30s),Alopochen aegyptiaca
CA,481134,Eurasian Collared Dove,Streptopelia decaocto,2019-05-20,15:00:00,36.4728,-121.1873,0:32,https://xeno-canto.org/481134/download,https://xeno-canto.org/481134,https://creativecommons.org/licenses/by-nc-sa/4.0/,KEEP,none,False,False,False,False,False,783911,32.36571428571428,0.0369784459471702,0.5794879198074341,B,2019-05-20,15:00,2019-05-20 15:00:00,,True,True,True,2019.0,5.0,140.0,15.0,0.0,Spring,32,0.365714285714283,Long (≥30s),Streptopelia decaocto
CA,779907,Gadwall,Mareca strepera,2023-02-10,13:19:00,39.195,-122.0562,0:02,https://xeno-canto.org/779907/download,https://xeno-canto.org/779907,https://creativecommons.org/licenses/by-nc-sa/4.0/,FLAG,short_duration,True,False,False,False,True,45835,2.568,0.0133868120610713,0.2865671515464782,B,2023-02-10,13:19,2023-02-10 13:19:00,,True,True,True,2023.0,2.0,41.0,13.0,19.0,Winter,2,0.5680000000000001,Very short (<3s),Mareca strepera
CA,475180,Gambel's Quail,Callipepla gambelii,2019-04-27,07:30:00,36.7152,-114.7146,0:49,https://xeno-canto.org/475180/download,https://xeno-canto.org/475180,https://creativecommons.org/licenses/by-nc-sa/4.0/,KEEP,none,False,False,False,False,False,1196469,49.656,0.0395254902541637,0.6402847170829773,A,2019-04-27,07:30,2019-04-27 07:30:00,,True,True,True,2019.0,4.0,117.0,7.0,30.0,Spring,49,0.6559999999999988,Long (≥30s),Callipepla gambelii
CA,465656,Greater Roadrunner,Geococcyx californianus,2019-04-07,09:57:00,35.1617,-119.8244,2:46,https://xeno-canto.org/465656/download,https://xeno-canto.org/465656,https://creativecommons.org/licenses/by-nc-sa/4.0/,KEEP,none,False,False,False,False,False,6672329,166.61272916666667,0.0440922938287258,0.5621788501739502,B,2019-04-07,9:57,2019-04-07 09:57:00,,True,True,True,2019.0,4.0,97.0,9.0,57.0,Spring,166,0.6127291666666679,Long (≥30s),Geococcyx californianus
CA,150244,Greater White-fronted Goose,Anser albifrons,2013-02-06,14:33:00,38.2657,-121.4393,0:10,https://xeno-canto.org/150244/download,https://xeno-canto.org/150244,https://creativecommons.org/licenses/by-nc-sa/3.0/,KEEP,none,False,False,False,False,False,171589,10.224,0.0263582523912191,0.3076589703559875,B,2013-02-06,14:33,2013-02-06 14:33:00,,True,True,True,2013.0,2.0,37.0,14.0,33.0,Winter,10,0.2240000000000002,Medium (10–30s),Anser albifrons
CA,757764,Green-winged Teal,Anas carolinensis,2022-04-03,09:50:00,37.1858,-120.6202,0:15,https://xeno-canto.org/757764/download,https://xeno-canto.org/757764,https://creativecommons.org/licenses/by-nc-sa/4.0/,KEEP,none,False,False,False,False,False,2293440,15.9015625,0.0396217368543148,0.7079250812530518,B,2022-04-03,09:50,2022-04-03 09:50:00,,True,True,True,2022.0,4.0,93.0,9.0,50.0,Spring,15,0.9015625000000007,Medium (10–30s),Anas carolinensis
CA,551487,Inca Dove,Columbina inca,2020-04-27,06:30:00,33.4102,-114.6633,0:14,https://xeno-canto.org/551487/download,https://xeno-canto.org/551487,https://creativecommons.org/licenses/by-nc-sa/4.0/,KEEP,none,False,False,False,False,False,347453,14.28,0.0277218930423259,0.2257334589958191,B,2020-04-27,06:30,2020-04-27 06:30:00,,True,True,True,2020.0,4.0,118.0,6.0,30.0,Spring,14,0.27999999999999936,Medium (10–30s),Columbina inca
AZ,132209,Allen's Hummingbird,Selasphorus sasin,2011-07-10,13:08:00,31.906,-109.1543,0:08,https://xeno-canto.org/132209/download,https://xeno-canto.org/132209,https://creativecommons.org/licenses/by-nc-sa/3.0/,FLAG,low_amplitude,False,True,False,False,True,137414,8.280816326530612,0.0042143980972468,0.0614070296287536,B,2011-07-10,13:08,2011-07-10 13:08:00,,True,True,True,2011.0,7.0,191.0,13.0,8.0,Summer,8,0.28081632653061206,Short (3–10s),Selasphorus sasin
AZ,700909,American Wigeon,Mareca americana,2019-10-22,07:01:00,31.34,-109.273,1:47,https://xeno-canto.org/700909/download,https://xeno-canto.org/700909,https://creativecommons.org/licenses/by-nc-sa/4.0/,FLAG,low_amplitude,False,True,False,False,True,1724635,107.472,0.0084721045568585,0.2374551147222519,B,2019-10-22,07:01,2019-10-22 07:01:00,,True,True,True,2019.0,10.0,295.0,7.0,1.0,Fall,107,0.4719999999999942,Long (≥30s),Mareca americana
AZ,452506,Anna's Hummingbird,Calypte anna,2018-01-12,12:39:00,33.3607,-111.7343,0:05,https://xeno-canto.org/452506/download,https://xeno-canto.org/452506,https://creativecommons.org/licenses/by-nc-sa/4.0/,KEEP,none,False,False,False,False,False,92012,5.448,0.0541168563067913,0.6846784353256226,B,2018-01-12,12:39,2018-01-12 12:39:00,,True,True,True,2018.0,1.0,12.0,12.0,39.0,Winter,5,0.4480000000000004,Short (3–10s),Calypte anna
AZ,491895,Band-tailed Pigeon,Patagioenas fasciata,2019-08-01,05:39:00,31.9202,-109.2624,1:23,https://xeno-canto.org/491895/download,https://xeno-canto.org/491895,https://creativecommons.org/licenses/by-nc-sa/4.0/,KEEP,none,False,False,False,False,False,1337672,83.304,0.0141043663024902,0.1524343937635421,A,2019-08-01,05:39,2019-08-01 05:39:00,,True,True,True,2019.0,8.0,213.0,5.0,39.0,Summer,83,0.30400000000000205,Long (≥30s),Patagioenas fasciata
AZ,145957,Berylline Hummingbird,Saucerottia beryllina,2013-06-03,18:53:00,31.906,-109.1543,0:35,https://xeno-canto.org/145957/download,https://xeno-canto.org/145957,https://creativecommons.org/licenses/by-nc-sa/3.0/,FLAG,low_amplitude,False,True,False,False,True,569441,35.265306122448976,0.0067330761812627,0.2949511706829071,B,2013-06-03,18:53,2013-06-03 18:53:00,,True,True,True,2013.0,6.0,154.0,18.0,53.0,Summer,35,0.2653061224489761,Long (≥30s),Saucerottia beryllina
AZ,728080,Black-bellied Whistling Duck,Dendrocygna autumnalis,2022-05-29,07:11:00,31.6136,-111.0413,0:19,https://xeno-canto.org/728080/download,https://xeno-canto.org/728080,https://creativecommons.org/licenses/by-nc-sa/4.0/,KEEP,none,False,False,False,False,False,221112,19.65328798185941,0.0437854938209056,0.7112007141113281,B,2022-05-29,07:11,2022-05-29 07:11:00,,True,True,True,2022.0,5.0,149.0,7.0,11.0,Spring,19,0.6532879818594104,Medium (10–30s),Dendrocygna autumnalis
AZ,132328,Black-chinned Hummingbird,Archilochus alexandri,2013-04-14,07:11:00,31.906,-109.1543,0:12,https://xeno-canto.org/132328/download,https://xeno-canto.org/132328,https://creativecommons.org/licenses/by-nc-sa/3.0/,KEEP,none,False,False,False,False,False,203154,12.38204081632653,0.0108897713944315,0.1325038373470306,B,2013-04-14,07:11,2013-04-14 07:11:00,,True,True,True,2013.0,4.0,104.0,7.0,11.0,Spring,12,0.38204081632652986,Medium (10–30s),Archilochus alexandri
AZ,132452,Blue-throated Mountaingem,Lampornis clemenciae,2012-06-11,19:17:00,31.906,-109.1543,0:05,https://xeno-canto.org/132452/download,https://xeno-canto.org/132452,https://creativecommons.org/licenses/by-nc-sa/3.0/,KEEP,none,False,False,False,False,False,89302,5.276734693877551,0.0172395091503858,0.2405076622962951,A,2012-06-11,19:17,2012-06-11 19:17:00,,True,True,True,2012.0,6.0,163.0,19.0,17.0,Summer,5,0.27673469387755123,Short (3–10s),Lampornis clemenciae
AZ,772323,Broad-billed Hummingbird,Cynanthus latirostris,2022-05-04,05:20:00,31.7244,-110.8805,0:45,https://xeno-canto.org/772323/download,https://xeno-canto.org/772323,https://creativecommons.org/licenses/by-nc-sa/4.0/,KEEP,none,False,False,False,False,False,6577792,45.653979166666666,0.0273489244282245,0.6523987054824829,B,2022-05-04,05:20,2022-05-04 05:20:00,,True,True,True,2022.0,5.0,124.0,5.0,20.0,Spring,45,0.6539791666666659,Long (≥30s),Cynanthus latirostris
AZ,132844,Broad-tailed Hummingbird,Selasphorus platycercus,2011-05-13,08:51:00,31.906,-109.1543,0:45,https://xeno-canto.org/132844/download,https://xeno-canto.org/132844,https://creativecommons.org/licenses/by-nc-sa/3.0/,FLAG,clipping,False,False,True,False,True,732249,45.453061224489794,0.031471062451601,1.0141608715057373,B,2011-05-13,08:51,2011-05-13 08:51:00,,True,True,True,2011.0,5.0,133.0,8.0,51.0,Spring,45,0.4530612244897938,Long (≥30s),Selasphorus platycercus
AZ,251890,Buff-collared Nightjar,Antrostomus ridgwayi,2015-06-04,20:30:00,31.404,-111.2401,0:15,https://xeno-canto.org/251890/download,https://xeno-canto.org/251890,https://creativecommons.org/licenses/by-nc-sa/4.0/,KEEP,none,False,False,False,False,False,245815,14.9946875,0.0120808109641075,0.1013536974787712,A,2015-06-04,20:30,2015-06-04 20:30:00,,True,True,True,2015.0,6.0,155.0,20.0,30.0,Summer,15,-0.005312500000000497,Medium (10–30s),Antrostomus ridgwayi
AZ,710475,Bufflehead,Bucephala albeola,2021-01-17,13:02:00,31.34,-109.273,2:37,https://xeno-canto.org/710475/download,https://xeno-canto.org/710475,https://creativecommons.org/licenses/by-nc-sa/4.0/,FLAG,low_amplitude,False,True,False,False,True,2531785,157.92,0.0055926796048879,0.2303638160228729,A,2021-01-17,13:02,2021-01-17 13:02:00,,True,True,True,2021.0,1.0,17.0,13.0,2.0,Winter,157,0.9199999999999875,Long (≥30s),Bucephala albeola
AZ,132948,Calliope Hummingbird,Selasphorus calliope,2010-09-16,07:43:00,31.932,-109.191,0:33,https://xeno-canto.org/132948/download,https://xeno-canto.org/132948,https://creativecommons.org/licenses/by-nc-sa/3.0/,FLAG,low_amplitude,False,True,False,False,True,537803,33.28,0.0027192519046366,0.053069032728672,B,2010-09-16,07:43,2010-09-16 07:43:00,,True,True,True,2010.0,9.0,259.0,7.0,43.0,Fall,33,0.28000000000000114,Long (≥30s),Selasphorus calliope
AZ,511453,Canada Goose,Branta canadensis,2019-12-10,08:52:00,33.3634,-111.7341,0:19,https://xeno-canto.org/511453/download,https://xeno-canto.org/511453,https://creativecommons.org/licenses/by-nc-sa/4.0/,KEEP,none,False,False,False,False,False,475303,19.36900226757369,0.1565744131803512,0.9160377383232116,B,2019-12-10,08:52,2019-12-10 08:52:00,,True,True,True,2019.0,12.0,344.0,8.0,52.0,Winter,19,0.36900226757369126,Medium (10–30s),Branta canadensis
AZ,611977,Cinnamon Teal,Spatula cyanoptera,2020-03-22,17:36:00,31.5633,-109.716,0:08,https://xeno-canto.org/611977/download,https://xeno-canto.org/611977,https://creativecommons.org/licenses/by-nc-sa/4.0/,KEEP,none,False,False,False,False,False,140062,8.448,0.0104559147730469,0.1029753610491752,B,2020-03-22,17:36,2020-03-22 17:36:00,,True,True,True,2020.0,3.0,82.0,17.0,36.0,Spring,8,0.4480000000000004,Short (3–10s),Spatula cyanoptera
AZ,608781,Common Nighthawk,Chordeiles minor,2020-05-26,04:37:00,33.4426,-109.4875,1:29,https://xeno-canto.org/608781/download,https://xeno-canto.org/608781,https://creativecommons.org/licenses/by-nc-sa/4.0/,KEEP,none,False,False,False,False,False,1434343,89.328,0.0150433918461203,0.7040959000587463,B,2020-05-26,04:37,2020-05-26 04:37:00,,True,True,True,2020.0,5.0,147.0,4.0,37.0,Spring,89,0.32800000000000296,Long (≥30s),Chordeiles minor
AZ,110689,Common Poorwill,Phalaenoptilus nuttallii,2012-05-22,05:00:00,34.285,-114.069,0:43,https://xeno-canto.org/110689/download,https://xeno-canto.org/110689,https://creativecommons.org/licenses/by-nc-nd/2.5/,FLAG,low_amplitude,False,True,False,False,True,693253,42.97043083900227,0.0078521613031625,0.080069251358509,B,2012-05-22,05:00,2012-05-22 05:00:00,,True,True,True,2012.0,5.0,143.0,5.0,0.0,Spring,43,-0.029569160997731103,Long (≥30s),Phalaenoptilus nuttallii
AZ,196870,Costa's Hummingbird,Calypte costae,2014-08-25,06:00:00,32.1999,-110.7666,1:18,https://xeno-canto.org/196870/download,https://xeno-canto.org/196870,https://creativecommons.org/licenses/by-nc-sa/4.0/,FLAG,low_amplitude,False,True,False,False,True,1255071,78.13224489795918,0.0074868714436888,0.1590978354215622,B,2014-08-25,06:00,2014-08-25 06:00:00,,True,True,True,2014.0,8.0,237.0,6.0,0.0,Summer,78,0.1322448979591826,Long (≥30s),Calypte costae
AZ,623629,Gadwall,Mareca strepera,2019-12-20,07:33:00,31.34,-109.273,3:54,https://xeno-canto.org/623629/download,https://xeno-canto.org/623629,https://creativecommons.org/licenses/by-nc-sa/4.0/,KEEP,none,False,False,False,False,False,3750743,234.096,0.0244856253266334,0.6815744638442993,B,2019-12-20,07:33,2019-12-20 07:33:00,,True,True,True,2019.0,12.0,354.0,7.0,33.0,Winter,234,0.09600000000000364,Long (≥30s),Mareca strepera
AZ,1080401,Gambel's Quail,Callipepla gambelii,2024-01-24,08:39:00,31.906,-109.1543,0:05,https://xeno-canto.org/1080401/download,https://xeno-canto.org/1080401,https://creativecommons.org/licenses/by-nc-sa/4.0/,KEEP,none,False,False,False,False,False,1591306,5.4827916666666665,0.0122249545529484,0.3162276744842529,A,2024-01-24,08:39,2024-01-24 08:39:00,,True,True,True,2024.0,1.0,24.0,8.0,39.0,Winter,5,0.4827916666666665,Short (3–10s),Callipepla gambelii
AZ,324293,Greater Roadrunner,Geococcyx californianus,2016-05-03,07:31:00,31.34,-109.273,3:47,https://xeno-canto.org/324293/download,https://xeno-canto.org/324293,https://creativecommons.org/licenses/by-nc-sa/4.0/,FLAG,low_amplitude,False,True,False,False,True,3651851,227.9183673469388,0.0090591087937355,0.1840811371803283,B,2016-05-03,07:31,2016-05-03 07:31:00,,True,True,True,2016.0,5.0,124.0,7.0,31.0,Spring,227,0.9183673469387941,Long (≥30s),Geococcyx californianus
AZ,453885,Greater White-fronted Goose,Anser albifrons,2017-12-23,14:15:00,32.233,-109.8269,0:22,https://xeno-canto.org/453885/download,https://xeno-canto.org/453885,https://creativecommons.org/licenses/by-nc-sa/4.0/,KEEP,none,False,False,False,False,False,362323,22.344,0.0292731802910566,0.696731448173523,B,2017-12-23,14:15,2017-12-23 14:15:00,,True,True,True,2017.0,12.0,357.0,14.0,15.0,Winter,22,0.3440000000000012,Medium (10–30s),Anser albifrons
AZ,265347,Green-winged Teal,Anas carolinensis,2015-02-09,13:00:00,34.0266,-109.4425,0:13,https://xeno-canto.org/265347/download,https://xeno-canto.org/265347,https://creativecommons.org/licenses/by-nc-sa/4.0/,KEEP,none,False,False,False,False,False,227160,13.844897959183674,0.0479654408991336,0.4465338587760925,B,2015-02-09,13:00,2015-02-09 13:00:00,,True,True,True,2015.0,2.0,40.0,13.0,0.0,Winter,13,0.8448979591836743,Medium (10–30s),Anas carolinensis
AZ,114789,Groove-billed Ani,Crotophaga sulcirostris,2012-11-24,09:40:00,32.2783,-111.0229,0:18,https://xeno-canto.org/114789/download,https://xeno-canto.org/114789,https://creativecommons.org/licenses/by-nc-sa/3.0/,KEEP,none,False,False,False,False,False,441062,18.168,0.0105937728658318,0.3243937790393829,B,2012-11-24,09:40,2012-11-24 09:40:00,,True,True,True,2012.0,11.0,329.0,9.0,40.0,Fall,18,0.16799999999999926,Medium (10–30s),Crotophaga sulcirostris
AZ,321958,Lesser Nighthawk,Chordeiles acutipennis,2015-06-24,05:18:00,31.8972,-109.0923,1:44,https://xeno-canto.org/321958/download,https://xeno-canto.org/321958,https://creativecommons.org/licenses/by-nc-sa/4.0/,FLAG,low_amplitude,False,True,False,False,True,1674403,104.3330612244898,0.004168071784079,0.0457126274704933,B,2015-06-24,05:18,2015-06-24 05:18:00,,True,True,True,2015.0,6.0,175.0,5.0,18.0,Summer,104,0.33306122448979636,Long (≥30s),Chordeiles acutipennis
AZ,132967,Lucifer Sheartail,Calothorax lucifer,2013-04-18,17:21:00,31.906,-109.1543,1:51,https://xeno-canto.org/132967/download,https://xeno-canto.org/132967,https://creativecommons.org/licenses/by-nc-sa/3.0/,KEEP,none,False,False,False,False,False,1785048,111.22938775510204,0.0107341073453426,0.2956227362155914,B,2013-04-18,17:21,2013-04-18 17:21:00,,True,True,True,2013.0,4.0,108.0,17.0,21.0,Spring,111,0.22938775510203868,Long (≥30s),Calothorax lucifer
AZ,511471,Mallard,Anas platyrhynchos,2019-12-10,10:26:00,33.3634,-111.7341,0:55,https://xeno-canto.org/511471/download,https://xeno-canto.org/511471,https://creativecommons.org/licenses/by-nc-sa/4.0/,KEEP,none,False,False,False,False,False,1563600,55.21501133786848,0.0434060357511043,0.8416155576705933,B,2019-12-10,10:26,2019-12-10 10:26:00,,True,True,True,2019.0,12.0,344.0,10.0,26.0,Winter,55,0.21501133786848214,Long (≥30s),Anas platyrhynchos
AZ,583806,Mexican Duck,Anas diazi,2020-03-28,07:47:00,32.084,-109.051,1:31,https://xeno-canto.org/583806/download,https://xeno-canto.org/583806,https://creativecommons.org/licenses/by-nc-sa/4.0/,FLAG,low_amplitude,False,True,False,False,True,1473855,91.8,0.0039772982709109,0.1956331580877304,B,2020-03-28,07:47,2020-03-28 07:47:00,,True,True,True,2020.0,3.0,88.0,7.0,47.0,Spring,91,0.7999999999999972,Long (≥30s),Anas diazi
AZ,175369,Mexican Whip-poor-will,Antrostomus arizonae,2014-04-20,19:30:00,34.465,-112.4762,0:31,https://xeno-canto.org/175369/download,https://xeno-canto.org/175369,https://creativecommons.org/licenses/by-nc-sa/4.0/,FLAG,low_amplitude,False,True,False,False,True,379494,31.224,0.007006477098912,0.1177319511771202,B,2014-04-20,19:30,2014-04-20 19:30:00,,True,True,True,2014.0,4.0,110.0,19.0,30.0,Spring,31,0.2240000000000002,Long (≥30s),Antrostomus arizonae
AZ,154199,Montezuma Quail,Cyrtonyx montezumae,2013-11-08,09:44:00,31.7124,-110.8651,0:59,https://xeno-canto.org/154199/download,https://xeno-canto.org/154199,https://creativecommons.org/licenses/by-nc-sa/3.0/,FLAG,low_amplitude,False,True,False,False,True,1191281,59.32408163265306,0.0004940760554745,0.0416505448520183,B,2013-11-08,09:44,2013-11-08 09:44:00,,True,True,True,2013.0,11.0,312.0,9.0,44.0,Fall,59,0.324081632653062,Long (≥30s),Cyrtonyx montezumae
AZ,452515,Northern Pintail,Anas acuta,2018-01-12,11:01:00,33.3607,-111.7343,0:04,https://xeno-canto.org/452515/download,https://xeno-canto.org/452515,https://creativecommons.org/licenses/by-nc-sa/4.0/,KEEP,none,False,False,False,False,False,79301,4.656,0.0451412759721279,0.6949864625930786,B,2018-01-12,11:01,2018-01-12 11:01:00,,True,True,True,2018.0,1.0,12.0,11.0,1.0,Winter,4,0.6559999999999997,Short (3–10s),Anas acuta
AZ,218535,Northern Shoveler,Spatula clypeata,2007-02-17,06:55:00,31.4954,-110.8536,0:23,https://xeno-canto.org/218535/download,https://xeno-canto.org/218535,https://creativecommons.org/licenses/by-nc-nd/4.0/,KEEP,none,False,False,False,False,False,283193,23.05240625,0.019183974713087,0.5325180888175964,B,2007-02-17,06:55,2007-02-17 06:55:00,,True,True,True,2007.0,2.0,48.0,6.0,55.0,Winter,23,0.052406250000000654,Medium (10–30s),Spatula clypeata
AZ,193254,Plain-capped Starthroat,Heliomaster constantii,2014-08-25,09:00:00,31.7244,-110.8805,0:06,https://xeno-canto.org/193254/download,https://xeno-canto.org/193254,https://creativecommons.org/licenses/by-nc-sa/4.0/,FLAG,low_amplitude,False,True,False,False,True,108941,6.504489795918367,0.003936702851206,0.1620982885360717,B,2014-08-25,09:00,2014-08-25 09:00:00,,True,True,True,2014.0,8.0,237.0,9.0,0.0,Summer,6,0.5044897959183672,Short (3–10s),Heliomaster constantii
AZ,583809,Ring-necked Duck,Aythya collaris,2020-03-15,11:12:00,31.34,-109.273,0:07,https://xeno-canto.org/583809/download,https://xeno-canto.org/583809,https://creativecommons.org/licenses/by-nc-sa/4.0/,KEEP,none,False,False,False,False,False,117027,7.008,0.0118410056456923,0.2390223443508148,B,2020-03-15,11:12,2020-03-15 11:12:00,,True,True,True,2020.0,3.0,75.0,11.0,12.0,Spring,7,0.008000000000000007,Short (3–10s),Aythya collaris
AZ,321736,Rivoli's Hummingbird,Eugenes fulgens,2015-06-09,06:29:00,31.906,-109.1543,0:59,https://xeno-canto.org/321736/download,https://xeno-canto.org/321736,https://creativecommons.org/licenses/by-nc-sa/4.0/,KEEP,none,False,False,False,False,False,949947,59.06285714285714,0.010328471660614,0.3763592839241028,B,2015-06-09,06:29,2015-06-09 06:29:00,,True,True,True,2015.0,6.0,160.0,6.0,29.0,Summer,59,0.0628571428571405,Long (≥30s),Eugenes fulgens
AZ,567440,Ruddy Duck,Oxyura jamaicensis,2020-06-02,03:50:00,34.3052,-110.0276,0:45,https://xeno-canto.org/567440/download,https://xeno-canto.org/567440,https://creativecommons.org/licenses/by-nc-sa/4.0/,KEEP,none,False,False,False,False,False,1812552,45.125079365079365,0.0226391721516847,0.3461615443229675,B,2020-06-02,03:50,2020-06-02 03:50:00,,True,True,True,2020.0,6.0,154.0,3.0,50.0,Summer,45,0.12507936507936535,Long (≥30s),Oxyura jamaicensis
AZ,133556,Rufous Hummingbird,Selasphorus rufus,2013-04-19,17:10:00,31.906,-109.1543,0:15,https://xeno-canto.org/133556/download,https://xeno-canto.org/133556,https://creativecommons.org/licenses/by-nc-sa/3.0/,FLAG,low_amplitude,False,True,False,False,True,258148,15.830204081632653,0.007459589280188,0.1521811187267303,A,2013-04-19,17:10,2013-04-19 17:10:00,,True,True,True,2013.0,4.0,109.0,17.0,10.0,Spring,15,0.8302040816326528,Medium (10–30s),Selasphorus rufus
AZ,1080405,Scaled Quail,Callipepla squamata,2023-07-21,06:20:00,31.5288,-109.5314,5:50,https://xeno-canto.org/1080405/download,https://xeno-canto.org/1080405,https://creativecommons.org/licenses/by-nc-sa/4.0/,KEEP,none,False,False,False,False,False,8411600,350.064,0.0204881746321916,0.6857677698135376,A,2023-07-21,06:20,2023-07-21 06:20:00,,True,True,True,2023.0,7.0,202.0,6.0,20.0,Summer,350,0.06400000000002137,Long (≥30s),Callipepla squamata
AZ,624546,Snow Goose,Anser caerulescens,2020-11-03,09:54:00,31.34,-109.273,0:41,https://xeno-canto.org/624546/download,https://xeno-canto.org/624546,https://creativecommons.org/licenses/by-nc-sa/4.0/,FLAG,low_amplitude,False,True,False,False,True,669792,41.544,0.0098799401894211,0.3147116899490356,B,2020-11-03,09:54,2020-11-03 09:54:00,,True,True,True,2020.0,11.0,308.0,9.0,54.0,Fall,41,0.5439999999999969,Long (≥30s),Anser caerulescens
AZ,626768,Violet-crowned Hummingbird,Leucolia violiceps,2020-08-22,13:05:00,31.355,-109.044,5:13,https://xeno-canto.org/626768/download,https://xeno-canto.org/626768,https://creativecommons.org/licenses/by-nc-sa/4.0/,KEEP,none,False,False,False,False,False,5026653,313.848,0.0176315885037183,0.3482707142829895,A,2020-08-22,13:05,2020-08-22 13:05:00,,True,True,True,2020.0,8.0,235.0,13.0,5.0,Summer,313,0.8480000000000132,Long (≥30s),Leucolia violiceps
AZ,974054,White-eared Hummingbird,Basilinna leucotis,2005-05-16,17:45:00,31.883,-109.207,1:29,https://xeno-canto.org/974054/download,https://xeno-canto.org/974054,https://creativecommons.org/licenses/by-nc-sa/4.0/,FLAG,low_amplitude,False,True,False,False,True,2153405,89.256875,0.0047347070649266,0.1946993917226791,B,2005-05-16,17:45,2005-05-16 17:45:00,,True,True,True,2005.0,5.0,136.0,17.0,45.0,Spring,89,0.25687499999999375,Long (≥30s),Basilinna leucotis
AZ,48224,White-throated Swift,Aeronautes saxatalis,2009-11-05,,33.5217,-111.6726,0:30,https://xeno-canto.org/48224/download,https://xeno-canto.org/48224,https://creativecommons.org/licenses/by-nc-nd/2.5/,KEEP,none,False,False,False,False,False,494645,30.615510204081637,0.0131249967962503,0.1967184245586395,A,2009-11-05,?,,,True,False,False,,,,,,,30,0.6155102040816374,Long (≥30s),Aeronautes saxatalis
AZ,778410,Wild Turkey,Meleagris gallopavo,2022-05-04,07:17:00,31.7287,-110.8758,1:12,https://xeno-canto.org/778410/download,https://xeno-canto.org/778410,https://creativecommons.org/licenses/by-nc-sa/4.0/,KEEP,none,False,False,False,False,False,10428192,72.392875,0.0255749318748712,0.7079076766967773,A,2022-05-04,07:17,2022-05-04 07:17:00,,True,True,True,2022.0,5.0,124.0,7.0,17.0,Spring,72,0.39287500000000364,Long (≥30s),Meleagris gallopavo
AZ,87027,Yellow-billed Cuckoo,Coccyzus americanus,2011-08-26,08:09:00,31.5,-110.818,1:56,https://xeno-canto.org/87027/download,https://xeno-canto.org/87027,https://creativecommons.org/licenses/by-nc-nd/2.5/,KEEP,none,False,False,False,False,False,1172893,116.7934693877551,0.0179427322000265,0.410168707370758,B,2011-08-26,08:09,2011-08-26 08:09:00,,True,True,True,2011.0,8.0,238.0,8.0,9.0,Summer,116,0.7934693877550956,Long (≥30s),Coccyzus americanus
AZ,132208,Allen's Hummingbird,Selasphorus sasin,2011-07-10,13:14:00,31.906,-109.1543,0:26,https://xeno-canto.org/132208/download,https://xeno-canto.org/132208,https://creativecommons.org/licenses/by-nc-sa/3.0/,FLAG,low_amplitude,False,True,False,False,True,424187,26.200816326530614,0.0065962173976004,0.0947198569774627,B,2011-07-10,13:14,2011-07-10 13:14:00,,True,True,True,2011.0,7.0,191.0,13.0,14.0,Summer,26,0.20081632653061376,Medium (10–30s),Selasphorus sasin
AZ,408852,American Wigeon,Mareca americana,2017-12-24,10:03:00,32.2791,-111.021,2:21,https://xeno-canto.org/408852/download,https://xeno-canto.org/408852,https://creativecommons.org/licenses/by-nc-nd/4.0/,KEEP,none,False,False,False,False,False,5677433,141.8187755102041,0.0177984368056058,0.4548698663711548,B,2017-12-24,10:03,2017-12-24 10:03:00,,True,True,True,2017.0,12.0,358.0,10.0,3.0,Winter,141,0.818775510204091,Long (≥30s),Mareca americana
AZ,75505,Anna's Hummingbird,Calypte anna,2011-04-10,18:15:00,32.2784,-110.9509,0:01,https://xeno-canto.org/75505/download,https://xeno-canto.org/75505,https://creativecommons.org/licenses/by-nc-nd/2.5/,FLAG,short_duration,True,False,False,False,True,35645,1.861995464852608,0.0770158469676971,0.367716908454895,B,2011-04-10,18:15,2011-04-10 18:15:00,,True,True,True,2011.0,4.0,100.0,18.0,15.0,Spring,1,0.861995464852608,Very short (<3s),Calypte anna
AZ,491896,Band-tailed Pigeon,Patagioenas fasciata,2019-08-01,07:47:00,31.9202,-109.2624,0:18,https://xeno-canto.org/491896/download,https://xeno-canto.org/491896,https://creativecommons.org/licenses/by-nc-sa/4.0/,KEEP,none,False,False,False,False,False,303560,18.672,0.0145529741421341,0.088009774684906,A,2019-08-01,07:47,2019-08-01 07:47:00,,True,True,True,2019.0,8.0,213.0,7.0,47.0,Summer,18,0.6720000000000006,Medium (10–30s),Patagioenas fasciata
AZ,145955,Berylline Hummingbird,Saucerottia beryllina,2013-06-03,18:14:00,31.906,-109.1543,0:16,https://xeno-canto.org/145955/download,https://xeno-canto.org/145955,https://creativecommons.org/licenses/by-nc-sa/3.0/,KEEP,none,False,False,False,False,False,269151,16.50938775510204,0.0100680952891707,0.3408598005771637,B,2013-06-03,18:14,2013-06-03 18:14:00,,True,True,True,2013.0,6.0,154.0,18.0,14.0,Summer,16,0.5093877551020398,Medium (10–30s),Saucerottia beryllina
AZ,219022,Black-chinned Hummingbird,Archilochus alexandri,2007-02-16,17:00:00,31.7287,-110.8758,0:18,https://xeno-canto.org/219022/download,https://xeno-canto.org/219022,https://creativecommons.org/licenses/by-nc-nd/4.0/,KEEP,none,False,False,False,False,False,222538,18.06771875,0.0253972448408603,0.6969017386436462,B,2007-02-16,17:00,2007-02-16 17:00:00,,True,True,True,2007.0,2.0,47.0,17.0,0.0,Winter,18,0.06771875000000094,Medium (10–30s),Archilochus alexandri
AZ,321717,Blue-throated Mountaingem,Lampornis clemenciae,2015-06-13,12:51:00,31.906,-109.1543,0:17,https://xeno-canto.org/321717/download,https://xeno-canto.org/321717,https://creativecommons.org/licenses/by-nc-sa/4.0/,KEEP,none,False,False,False,False,False,277807,17.057959183673468,0.0404327772557735,0.8109724521636963,A,2015-06-13,12:51,2015-06-13 12:51:00,,True,True,True,2015.0,6.0,164.0,12.0,51.0,Summer,17,0.05795918367346786,Medium (10–30s),Lampornis clemenciae
AZ,132684,Broad-billed Hummingbird,Cynanthus latirostris,2013-04-24,17:11:00,31.906,-109.1543,0:48,https://xeno-canto.org/132684/download,https://xeno-canto.org/132684,https://creativecommons.org/licenses/by-nc-sa/3.0/,KEEP,none,False,False,False,False,False,773655,48.03918367346939,0.0122633604332804,0.3223160803318023,B,2013-04-24,17:11,2013-04-24 17:11:00,,True,True,True,2013.0,4.0,114.0,17.0,11.0,Spring,48,0.039183673469388225,Long (≥30s),Cynanthus latirostris
AZ,132890,Broad-tailed Hummingbird,Selasphorus platycercus,2013-04-19,16:56:00,31.906,-109.1543,0:18,https://xeno-canto.org/132890/download,https://xeno-canto.org/132890,https://creativecommons.org/licenses/by-nc-sa/3.0/,KEEP,none,False,False,False,False,False,304902,18.729795918367348,0.0320604778826236,0.6542677283287048,A,2013-04-19,16:56,2013-04-19 16:56:00,,True,True,True,2013.0,4.0,109.0,16.0,56.0,Spring,18,0.7297959183673477,Medium (10–30s),Selasphorus platycercus
AZ,377681,Buff-collared Nightjar,Antrostomus ridgwayi,2017-06-27,20:30:00,33.2615,-110.9707,0:17,https://xeno-canto.org/377681/download,https://xeno-canto.org/377681,https://creativecommons.org/licenses/by-nc-sa/4.0/,FLAG,low_amplitude,False,True,False,False,True,433712,17.816575963718822,0.004541736561805,0.0224096160382032,A,2017-06-27,20:30,2017-06-27 20:30:00,,True,True,True,2017.0,6.0,178.0,20.0,30.0,Summer,17,0.8165759637188224,Medium (10–30s),Antrostomus ridgwayi
AZ,132942,Calliope Hummingbird,Selasphorus calliope,2010-09-16,08:06:00,31.932,-109.191,0:06,https://xeno-canto.org/132942/download,https://xeno-canto.org/132942,https://creativecommons.org/licenses/by-nc-sa/3.0/,FLAG,low_amplitude,False,True,False,False,True,105231,6.2693877551020405,0.0021248683333396,0.0513339862227439,B,2010-09-16,08:06,2010-09-16 08:06:00,,True,True,True,2010.0,9.0,259.0,8.0,6.0,Fall,6,0.2693877551020405,Short (3–10s),Selasphorus calliope
AZ,611978,Cinnamon Teal,Spatula cyanoptera,2020-03-22,17:12:00,31.5633,-109.716,0:18,https://xeno-canto.org/611978/download,https://xeno-canto.org/611978,https://creativecommons.org/licenses/by-nc-sa/4.0/,KEEP,none,False,False,False,False,False,306857,18.864,0.0107620898634195,0.2727171778678894,B,2020-03-22,17:12,2020-03-22 17:12:00,,True,True,True,2020.0,3.0,82.0,17.0,12.0,Spring,18,0.8640000000000008,Medium (10–30s),Spatula cyanoptera
AZ,608776,Common Nighthawk,Chordeiles minor,2020-05-26,04:45:00,33.4426,-109.4875,0:56,https://xeno-canto.org/608776/download,https://xeno-canto.org/608776,https://creativecommons.org/licenses/by-nc-sa/4.0/,FLAG,low_amplitude,False,True,False,False,True,905194,56.256,0.0091591067612171,0.2479083091020584,B,2020-05-26,04:45,2020-05-26 04:45:00,,True,True,True,2020.0,5.0,147.0,4.0,45.0,Spring,56,0.2560000000000002,Long (≥30s),Chordeiles minor
AZ,632234,Common Poorwill,Phalaenoptilus nuttallii,2020-08-31,19:09:00,31.591,-109.508,1:18,https://xeno-canto.org/632234/download,https://xeno-canto.org/632234,https://creativecommons.org/licenses/by-nc-sa/4.0/,KEEP,none,False,False,False,False,False,1254068,78.048,0.0110103311017155,0.1250311136245727,A,2020-08-31,19:09,2020-08-31 19:09:00,,True,True,True,2020.0,8.0,244.0,19.0,9.0,Summer,78,0.04800000000000182,Long (≥30s),Phalaenoptilus nuttallii
AZ,196879,Costa's Hummingbird,Calypte costae,2014-08-25,06:00:00,32.1999,-110.7666,0:09,https://xeno-canto.org/196879/download,https://xeno-canto.org/196879,https://creativecommons.org/licenses/by-nc-sa/4.0/,KEEP,none,False,False,False,False,False,149380,9.038367346938776,0.0307902041822671,0.5038765668869019,B,2014-08-25,06:00,2014-08-25 06:00:00,,True,True,True,2014.0,8.0,237.0,6.0,0.0,Summer,9,0.038367346938775526,Short (3–10s),Calypte costae
AZ,623628,Gadwall,Mareca strepera,2020-12-09,13:28:00,31.34,-109.273,0:22,https://xeno-canto.org/623628/download,https://xeno-canto.org/623628,https://creativecommons.org/licenses/by-nc-sa/4.0/,FLAG,low_amplitude,False,True,False,False,True,370493,22.848,0.0031689892057329,0.1227477565407753,B,2020-12-09,13:28,2020-12-09 13:28:00,,True,True,True,2020.0,12.0,344.0,13.0,28.0,Winter,22,0.847999999999999,Medium (10–30s),Mareca strepera
AZ,636283,Gambel's Quail,Callipepla gambelii,2019-09-18,07:34:00,31.84,-109.025,0:21,https://xeno-canto.org/636283/download,https://xeno-canto.org/636283,https://creativecommons.org/licenses/by-nc-sa/4.0/,KEEP,none,False,False,False,False,False,343018,21.12,0.0147058200091123,0.3125704526901245,A,2019-09-18,07:34,2019-09-18 07:34:00,,True,True,True,2019.0,9.0,261.0,7.0,34.0,Fall,21,0.120000000000001,Medium (10–30s),Callipepla gambelii
AZ,611001,Greater Roadrunner,Geococcyx californianus,2020-05-21,05:13:00,31.591,-109.508,10:46,https://xeno-canto.org/611001/download,https://xeno-canto.org/611001,https://creativecommons.org/licenses/by-nc-sa/4.0/,KEEP,none,False,False,False,False,False,10357589,646.992,0.0171148478984832,0.7076431512832642,B,2020-05-21,05:13,2020-05-21 05:13:00,,True,True,True,2020.0,5.0,142.0,5.0,13.0,Spring,646,0.9919999999999618,Long (≥30s),Geococcyx californianus
AZ,453887,Greater White-fronted Goose,Anser albifrons,2017-12-23,15:04:00,32.233,-109.8269,0:07,https://xeno-canto.org/453887/download,https://xeno-canto.org/453887,https://creativecommons.org/licenses/by-nc-sa/4.0/,KEEP,none,False,False,False,False,False,119634,7.176,0.0180441550910472,0.6910167932510376,B,2017-12-23,15:04,2017-12-23 15:04:00,,True,True,True,2017.0,12.0,357.0,15.0,4.0,Winter,7,0.17600000000000016,Short (3–10s),Anser albifrons
AZ,452502,Green-winged Teal,Anas carolinensis,2018-01-15,10:14:00,34.6038,-112.4335,0:36,https://xeno-canto.org/452502/download,https://xeno-canto.org/452502,https://creativecommons.org/licenses/by-nc-sa/4.0/,KEEP,none,False,False,False,False,False,593123,36.768,0.0354247838258743,0.6977882385253906,B,2018-01-15,10:14,2018-01-15 10:14:00,,True,True,True,2018.0,1.0,15.0,10.0,14.0,Winter,36,0.7680000000000007,Long (≥30s),Anas carolinensis
AZ,1035206,Lesser Nighthawk,Chordeiles acutipennis,2023-06-16,04:46:00,32.2266,-111.1472,2:38,https://xeno-canto.org/1035206/download,https://xeno-canto.org/1035206,https://creativecommons.org/licenses/by-nc-sa/4.0/,KEEP,none,False,False,False,False,False,3822107,158.832,0.0127192363142967,0.0724319219589233,A,2023-06-16,04:46,2023-06-16 04:46:00,,True,True,True,2023.0,6.0,167.0,4.0,46.0,Summer,158,0.8319999999999936,Long (≥30s),Chordeiles acutipennis
AZ,132968,Lucifer Sheartail,Calothorax lucifer,2013-04-18,17:09:00,31.906,-109.1543,0:05,https://xeno-canto.org/132968/download,https://xeno-canto.org/132968,https://creativecommons.org/licenses/by-nc-sa/3.0/,KEEP,none,False,False,False,False,False,96509,5.7208163265306125,0.0208497121930122,0.1627352386713028,B,2013-04-18,17:09,2013-04-18 17:09:00,,True,True,True,2013.0,4.0,108.0,17.0,9.0,Spring,5,0.7208163265306125,Short (3–10s),Calothorax lucifer
AZ,1101338,Mallard,Anas platyrhynchos,2026-04-19,08:05:00,33.454,-111.945,0:06,https://xeno-canto.org/1101338/download,https://xeno-canto.org/1101338,https://creativecommons.org/licenses/by-nc-sa/4.0/,FLAG,low_amplitude,False,True,False,False,True,1225672,6.948004535147392,0.0083729857578873,0.1843109130859375,B,2026-04-19,08:05,2026-04-19 08:05:00,,True,True,True,2026.0,4.0,109.0,8.0,5.0,Spring,6,0.9480045351473922,Short (3–10s),Anas platyrhynchos
AZ,621691,Mexican Duck,Anas diazi,2019-05-29,08:44:00,32.084,-109.051,1:07,https://xeno-canto.org/621691/download,https://xeno-canto.org/621691,https://creativecommons.org/licenses/by-nc-sa/4.0/,FLAG,low_amplitude,False,True,False,False,True,1078880,67.104,0.0048305578529834,0.2526292502880096,B,2019-05-29,08:44,2019-05-29 08:44:00,,True,True,True,2019.0,5.0,149.0,8.0,44.0,Spring,67,0.1039999999999992,Long (≥30s),Anas diazi
AZ,34329,Mexican Whip-poor-will,Antrostomus arizonae,2009-05-20,05:10:00,31.9328,-109.2634,0:49,https://xeno-canto.org/34329/download,https://xeno-canto.org/34329,https://creativecommons.org/licenses/by-nc-nd/2.5/,KEEP,none,False,False,False,False,False,797239,49.536,0.027104215696454,0.4589265584945678,A,2009-05-20,05:10,2009-05-20 05:10:00,,True,True,True,2009.0,5.0,140.0,5.0,10.0,Spring,49,0.5360000000000014,Long (≥30s),Antrostomus arizonae
AZ,254988,Montezuma Quail,Cyrtonyx montezumae,2013-04-21,07:05:00,31.933,-109.264,3:00,https://xeno-canto.org/254988/download,https://xeno-canto.org/254988,https://creativecommons.org/licenses/by-nc-sa/4.0/,FLAG,low_amplitude,False,True,False,False,True,2886310,180.06204081632654,0.005812307819724,0.2588974833488464,A,2013-04-21,07:05,2013-04-21 07:05:00,,True,True,True,2013.0,4.0,111.0,7.0,5.0,Spring,180,0.06204081632654379,Long (≥30s),Cyrtonyx montezumae
AZ,218539,Northern Shoveler,Spatula clypeata,2007-02-18,15:45:00,32.2306,-109.8239,1:02,https://xeno-canto.org/218539/download,https://xeno-canto.org/218539,https://creativecommons.org/licenses/by-nc-nd/4.0/,KEEP,none,False,False,False,False,False,754229,62.26446875,0.0310065560042858,0.6826306581497192,B,2007-02-18,15:45,2007-02-18 15:45:00,,True,True,True,2007.0,2.0,49.0,15.0,45.0,Winter,62,0.2644687499999989,Long (≥30s),Spatula clypeata
AZ,193255,Plain-capped Starthroat,Heliomaster constantii,2014-08-25,09:00:00,31.7244,-110.8805,0:11,https://xeno-canto.org/193255/download,https://xeno-canto.org/193255,https://creativecommons.org/licenses/by-nc-sa/4.0/,FLAG,low_amplitude,False,True,False,False,True,192182,11.702857142857145,0.0047175851650536,0.2382823377847671,A,2014-08-25,09:00,2014-08-25 09:00:00,,True,True,True,2014.0,8.0,237.0,9.0,0.0,Summer,11,0.7028571428571446,Medium (10–30s),Heliomaster constantii
AZ,941132,Ring-necked Duck,Aythya collaris,2023-11-14,07:15:00,31.34,-109.273,0:09,https://xeno-canto.org/941132/download,https://xeno-canto.org/941132,https://creativecommons.org/licenses/by-nc-sa/4.0/,FLAG,low_amplitude,False,True,False,False,True,2606446,9.0,0.0054751522839069,0.111050009727478,B,2023-11-14,07:15,2023-11-14 07:15:00,,True,True,True,2023.0,11.0,318.0,7.0,15.0,Fall,9,0.0,Short (3–10s),Aythya collaris
AZ,133346,Rivoli's Hummingbird,Eugenes fulgens,2011-06-04,07:13:00,31.906,-109.1543,0:36,https://xeno-canto.org/133346/download,https://xeno-canto.org/133346,https://creativecommons.org/licenses/by-nc-sa/3.0/,FLAG,low_amplitude,False,True,False,False,True,590907,36.62367346938776,0.0057676145806908,0.1229960620403289,A,2011-06-04,07:13,2011-06-04 07:13:00,,True,True,True,2011.0,6.0,155.0,7.0,13.0,Summer,36,0.6236734693877608,Long (≥30s),Eugenes fulgens
AZ,227104,Ruddy Duck,Oxyura jamaicensis,2007-02-18,15:30:00,32.2306,-109.8239,0:16,https://xeno-canto.org/227104/download,https://xeno-canto.org/227104,https://creativecommons.org/licenses/by-nc-nd/4.0/,FLAG,low_amplitude,False,True,False,False,True,197459,15.972,0.0092267245054245,0.3016034960746765,B,2007-02-18,15:30,2007-02-18 15:30:00,,True,True,True,2007.0,2.0,49.0,15.0,30.0,Winter,16,-0.02800000000000047,Medium (10–30s),Oxyura jamaicensis
TX,1106496,Acadian Flycatcher,Empidonax virescens,2026-04-29,10:19:00,29.8155,-99.5763,1:58,https://xeno-canto.org/1106496/download,https://xeno-canto.org/1106496,https://creativecommons.org/licenses/by-nc-sa/4.0/,KEEP,none,False,False,False,False,False,22695070,118.19977083333332,0.0220263227820396,0.6958928108215332,A,2026-04-29,10:19,2026-04-29 10:19:00,,True,True,True,2026.0,4.0,119.0,10.0,19.0,Spring,118,0.1997708333333179,Long (≥30s),Empidonax virescens
TX,109171,Acorn Woodpecker,Melanerpes formicivorus,2011-06-22,12:31:00,29.2512,-103.3098,0:17,https://xeno-canto.org/109171/download,https://xeno-canto.org/109171,https://creativecommons.org/licenses/by-nc-nd/2.5/,KEEP,none,False,False,False,False,False,290108,17.832,0.0161464437842369,0.2854591310024261,A,2011-06-22,12:31,2011-06-22 12:31:00,,True,True,True,2011.0,6.0,173.0,12.0,31.0,Summer,17,0.8320000000000007,Medium (10–30s),Melanerpes formicivorus
TX,452798,American Avocet,Recurvirostra americana,2017-12-17,10:08:00,26.1253,-97.9532,0:42,https://xeno-canto.org/452798/download,https://xeno-canto.org/452798,https://creativecommons.org/licenses/by-nc-sa/4.0/,KEEP,none,False,False,False,False,False,686050,42.576,0.0399038717150688,0.7066908478736877,B,2017-12-17,10:08,2017-12-17 10:08:00,,True,True,True,2017.0,12.0,351.0,10.0,8.0,Winter,42,0.5760000000000005,Long (≥30s),Recurvirostra americana
TX,154983,American Barn Owl,Tyto furcata,2013-11-15,00:30:00,26.5553,-98.068,0:24,https://xeno-canto.org/154983/download,https://xeno-canto.org/154983,https://creativecommons.org/licenses/by-nc-sa/3.0/,FLAG,low_amplitude,False,True,False,False,True,403596,24.920816326530613,0.0069774193689227,0.3151434957981109,A,2013-11-15,00:30,2013-11-15 00:30:00,,True,True,True,2013.0,11.0,319.0,0.0,30.0,Fall,24,0.9208163265306126,Medium (10–30s),Tyto furcata
TX,147270,American Coot,Fulica americana,2012-04-05,13:40:00,30.152,-103.2877,0:09,https://xeno-canto.org/147270/download,https://xeno-canto.org/147270,https://creativecommons.org/licenses/by-nc-sa/3.0/,FLAG,low_amplitude,False,True,False,False,True,161483,9.792,0.0045752045698463,0.0641796663403511,B,2012-04-05,13:40,2012-04-05 13:40:00,,True,True,True,2012.0,4.0,96.0,13.0,40.0,Spring,9,0.7919999999999998,Short (3–10s),Fulica americana
TX,92969,American Dusky Flycatcher,Empidonax oberholseri,2008-04-30,11:40:00,30.657,-104.151,0:14,https://xeno-canto.org/92969/download,https://xeno-canto.org/92969,https://creativecommons.org/licenses/by-nc-nd/2.5/,FLAG,low_amplitude,False,True,False,False,True,238032,14.576326530612246,0.0061417706310749,0.1666772961616516,B,2008-04-30,11:40,2008-04-30 11:40:00,,True,True,True,2008.0,4.0,121.0,11.0,40.0,Spring,14,0.5763265306122456,Medium (10–30s),Empidonax oberholseri
TX,228428,American Golden Plover,Pluvialis dominica,1998-04-10,10:00:00,35.3904,-94.4822,0:04,https://xeno-canto.org/228428/download,https://xeno-canto.org/228428,https://creativecommons.org/licenses/by-nc-nd/4.0/,KEEP,none,False,False,False,False,False,62022,4.658639455782313,0.0807170793414115,0.7099189758300781,B,1998-04-10,10:00,1998-04-10 10:00:00,,True,True,True,1998.0,4.0,100.0,10.0,0.0,Spring,4,0.6586394557823132,Short (3–10s),Pluvialis dominica
TX,92968,American Grey Flycatcher,Empidonax wrightii,2008-04-30,11:30:00,30.657,-104.151,2:52,https://xeno-canto.org/92968/download,https://xeno-canto.org/92968,https://creativecommons.org/licenses/by-nc-nd/2.5/,KEEP,none,False,False,False,False,False,2765418,172.5387755102041,0.0111101809889078,0.3233970105648041,B,2008-04-30,11:30,2008-04-30 11:30:00,,True,True,True,2008.0,4.0,121.0,11.0,30.0,Spring,172,0.5387755102040899,Long (≥30s),Empidonax wrightii
TX,452826,American Herring Gull,Larus smithsonianus,2017-12-11,15:08:00,29.3334,-94.742,0:08,https://xeno-canto.org/452826/download,https://xeno-canto.org/452826,https://creativecommons.org/licenses/by-nc-sa/4.0/,KEEP,none,False,False,False,False,False,140359,8.472,0.0732724890112876,0.7139740586280823,B,2017-12-11,15:08,2017-12-11 15:08:00,,True,True,True,2017.0,12.0,345.0,15.0,8.0,Winter,8,0.47199999999999953,Short (3–10s),Larus smithsonianus
TX,297550,American Kestrel,Falco sparverius,2015-03-26,12:30:00,29.3728,-103.4782,0:17,https://xeno-canto.org/297550/download,https://xeno-canto.org/297550,https://creativecommons.org/licenses/by-nc-sa/4.0/,KEEP,none,False,False,False,False,False,285967,17.524308390022675,0.0277623683214187,0.3502825796604156,B,2015-03-26,12:30,2015-03-26 12:30:00,,True,True,True,2015.0,3.0,85.0,12.0,30.0,Spring,17,0.524308390022675,Medium (10–30s),Falco sparverius
TX,317023,American White Ibis,Eudocimus albus,2016-05-15,07:00:00,29.7278,-93.8523,0:16,https://xeno-canto.org/317023/download,https://xeno-canto.org/317023,https://creativecommons.org/licenses/by-nc-sa/4.0/,KEEP,none,False,False,False,False,False,268711,16.464979166666666,0.0432240441441535,0.7314532995223999,B,2016-05-15,07:00,2016-05-15 07:00:00,,True,True,True,2016.0,5.0,136.0,7.0,0.0,Spring,16,0.46497916666666583,Medium (10–30s),Eudocimus albus
TX,216516,American Woodcock,Scolopax minor,2014-02-02,06:48:00,32.7203,-93.5284,0:04,https://xeno-canto.org/216516/download,https://xeno-canto.org/216516,https://creativecommons.org/licenses/by-nc-sa/4.0/,KEEP,none,False,False,False,False,False,202311,4.863786848072563,0.1819393336772918,0.8031227588653564,B,2014-02-02,06:48,2014-02-02 06:48:00,,True,True,True,2014.0,2.0,33.0,6.0,48.0,Winter,4,0.8637868480725626,Short (3–10s),Scolopax minor
TX,132678,Ash-throated Flycatcher,Myiarchus cinerascens,1997-04-13,07:00:00,29.375,-99.9828,1:41,https://xeno-canto.org/132678/download,https://xeno-canto.org/132678,https://creativecommons.org/licenses/by-nc-sa/3.0/,KEEP,none,False,False,False,False,False,1622796,101.12,0.0287111569195985,0.7165650129318237,B,1997-04-13,07:00,1997-04-13 07:00:00,,True,True,True,1997.0,4.0,103.0,7.0,0.0,Spring,101,0.12000000000000455,Long (≥30s),Myiarchus cinerascens
TX,750809,Barred Owl,Strix varia,2022-09-25,08:00:00,33.6269,-98.3183,0:55,https://xeno-canto.org/750809/download,https://xeno-canto.org/750809,https://creativecommons.org/licenses/by-nc-sa/4.0/,FLAG,low_amplitude,False,True,False,False,True,2242486,55.873333333333335,0.0063166725449264,0.0769765898585319,B,2022-09-25,08:00,2022-09-25 08:00:00,,True,True,True,2022.0,9.0,268.0,8.0,0.0,Fall,55,0.8733333333333348,Long (≥30s),Strix varia
TX,288791,Belted Kingfisher,Megaceryle alcyon,2015-11-02,07:30:00,31.128,-99.3849,0:00,https://xeno-canto.org/288791/download,https://xeno-canto.org/288791,https://creativecommons.org/licenses/by-nc-sa/4.0/,FLAG,short_duration,True,False,False,False,True,36929,0.744,0.0298816487193107,0.151870921254158,B,2015-11-02,07:30,2015-11-02 07:30:00,,True,True,True,2015.0,11.0,306.0,7.0,30.0,Fall,0,0.744,Very short (<3s),Megaceryle alcyon
TX,543757,Black Phoebe,Sayornis nigricans,2020-04-04,12:00:00,35.2517,-106.5932,0:54,https://xeno-canto.org/543757/download,https://xeno-canto.org/543757,https://creativecommons.org/licenses/by-nc-sa/4.0/,FLAG,low_amplitude,False,True,False,False,True,1737362,54.05866666666667,0.0055031925439834,0.2569843530654907,B,2020-04-04,12:00,2020-04-04 12:00:00,,True,True,True,2020.0,4.0,95.0,12.0,0.0,Spring,54,0.05866666666666731,Long (≥30s),Sayornis nigricans
TX,565888,Black Rail,Laterallus jamaicensis,2020-06-06,15:00:00,29.0548,-95.2277,0:56,https://xeno-canto.org/565888/download,https://xeno-canto.org/565888,https://creativecommons.org/licenses/by-nc-sa/4.0/,KEEP,none,False,False,False,False,False,2246202,55.960090702947845,0.0515796840190887,0.8999384641647339,A,2020-06-06,15:00,2020-06-06 15:00:00,,True,True,True,2020.0,6.0,158.0,15.0,0.0,Summer,56,-0.03990929705215507,Long (≥30s),Laterallus jamaicensis
TX,229133,Black Skimmer,Rynchops niger,1999-04-08,07:00:00,29.2778,-94.8127,0:13,https://xeno-canto.org/229133/download,https://xeno-canto.org/229133,https://creativecommons.org/licenses/by-nc-nd/4.0/,KEEP,none,False,False,False,False,False,162151,13.05034013605442,0.0822205021977424,0.6810378432273865,A,1999-04-08,07:00,1999-04-08 07:00:00,,True,True,True,1999.0,4.0,98.0,7.0,0.0,Spring,13,0.05034013605441956,Medium (10–30s),Rynchops niger
TX,705782,Black-bellied Whistling Duck,Dendrocygna autumnalis,2022-02-23,14:31:00,26.1271,-97.9581,0:29,https://xeno-canto.org/705782/download,https://xeno-canto.org/705782,https://creativecommons.org/licenses/by-nc-sa/4.0/,KEEP,none,False,False,False,False,False,1184582,29.4218820861678,0.0407714545726776,0.4364127814769745,A,2022-02-23,14:31,2022-02-23 14:31:00,,True,True,True,2022.0,2.0,54.0,14.0,31.0,Winter,29,0.4218820861677983,Medium (10–30s),Dendrocygna autumnalis
TX,297543,Black-chinned Hummingbird,Archilochus alexandri,2015-03-26,12:00:00,29.3728,-103.4782,0:17,https://xeno-canto.org/297543/download,https://xeno-canto.org/297543,https://creativecommons.org/licenses/by-nc-sa/4.0/,KEEP,none,False,False,False,False,False,286818,17.577551020408162,0.0141457440331578,0.2151176929473877,B,2015-03-26,12:00,2015-03-26 12:00:00,,True,True,True,2015.0,3.0,85.0,12.0,0.0,Spring,17,0.577551020408162,Medium (10–30s),Archilochus alexandri
TX,452831,Black-crowned Night Heron,Nycticorax nycticorax,2017-12-13,14:06:00,26.1375,-97.1743,0:12,https://xeno-canto.org/452831/download,https://xeno-canto.org/452831,https://creativecommons.org/licenses/by-nc-sa/4.0/,KEEP,none,False,False,False,False,False,205697,12.552,0.0242709275335073,0.701155960559845,B,2017-12-13,14:06,2017-12-13 14:06:00,,True,True,True,2017.0,12.0,347.0,14.0,6.0,Winter,12,0.5519999999999996,Medium (10–30s),Nycticorax nycticorax
TX,862339,Black-necked Stilt,Himantopus mexicanus,2024-01-02,17:05:00,25.8199,-100.1585,0:01,https://xeno-canto.org/862339/download,https://xeno-canto.org/862339,https://creativecommons.org/licenses/by-nc-sa/4.0/,FLAG,short_duration,True,False,False,False,True,32367,1.056,0.0107253128662705,0.0729405879974365,B,2024-01-02,17:05,2024-01-02 17:05:00,,True,True,True,2024.0,1.0,2.0,17.0,5.0,Winter,1,0.05600000000000005,Very short (<3s),Himantopus mexicanus
TX,218546,Blue-winged Teal,Spatula discors,1999-04-01,07:00:00,35.442,-94.9943,0:19,https://xeno-canto.org/218546/download,https://xeno-canto.org/218546,https://creativecommons.org/licenses/by-nc-nd/4.0/,KEEP,none,False,False,False,False,False,239255,19.4768253968254,0.0443443357944488,0.4717092216014862,B,1999-04-01,07:00,1999-04-01 07:00:00,,True,True,True,1999.0,4.0,91.0,7.0,0.0,Spring,19,0.4768253968254008,Medium (10–30s),Spatula discors
TX,495180,Broad-tailed Hummingbird,Selasphorus platycercus,2019-08-22,08:36:00,35.7426,-105.6763,1:13,https://xeno-canto.org/495180/download,https://xeno-canto.org/495180,https://creativecommons.org/licenses/by-nc-sa/4.0/,KEEP,none,False,False,False,False,False,2939585,73.30391666666667,0.0190138146281242,0.5588054060935974,B,2019-08-22,08:36,2019-08-22 08:36:00,,True,True,True,2019.0,8.0,234.0,8.0,36.0,Summer,73,0.30391666666666595,Long (≥30s),Selasphorus platycercus
TX,57994,Broad-winged Hawk,Buteo platypterus,2010-07-15,14:00:00,32.981,-94.76,2:08,https://xeno-canto.org/57994/download,https://xeno-canto.org/57994,https://creativecommons.org/licenses/by-nc-nd/2.5/,KEEP,none,False,False,False,False,False,784132,128.92716666666666,0.0195507165044546,0.6065190434455872,B,2010-07-15,14:00,2010-07-15 14:00:00,,True,True,True,2010.0,7.0,196.0,14.0,0.0,Summer,128,0.9271666666666647,Long (≥30s),Buteo platypterus
TX,247711,Brown-crested Flycatcher,Myiarchus tyrannulus,2015-06-02,07:30:00,30.1468,-97.6244,0:44,https://xeno-canto.org/247711/download,https://xeno-canto.org/247711,https://creativecommons.org/licenses/by-nc-sa/4.0/,KEEP,none,False,False,False,False,False,436869,44.706643990929706,0.0100133651867508,0.1559065580368042,B,2015-06-02,07:30,2015-06-02 07:30:00,,True,True,True,2015.0,6.0,153.0,7.0,30.0,Summer,44,0.706643990929706,Long (≥30s),Myiarchus tyrannulus
TX,130831,Buff-bellied Hummingbird,Amazilia yucatanensis,2013-04-18,07:00:00,25.8501,-97.4169,0:16,https://xeno-canto.org/130831/download,https://xeno-canto.org/130831,https://creativecommons.org/licenses/by-nc-sa/3.0/,KEEP,none,False,False,False,False,False,413988,16.896,0.03639892116189,0.7984772324562073,A,2013-04-18,07:00,2013-04-18 07:00:00,,True,True,True,2013.0,4.0,108.0,7.0,0.0,Spring,16,0.8960000000000008,Medium (10–30s),Amazilia yucatanensis
TX,92956,Buff-breasted Flycatcher,Empidonax fulvifrons,2008-04-30,09:35:00,30.657,-104.151,0:54,https://xeno-canto.org/92956/download,https://xeno-canto.org/92956,https://creativecommons.org/licenses/by-nc-nd/2.5/,FLAG,clipping,False,False,True,False,True,871246,54.15183673469388,0.0168538112193346,1.0004068613052368,B,2008-04-30,09:35,2008-04-30 09:35:00,,True,True,True,2008.0,4.0,121.0,9.0,35.0,Spring,54,0.15183673469388026,Long (≥30s),Empidonax fulvifrons
TX,731959,Burrowing Owl,Athene cunicularia,2022-06-11,07:00:00,33.9803,-98.9102,0:30,https://xeno-canto.org/731959/download,https://xeno-canto.org/731959,https://creativecommons.org/licenses/by-nc-sa/4.0/,FLAG,low_amplitude,False,True,False,False,True,1213405,30.163916666666665,0.001408138195984,0.0264782812446355,B,2022-06-11,07:00,2022-06-11 07:00:00,,True,True,True,2022.0,6.0,162.0,7.0,0.0,Summer,30,0.16391666666666538,Long (≥30s),Athene cunicularia
TX,179040,Cabot's Tern,Thalasseus acuflavidus,2014-04-22,09:00:00,29.7589,-93.5804,1:18,https://xeno-canto.org/179040/download,https://xeno-canto.org/179040,https://creativecommons.org/licenses/by-nc-sa/4.0/,KEEP,none,False,False,False,False,False,1267102,78.88979591836734,0.0239696819335222,0.438025027513504,B,2014-04-22,09:00,2014-04-22 09:00:00,,True,True,True,2014.0,4.0,112.0,9.0,0.0,Spring,78,0.8897959183673407,Long (≥30s),Thalasseus acuflavidus
TX,452954,Caspian Tern,Hydroprogne caspia,2017-12-14,16:15:00,26.1375,-97.1743,0:12,https://xeno-canto.org/452954/download,https://xeno-canto.org/452954,https://creativecommons.org/licenses/by-nc-sa/4.0/,KEEP,none,False,False,False,False,False,197626,12.048,0.0360310189425945,0.706341564655304,B,2017-12-14,16:15,2017-12-14 16:15:00,,True,True,True,2017.0,12.0,348.0,16.0,15.0,Winter,12,0.04800000000000004,Medium (10–30s),Hydroprogne caspia
TX,34088,Cassin's Kingbird,Tyrannus vociferans,2009-05-10,10:30:00,31.912536,-104.878922,0:29,https://xeno-canto.org/34088/download,https://xeno-canto.org/34088,https://creativecommons.org/licenses/by-nc-nd/2.5/,KEEP,none,False,False,False,False,False,480499,29.736,0.0385905876755714,0.7075484991073608,A,2009-05-10,10:30,2009-05-10 10:30:00,,True,True,True,2009.0,5.0,130.0,10.0,30.0,Spring,29,0.7360000000000007,Medium (10–30s),Tyrannus vociferans
TX,392829,Chilean Elaenia,Elaenia chilensis,2008-02-10,15:30:00,26.0988,-97.1678,0:45,https://xeno-canto.org/392829/download,https://xeno-canto.org/392829,https://creativecommons.org/licenses/by-nc-sa/4.0/,KEEP,none,False,False,False,False,False,729126,45.24408163265306,0.0361664146184921,0.4348998963832855,B,2008-02-10,15:30,2008-02-10 15:30:00,,True,True,True,2008.0,2.0,41.0,15.0,30.0,Winter,45,0.2440816326530566,Long (≥30s),Elaenia chilensis
TX,278460,Chimney Swift,Chaetura pelagica,2015-05-15,07:33:00,27.3178,-97.6797,0:06,https://xeno-canto.org/278460/download,https://xeno-canto.org/278460,https://creativecommons.org/licenses/by-nc-sa/4.0/,FLAG,low_amplitude,False,True,False,False,True,114703,6.864,0.0038460420910269,0.122446209192276,B,2015-05-15,07:33,2015-05-15 07:33:00,,True,True,True,2015.0,5.0,135.0,7.0,33.0,Spring,6,0.8639999999999999,Short (3–10s),Chaetura pelagica
TX,34952,Chuck-will's-widow,Antrostomus carolinensis,2009-05-29,21:30:00,29.7417,-100.3948,0:58,https://xeno-canto.org/34952/download,https://xeno-canto.org/34952,https://creativecommons.org/licenses/by-nc-nd/2.5/,KEEP,none,False,False,False,False,False,946220,58.848,0.0612985454499721,0.7794572114944458,A,2009-05-29,21:30,2009-05-29 21:30:00,,True,True,True,2009.0,5.0,149.0,21.0,30.0,Spring,58,0.847999999999999,Long (≥30s),Antrostomus carolinensis
TX,233760,Chukar Partridge,Alectoris chukar,2015-03-31,19:00:00,35.8839,-106.3035,0:13,https://xeno-canto.org/233760/download,https://xeno-canto.org/233760,https://creativecommons.org/licenses/by-nc-sa/4.0/,KEEP,none,False,False,False,False,False,331301,13.296,0.0321276634931564,0.3390863537788391,A,2015-03-31,19:00,2015-03-31 19:00:00,,True,True,True,2015.0,3.0,90.0,19.0,0.0,Spring,13,0.2959999999999994,Medium (10–30s),Alectoris chukar
TX,77519,Clapper Rail,Rallus crepitans,2011-05-05,18:30:00,29.767,-93.88,0:34,https://xeno-canto.org/77519/download,https://xeno-canto.org/77519,https://creativecommons.org/licenses/by-nc-nd/2.5/,KEEP,none,False,False,False,False,False,549375,34.037551020408166,0.0288177039474248,0.6642608046531677,B,2011-05-05,18:30,2011-05-05 18:30:00,,True,True,True,2011.0,5.0,125.0,18.0,30.0,Spring,34,0.03755102040816638,Long (≥30s),Rallus crepitans
TX,123297,Clark's Grebe,Aechmophorus clarkii,2011-08-02,12:15:00,30.9708,-103.7245,0:08,https://xeno-canto.org/123297/download,https://xeno-canto.org/123297,https://creativecommons.org/licenses/by-nc-sa/3.0/,KEEP,none,False,False,False,False,False,140076,8.334,0.0327798090875148,0.7023134827613831,B,2011-08-02,12:15,2011-08-02 12:15:00,,True,True,True,2011.0,8.0,214.0,12.0,15.0,Summer,8,0.33399999999999963,Short (3–10s),Aechmophorus clarkii
TX,147312,Common Black Hawk,Buteogallus anthracinus,2012-04-04,10:48:00,30.6057,-103.8965,0:07,https://xeno-canto.org/147312/download,https://xeno-canto.org/147312,https://creativecommons.org/licenses/by-nc-sa/3.0/,FLAG,low_amplitude,False,True,False,False,True,122365,7.344,0.0081761833280324,0.0957488492131233,B,2012-04-04,10:48,2012-04-04 10:48:00,,True,True,True,2012.0,4.0,95.0,10.0,48.0,Spring,7,0.3440000000000003,Short (3–10s),Buteogallus anthracinus
TX,452962,Common Gallinule,Gallinula galeata,2017-12-13,13:20:00,26.1375,-97.1743,0:27,https://xeno-canto.org/452962/download,https://xeno-canto.org/452962,https://creativecommons.org/licenses/by-nc-sa/4.0/,KEEP,none,False,False,False,False,False,437591,27.048,0.0349582135677337,0.7677046060562134,A,2017-12-13,13:20,2017-12-13 13:20:00,,True,True,True,2017.0,12.0,347.0,13.0,20.0,Winter,27,0.047999999999998266,Medium (10–30s),Gallinula galeata
TX,141468,Common Ground Dove,Columbina passerina,2013-06-28,14:00:00,30.0801,-99.5027,0:15,https://xeno-canto.org/141468/download,https://xeno-canto.org/141468,https://creativecommons.org/licenses/by-nc-sa/3.0/,KEEP,none,False,False,False,False,False,258077,15.830204081632653,0.0175066255033016,0.2943485975265503,B,2013-06-28,14:00,2013-06-28 14:00:00,,True,True,True,2013.0,6.0,179.0,14.0,0.0,Summer,15,0.8302040816326528,Medium (10–30s),Columbina passerina
TX,416763,Common Nighthawk,Chordeiles minor,2018-05-23,12:45:37,29.5698,-94.5341,1:05,https://xeno-canto.org/416763/download,https://xeno-canto.org/416763,https://creativecommons.org/licenses/by-nc-sa/4.0/,KEEP,none,False,False,False,False,False,1053187,65.51510204081633,0.0566366165876388,0.9331979751586914,A,2018-05-23,12:45:37,2018-05-23 12:45:37,,True,True,True,2018.0,5.0,143.0,12.0,45.0,Spring,65,0.5151020408163305,Long (≥30s),Chordeiles minor
TX,845953,Common Ostrich,Struthio camelus,2020-07-01,15:30:00,31.7063,-97.5129,0:00,https://xeno-canto.org/845953/download,https://xeno-canto.org/845953,https://creativecommons.org/licenses/by-nc-sa/4.0/,FLAG,short_duration,True,False,False,False,True,74316,0.8420861678004535,0.232941061258316,0.89129638671875,B,2020-07-01,15:30,2020-07-01 15:30:00,,True,True,True,2020.0,7.0,183.0,15.0,30.0,Summer,0,0.8420861678004535,Very short (<3s),Struthio camelus
TX,656787,Common Poorwill,Phalaenoptilus nuttallii,2021-06-10,05:30:00,25.8642,-100.161,0:02,https://xeno-canto.org/656787/download,https://xeno-canto.org/656787,https://creativecommons.org/licenses/by-nc-sa/4.0/,FLAG,short_duration;low_amplitude,True,True,False,False,True,57800,2.112,0.0027312533929944,0.0506213866174221,A,2021-06-10,05:30,2021-06-10 05:30:00,,True,True,True,2021.0,6.0,161.0,5.0,30.0,Summer,2,0.1120000000000001,Very short (<3s),Phalaenoptilus nuttallii
TX,123582,Cooper's Hawk,Accipiter cooperii,2013-03-02,09:45:00,30.3408,-97.8942,0:20,https://xeno-canto.org/123582/download,https://xeno-canto.org/123582,https://creativecommons.org/licenses/by-nc-sa/3.0/,KEEP,none,False,False,False,False,False,340139,20.483625,0.0152787184342741,0.8738348484039307,B,2013-03-02,09:45,2013-03-02 09:45:00,,True,True,True,2013.0,3.0,61.0,9.0,45.0,Spring,20,0.48362499999999997,Medium (10–30s),Accipiter cooperii
TX,860393,Cordilleran Flycatcher,Empidonax occidentalis,2023-05-11,10:46:00,29.2522,-103.3003,0:13,https://xeno-canto.org/860393/download,https://xeno-canto.org/860393,https://creativecommons.org/licenses/by-nc-sa/4.0/,KEEP,none,False,False,False,False,False,215864,13.131950113378684,0.0832786709070205,0.959693193435669,A,2023-05-11,10:46,2023-05-11 10:46:00,,True,True,True,2023.0,5.0,131.0,10.0,46.0,Spring,13,0.131950113378684,Medium (10–30s),Empidonax occidentalis
TX,318524,Couch's Kingbird,Tyrannus couchii,2015-05-13,06:56:00,26.1762,-98.3862,1:55,https://xeno-canto.org/318524/download,https://xeno-canto.org/318524,https://creativecommons.org/licenses/by-nc-sa/4.0/,KEEP,none,False,False,False,False,False,1853438,115.536,0.0333217307925224,0.7443395256996155,A,2015-05-13,06:56,2015-05-13 06:56:00,,True,True,True,2015.0,5.0,133.0,6.0,56.0,Spring,115,0.5360000000000014,Long (≥30s),Tyrannus couchii
TX,56210,Downy Woodpecker,Dryobates pubescens,2010-06-17,17:20:00,29.649,-95.014,0:37,https://xeno-canto.org/56210/download,https://xeno-canto.org/56210,https://creativecommons.org/licenses/by-nc-nd/2.5/,FLAG,clipping,False,False,True,False,True,1206746,37.477006802721085,0.1586711257696151,1.00030255317688,B,2010-06-17,17:20 CDT,2010-06-17 17:20:00,CDT,True,True,True,2010.0,6.0,168.0,17.0,20.0,Summer,37,0.4770068027210854,Long (≥30s),Dryobates pubescens
TX,705767,Dunlin,Calidris alpina,2022-02-24,09:07:00,25.992,-97.1822,0:24,https://xeno-canto.org/705767/download,https://xeno-canto.org/705767,https://creativecommons.org/licenses/by-nc-sa/4.0/,KEEP,none,False,False,False,False,False,992265,24.629115646258505,0.0505985356867313,0.3960119485855102,B,2022-02-24,9:07,2022-02-24 09:07:00,,True,True,True,2022.0,2.0,55.0,9.0,7.0,Winter,24,0.629115646258505,Medium (10–30s),Calidris alpina
TX,200277,Dusky-capped Flycatcher,Myiarchus tuberculifer,2014-10-28,11:36:00,30.3245,-98.2553,0:35,https://xeno-canto.org/200277/download,https://xeno-canto.org/200277,https://creativecommons.org/licenses/by-nc-sa/4.0/,KEEP,none,False,False,False,False,False,576348,35.61909297052154,0.0161538254469633,0.3442975282669067,B,2014-10-28,11:36,2014-10-28 11:36:00,,True,True,True,2014.0,10.0,301.0,11.0,36.0,Fall,35,0.6190929705215424,Long (≥30s),Myiarchus tuberculifer
TX,231963,Eastern Kingbird,Tyrannus tyrannus,1999-04-08,07:00:00,29.7757,-94.6762,0:12,https://xeno-canto.org/231963/download,https://xeno-canto.org/231963,https://creativecommons.org/licenses/by-nc-nd/4.0/,KEEP,none,False,False,False,False,False,157767,12.678321995464852,0.0238740462809801,0.4745617806911468,B,1999-04-08,07:00,1999-04-08 07:00:00,,True,True,True,1999.0,4.0,98.0,7.0,0.0,Spring,12,0.6783219954648523,Medium (10–30s),Tyrannus tyrannus
TX,452611,Eastern Phoebe,Sayornis phoebe,2018-02-18,08:45:00,29.6689,-96.2668,1:00,https://xeno-canto.org/452611/download,https://xeno-canto.org/452611,https://creativecommons.org/licenses/by-nc-sa/4.0/,KEEP,none,False,False,False,False,False,975159,60.648,0.0235257688909769,0.6959341168403625,B,2018-02-18,08:45,2018-02-18 08:45:00,,True,True,True,2018.0,2.0,49.0,8.0,45.0,Winter,60,0.6480000000000032,Long (≥30s),Sayornis phoebe
TX,820865,Eastern Screech Owl,Megascops asio,2023-08-05,21:00:00,34.708,-98.7065,2:47,https://xeno-canto.org/820865/download,https://xeno-canto.org/820865,https://creativecommons.org/licenses/by-nc-sa/4.0/,FLAG,low_amplitude,False,True,False,False,True,6705464,167.45991666666666,0.0033609415404498,0.0350817441940307,A,2023-08-05,21:00,2023-08-05 21:00:00,,True,True,True,2023.0,8.0,217.0,21.0,0.0,Summer,167,0.45991666666665765,Long (≥30s),Megascops asio
TX,994154,Eastern Whip-poor-will,Antrostomus vociferus,2025-05-02,20:51:00,36.4775,-94.1965,0:27,https://xeno-canto.org/994154/download,https://xeno-canto.org/994154,https://creativecommons.org/licenses/by-nc-sa/4.0/,FLAG,low_amplitude,False,True,False,False,True,337851,27.744,0.0047552771866321,0.2757548391819,B,2025-05-02,20:51,2025-05-02 20:51:00,,True,True,True,2025.0,5.0,122.0,20.0,51.0,Spring,27,0.7439999999999998,Medium (10–30s),Antrostomus vociferus
TX,428179,Eastern Wood Pewee,Contopus virens,2018-07-20,16:16:00,31.4784,-94.5994,0:37,https://xeno-canto.org/428179/download,https://xeno-canto.org/428179,https://creativecommons.org/licenses/by-nc-sa/4.0/,KEEP,none,False,False,False,False,False,1209435,37.64244897959183,0.0358493141829967,0.3182387948036194,B,2018-07-20,16:16,2018-07-20 16:16:00,,True,True,True,2018.0,7.0,201.0,16.0,16.0,Summer,37,0.6424489795918333,Long (≥30s),Contopus virens
TX,917376,Elf Owl,Micrathene whitneyi,2024-06-26,21:28:00,25.893,-100.0854,0:31,https://xeno-canto.org/917376/download,https://xeno-canto.org/917376,https://creativecommons.org/licenses/by-nc-sa/4.0/,FLAG,low_amplitude,False,True,False,False,True,3046446,31.733,0.007117026951164,0.10589599609375,B,2024-06-26,21:28,2024-06-26 21:28:00,,True,True,True,2024.0,6.0,178.0,21.0,28.0,Summer,31,0.7330000000000005,Long (≥30s),Micrathene whitneyi
TX,154976,Ferruginous Pygmy Owl,Glaucidium brasilianum,2013-11-14,23:30:00,26.5553,-98.068,0:27,https://xeno-canto.org/154976/download,https://xeno-canto.org/154976,https://creativecommons.org/licenses/by-nc-sa/3.0/,FLAG,low_amplitude,False,True,False,False,True,452553,27.97714285714286,0.0062641482800245,0.2365730702877044,B,2013-11-14,23:30,2013-11-14 23:30:00,,True,True,True,2013.0,11.0,318.0,23.0,30.0,Fall,27,0.9771428571428586,Medium (10–30s),Glaucidium brasilianum
TX,230023,Forster's Tern,Sterna forsteri,1999-04-08,07:00:00,29.7757,-94.6762,0:08,https://xeno-canto.org/230023/download,https://xeno-canto.org/230023,https://creativecommons.org/licenses/by-nc-nd/4.0/,KEEP,none,False,False,False,False,False,108545,8.592176870748299,0.0336548686027526,0.3904358744621277,B,1999-04-08,07:00,1999-04-08 07:00:00,,True,True,True,1999.0,4.0,98.0,7.0,0.0,Spring,8,0.5921768707482986,Short (3–10s),Sterna forsteri
TX,222338,Fulvous Whistling Duck,Dendrocygna bicolor,1999-04-08,07:00:00,29.7757,-94.6762,0:06,https://xeno-canto.org/222338/download,https://xeno-canto.org/222338,https://creativecommons.org/licenses/by-nc-nd/4.0/,KEEP,none,False,False,False,False,False,82496,6.33172335600907,0.0351729951798915,0.524639368057251,B,1999-04-08,07:00,1999-04-08 07:00:00,,True,True,True,1999.0,4.0,98.0,7.0,0.0,Spring,6,0.33172335600907044,Short (3–10s),Dendrocygna bicolor
TX,452706,Gadwall,Mareca strepera,2017-12-17,15:35:00,26.0737,-98.1442,0:14,https://xeno-canto.org/452706/download,https://xeno-canto.org/452706,https://creativecommons.org/licenses/by-nc-sa/4.0/,KEEP,none,False,False,False,False,False,242876,14.88,0.0148039450868964,0.4770709872245788,B,2017-12-17,15:35,2017-12-17 15:35:00,,True,True,True,2017.0,12.0,351.0,15.0,35.0,Winter,14,0.8800000000000008,Medium (10–30s),Mareca strepera
TX,305373,Golden-fronted Woodpecker,Melanerpes aurifrons,2015-05-14,11:37:00,26.1253,-97.9532,0:11,https://xeno-canto.org/305373/download,https://xeno-canto.org/305373,https://creativecommons.org/licenses/by-nc-sa/4.0/,KEEP,none,False,False,False,False,False,181533,11.04,0.0473659299314022,0.6967724561691284,B,2015-05-14,11:37,2015-05-14 11:37:00,,True,True,True,2015.0,5.0,134.0,11.0,37.0,Spring,11,0.03999999999999915,Medium (10–30s),Melanerpes aurifrons
TX,130846,Great Blue Heron,Ardea herodias,2013-04-17,10:10:00,26.3928,-97.3251,0:44,https://xeno-canto.org/130846/download,https://xeno-canto.org/130846,https://creativecommons.org/licenses/by-nc-sa/3.0/,KEEP,none,False,False,False,False,False,1084498,44.832,0.0334945581853389,0.528009295463562,A,2013-04-17,10:10,2013-04-17 10:10:00,,True,True,True,2013.0,4.0,107.0,10.0,10.0,Spring,44,0.8320000000000007,Long (≥30s),Ardea herodias
TX,614743,Great Crested Flycatcher,Myiarchus crinitus,2020-06-20,19:30:00,33.3773,-99.844,0:40,https://xeno-canto.org/614743/download,https://xeno-canto.org/614743,https://creativecommons.org/licenses/by-nc-sa/4.0/,FLAG,clipping,False,False,True,False,True,516098,40.893875,0.1291848421096801,1.389012098312378,B,2020-06-20,19:30,2020-06-20 19:30:00,,True,True,True,2020.0,6.0,172.0,19.0,30.0,Summer,40,0.8938750000000013,Long (≥30s),Myiarchus crinitus
TX,452998,Great Egret,Ardea alba,2017-12-19,10:27:00,26.5878,-99.1487,0:16,https://xeno-canto.org/452998/download,https://xeno-canto.org/452998,https://creativecommons.org/licenses/by-nc-sa/4.0/,KEEP,none,False,False,False,False,False,263988,16.2,0.062986321747303,0.6838298439979553,B,2017-12-19,10:27,2017-12-19 10:27:00,,True,True,True,2017.0,12.0,353.0,10.0,27.0,Winter,16,0.1999999999999993,Medium (10–30s),Ardea alba
TX,448002,Great Horned Owl,Bubo virginianus,2018-12-29,19:13:00,35.0701,-106.6146,2:37,https://xeno-canto.org/448002/download,https://xeno-canto.org/448002,https://creativecommons.org/licenses/by-nc-sa/4.0/,KEEP,none,False,False,False,False,False,2526789,157.62285714285716,0.0111361918970942,0.2355048358440399,B,2018-12-29,19:13,2018-12-29 19:13:00,,True,True,True,2018.0,12.0,363.0,19.0,13.0,Winter,157,0.622857142857157,Long (≥30s),Bubo virginianus
TX,900944,Great Kiskadee,Pitangus sulphuratus,2024-04-23,06:23:00,25.9298,-97.4131,0:06,https://xeno-canto.org/900944/download,https://xeno-canto.org/900944,https://creativecommons.org/licenses/by-nc-sa/4.0/,KEEP,none,False,False,False,False,False,250399,6.0871875,0.0114558022469282,0.1450515985488891,A,2024-04-23,06:23,2024-04-23 06:23:00,,True,True,True,2024.0,4.0,114.0,6.0,23.0,Spring,6,0.08718749999999975,Short (3–10s),Pitangus sulphuratus
TX,534824,Greater Roadrunner,Geococcyx californianus,2020-03-14,11:00:00,30.2731,-97.8257,0:57,https://xeno-canto.org/534824/download,https://xeno-canto.org/534824,https://creativecommons.org/licenses/by-nc-sa/4.0/,KEEP,none,False,False,False,False,False,923647,57.432,0.0141668580472469,0.1160639077425003,B,2020-03-14,11:00,2020-03-14 11:00:00,,True,True,True,2020.0,3.0,74.0,11.0,0.0,Spring,57,0.43200000000000216,Long (≥30s),Geococcyx californianus
TX,453004,Greater Yellowlegs,Tringa melanoleuca,2017-12-19,10:38:00,26.5878,-99.1487,0:08,https://xeno-canto.org/453004/download,https://xeno-canto.org/453004,https://creativecommons.org/licenses/by-nc-sa/4.0/,KEEP,none,False,False,False,False,False,138055,8.328,0.0528045743703842,0.7074553370475769,A,2017-12-19,10:38,2017-12-19 10:38:00,,True,True,True,2017.0,12.0,353.0,10.0,38.0,Winter,8,0.3279999999999994,Short (3–10s),Tringa melanoleuca
TX,219976,Green Heron,Butorides virescens,1998-04-10,07:00:00,35.442,-94.9943,0:06,https://xeno-canto.org/219976/download,https://xeno-canto.org/219976,https://creativecommons.org/licenses/by-nc-nd/4.0/,KEEP,none,False,False,False,False,False,78382,5.961814058956916,0.0529846474528312,0.3816289901733398,B,1998-04-10,07:00,1998-04-10 07:00:00,,True,True,True,1998.0,4.0,100.0,7.0,0.0,Spring,6,-0.038185941043083815,Short (3–10s),Butorides virescens
TX,70990,Green Kingfisher,Chloroceryle americana,,,29.8242,-99.5845,0:11,https://xeno-canto.org/70990/download,https://xeno-canto.org/70990,https://creativecommons.org/licenses/by-nc-nd/2.5/,KEEP,none,False,False,False,False,False,189939,11.572244897959184,0.0247178189456462,0.357568085193634,B,2010-04-00,?,,,False,False,False,,,,,,,11,0.5722448979591839,Medium (10–30s),Chloroceryle americana
TX,277744,Green Parakeet,Psittacara holochlorus,2015-05-14,08:56:00,26.1475,-97.9889,3:36,https://xeno-canto.org/277744/download,https://xeno-canto.org/277744,https://creativecommons.org/licenses/by-nc-sa/4.0/,KEEP,none,False,False,False,False,False,3463652,216.168,0.019276363775134,0.7014344930648804,B,2015-05-14,08:56,2015-05-14 08:56:00,,True,True,True,2015.0,5.0,134.0,8.0,56.0,Spring,216,0.16800000000000637,Long (≥30s),Psittacara holochlorus
TX,218542,Green-winged Teal,Anas carolinensis,1998-02-20,07:00:00,35.442,-94.9943,0:14,https://xeno-canto.org/218542/download,https://xeno-canto.org/218542,https://creativecommons.org/licenses/by-nc-nd/4.0/,KEEP,none,False,False,False,False,False,184904,14.820702947845804,0.0469302162528038,0.7477917075157166,B,1998-02-20,07:00,1998-02-20 07:00:00,,True,True,True,1998.0,2.0,51.0,7.0,0.0,Winter,14,0.8207029478458043,Medium (10–30s),Anas carolinensis
TX,576684,Grey Hawk,Buteo plagiatus,2018-11-17,12:20:00,26.183835,-98.378778,0:20,https://xeno-canto.org/576684/download,https://xeno-canto.org/576684,https://creativecommons.org/licenses/by-nc-sa/4.0/,KEEP,none,False,False,False,False,False,551704,20.85859410430839,0.0324758067727088,0.5432757139205933,A,2018-11-17,12:20,2018-11-17 12:20:00,,True,True,True,2018.0,11.0,321.0,12.0,20.0,Fall,20,0.8585941043083913,Medium (10–30s),Buteo plagiatus
TX,299108,Groove-billed Ani,Crotophaga sulcirostris,2015-05-10,12:32:00,27.0446,-99.4449,1:26,https://xeno-canto.org/299108/download,https://xeno-canto.org/299108,https://creativecommons.org/licenses/by-nc-sa/4.0/,KEEP,none,False,False,False,False,False,1391564,86.664,0.0574214048683643,0.7028072476387024,B,2015-05-10,12:32,2015-05-10 12:32:00,,True,True,True,2015.0,5.0,130.0,12.0,32.0,Spring,86,0.6640000000000015,Long (≥30s),Crotophaga sulcirostris
TX,701065,Hairy Woodpecker,Leuconotopicus villosus,2020-06-18,07:12:00,32.7234,-105.7136,0:03,https://xeno-canto.org/701065/download,https://xeno-canto.org/701065,https://creativecommons.org/licenses/by-nc-sa/4.0/,KEEP,none,False,False,False,False,False,66430,3.84,0.0289884228259325,0.3131847381591797,A,2020-06-18,07:12,2020-06-18 07:12:00,,True,True,True,2020.0,6.0,170.0,7.0,12.0,Summer,3,0.8399999999999999,Short (3–10s),Leuconotopicus villosus
TX,222769,Hammond's Flycatcher,Empidonax hammondii,1998-06-04,07:00:00,35.8601,-106.3046,0:07,https://xeno-canto.org/222769/download,https://xeno-canto.org/222769,https://creativecommons.org/licenses/by-nc-nd/4.0/,KEEP,none,False,False,False,False,False,95703,7.5009750566893425,0.019726138561964,0.3143331706523895,B,1998-06-04,07:00,1998-06-04 07:00:00,,True,True,True,1998.0,6.0,155.0,7.0,0.0,Summer,7,0.5009750566893425,Short (3–10s),Empidonax hammondii
TX,1382,Harris's Hawk,Parabuteo unicinctus,2001-12-25,,28.5028,-98.3056,0:10,https://xeno-canto.org/1382/download,https://xeno-canto.org/1382,https://creativecommons.org/licenses/by-nc-nd/2.5/,KEEP,none,False,False,False,False,False,87820,10.396734693877551,0.069665141403675,0.8021737337112427,A,2001-12-25,?,,,True,False,False,,,,,,,10,0.39673469387755134,Medium (10–30s),Parabuteo unicinctus
TX,77507,Hudsonian Whimbrel,Numenius hudsonicus,2011-05-05,20:00:00,29.767,-93.88,0:10,https://xeno-canto.org/77507/download,https://xeno-canto.org/77507,https://creativecommons.org/licenses/by-nc-nd/2.5/,FLAG,low_amplitude,False,True,False,False,True,176194,10.710204081632654,0.0074748173356056,0.3236727714538574,B,2011-05-05,20:00,2011-05-05 20:00:00,,True,True,True,2011.0,5.0,125.0,20.0,0.0,Spring,10,0.7102040816326536,Medium (10–30s),Numenius hudsonicus
TX,404749,Inca Dove,Columbina inca,2015-05-09,07:30:00,29.4758,-100.2272,0:11,https://xeno-canto.org/404749/download,https://xeno-canto.org/404749,https://creativecommons.org/licenses/by-nc-sa/4.0/,KEEP,none,False,False,False,False,False,377274,11.592,0.125168114900589,0.707857608795166,B,2015-05-09,07:30,2015-05-09 07:30:00,,True,True,True,2015.0,5.0,129.0,7.0,30.0,Spring,11,0.5920000000000005,Medium (10–30s),Columbina inca
TX,210719,Killdeer,Charadrius vociferus,1990-02-12,09:30:00,30.652,-96.1671,0:26,https://xeno-canto.org/210719/download,https://xeno-canto.org/210719,https://creativecommons.org/licenses/by-nc-sa/4.0/,KEEP,none,False,False,False,False,False,538469,26.664979166666665,0.0631358474493026,0.7515147924423218,B,1990-02-12,09:30,1990-02-12 09:30:00,,True,True,True,1990.0,2.0,43.0,9.0,30.0,Winter,26,0.6649791666666651,Medium (10–30s),Charadrius vociferus
TX,24756,King Rail,Rallus elegans,2008-03-24,18:30:00,29.592565,-94.478302,0:37,https://xeno-canto.org/24756/download,https://xeno-canto.org/24756,https://creativecommons.org/licenses/by-nc-nd/2.5/,KEEP,none,False,False,False,False,False,596957,36.93294784580499,0.0322265736758708,0.8662920594215393,A,2008-03-24,18:30,2008-03-24 18:30:00,,True,True,True,2008.0,3.0,84.0,18.0,30.0,Spring,37,-0.06705215419501087,Long (≥30s),Rallus elegans
TX,452764,Ladder-backed Woodpecker,Dryobates scalaris,2017-12-14,10:17:00,26.1253,-97.9532,0:34,https://xeno-canto.org/452764/download,https://xeno-canto.org/452764,https://creativecommons.org/licenses/by-nc-sa/4.0/,KEEP,none,False,False,False,False,False,558915,34.632,0.0113150374963879,0.6493417024612427,B,2017-12-14,10:17,2017-12-14 10:17:00,,True,True,True,2017.0,12.0,348.0,10.0,17.0,Winter,34,0.6319999999999979,Long (≥30s),Dryobates scalaris
TX,224822,Laughing Gull,Leucophaeus atricilla,1999-04-08,07:00:00,29.2778,-94.8127,0:07,https://xeno-canto.org/224822/download,https://xeno-canto.org/224822,https://creativecommons.org/licenses/by-nc-nd/4.0/,KEEP,none,False,False,False,False,False,98877,7.7516553287981855,0.0979104861617088,0.5464197397232056,A,1999-04-08,07:00,1999-04-08 07:00:00,,True,True,True,1999.0,4.0,98.0,7.0,0.0,Spring,7,0.7516553287981855,Short (3–10s),Leucophaeus atricilla
TX,216259,Least Flycatcher,Empidonax minimus,2013-09-01,10:08:00,32.4405,-93.6693,0:17,https://xeno-canto.org/216259/download,https://xeno-canto.org/216259,https://creativecommons.org/licenses/by-nc-sa/4.0/,KEEP,none,False,False,False,False,False,712242,17.618707482993198,0.1629520952701568,0.9143511056900024,B,2013-09-01,10:08,2013-09-01 10:08:00,,True,True,True,2013.0,9.0,244.0,10.0,8.0,Fall,17,0.618707482993198,Medium (10–30s),Empidonax minimus
TX,312735,Least Grebe,Tachybaptus dominicus,2016-04-02,19:00:00,28.2563,-96.7946,0:08,https://xeno-canto.org/312735/download,https://xeno-canto.org/312735,https://creativecommons.org/licenses/by-nc-sa/4.0/,KEEP,none,False,False,False,False,False,271456,8.281882086167801,0.0346673540771007,0.3694193363189697,B,2016-04-02,19:00,2016-04-02 19:00:00,,True,True,True,2016.0,4.0,93.0,19.0,0.0,Spring,8,0.2818820861678013,Short (3–10s),Tachybaptus dominicus
TX,453003,Least Sandpiper,Calidris minutilla,2017-12-19,10:22:00,26.5878,-99.1487,0:14,https://xeno-canto.org/453003/download,https://xeno-canto.org/453003,https://creativecommons.org/licenses/by-nc-sa/4.0/,KEEP,none,False,False,False,False,False,239442,14.664,0.0460160709917545,0.8652287721633911,A,2017-12-19,10:22,2017-12-19 10:22:00,,True,True,True,2017.0,12.0,353.0,10.0,22.0,Winter,14,0.6639999999999997,Medium (10–30s),Calidris minutilla
TX,230019,Least Tern,Sternula antillarum,1999-04-08,07:00:00,29.378,-94.7361,0:04,https://xeno-canto.org/230019/download,https://xeno-canto.org/230019,https://creativecommons.org/licenses/by-nc-nd/4.0/,KEEP,none,False,False,False,False,False,59012,4.458185941043084,0.0713963285088539,0.7246778607368469,B,1999-04-08,07:00,1999-04-08 07:00:00,,True,True,True,1999.0,4.0,98.0,7.0,0.0,Spring,4,0.45818594104308374,Short (3–10s),Sternula antillarum
TX,109164,Lesser Nighthawk,Chordeiles acutipennis,2011-06-20,22:00:00,29.31,-103.164,1:02,https://xeno-canto.org/109164/download,https://xeno-canto.org/109164,https://creativecommons.org/licenses/by-nc-nd/2.5/,KEEP,none,False,False,False,False,False,1012401,62.976,0.0176993738859891,0.2372775673866272,A,2011-06-20,22:00,2011-06-20 22:00:00,,True,True,True,2011.0,6.0,171.0,22.0,0.0,Summer,62,0.9759999999999991,Long (≥30s),Chordeiles acutipennis
TX,363092,Lesser Prairie Chicken,Tympanuchus pallidicinctus,2017-04-03,06:15:00,33.4266,-103.8199,2:45,https://xeno-canto.org/363092/download,https://xeno-canto.org/363092,https://creativecommons.org/licenses/by-nc-sa/4.0/,KEEP,none,False,False,False,False,False,2648473,165.22448979591837,0.022088523954153,0.595058798789978,A,2017-04-03,06:15,2017-04-03 06:15:00,,True,True,True,2017.0,4.0,93.0,6.0,15.0,Spring,165,0.22448979591837315,Long (≥30s),Tympanuchus pallidicinctus
TX,231530,Lesser Yellowlegs,Tringa flavipes,1998-04-10,10:00:00,35.3904,-94.4822,0:02,https://xeno-canto.org/231530/download,https://xeno-canto.org/231530,https://creativecommons.org/licenses/by-nc-nd/4.0/,FLAG,short_duration,True,False,False,False,True,34264,2.367619047619048,0.0429351851344108,0.3309419453144073,B,1998-04-10,10:00,1998-04-10 10:00:00,,True,True,True,1998.0,4.0,100.0,10.0,0.0,Spring,2,0.3676190476190482,Very short (<3s),Tringa flavipes
TX,383873,Lilac-crowned Amazon,Amazona finschi,2012-05-13,08:30:00,28.1815,-105.4379,0:21,https://xeno-canto.org/383873/download,https://xeno-canto.org/383873,https://creativecommons.org/licenses/by-nc-sa/4.0/,KEEP,none,False,False,False,False,False,356444,21.91673469387755,0.0123430155217647,0.1824510991573333,A,2012-05-13,08:30,2012-05-13 08:30:00,,True,True,True,2012.0,5.0,134.0,8.0,30.0,Spring,21,0.9167346938775509,Medium (10–30s),Amazona finschi
TX,233658,Loggerhead Shrike,Lanius ludovicianus,2015-03-27,09:06:00,29.5884,-95.6469,0:18,https://xeno-canto.org/233658/download,https://xeno-canto.org/233658,https://creativecommons.org/licenses/by-nc-sa/4.0/,KEEP,none,False,False,False,False,False,302064,18.484104308390023,0.0137313501909375,0.1037263125181198,B,2015-03-27,09:06,2015-03-27 09:06:00,,True,True,True,2015.0,3.0,86.0,9.0,6.0,Spring,18,0.48410430839002316,Medium (10–30s),Lanius ludovicianus
TX,453026,Long-billed Curlew,Numenius americanus,2017-12-13,07:38:00,26.0241,-97.4098,0:41,https://xeno-canto.org/453026/download,https://xeno-canto.org/453026,https://creativecommons.org/licenses/by-nc-sa/4.0/,KEEP,none,False,False,False,False,False,661112,41.016,0.041624080389738,0.7073929309844971,B,2017-12-13,07:38,2017-12-13 07:38:00,,True,True,True,2017.0,12.0,347.0,7.0,38.0,Winter,41,0.015999999999998238,Long (≥30s),Numenius americanus
TX,452766,Long-billed Dowitcher,Limnodromus scolopaceus,2017-12-17,06:42:00,26.1253,-97.9532,0:23,https://xeno-canto.org/452766/download,https://xeno-canto.org/452766,https://creativecommons.org/licenses/by-nc-sa/4.0/,KEEP,none,False,False,False,False,False,373517,23.04,0.0362669639289379,0.7046608328819275,A,2017-12-17,06:42,2017-12-17 06:42:00,,True,True,True,2017.0,12.0,351.0,6.0,42.0,Winter,23,0.03999999999999915,Medium (10–30s),Limnodromus scolopaceus
TX,140797,Long-eared Owl,Asio otus,2013-06-27,21:30:00,35.8934,-105.9825,1:06,https://xeno-canto.org/140797/download,https://xeno-canto.org/140797,https://creativecommons.org/licenses/by-nc-sa/3.0/,KEEP,none,False,False,False,False,False,1061873,65.98530612244897,0.0520870462059974,0.6407715082168579,B,2013-06-27,21:30,2013-06-27 21:30:00,,True,True,True,2013.0,6.0,178.0,21.0,30.0,Summer,66,-0.014693877551025025,Long (≥30s),Asio otus
TX,297547,Lucifer Sheartail,Calothorax lucifer,2015-03-26,12:30:00,29.3728,-103.4782,0:21,https://xeno-canto.org/297547/download,https://xeno-canto.org/297547,https://creativecommons.org/licenses/by-nc-sa/4.0/,FLAG,low_amplitude,False,True,False,False,True,342820,21.0778231292517,0.0075447149574756,0.2303370237350464,B,2015-03-26,12:30,2015-03-26 12:30:00,,True,True,True,2015.0,3.0,85.0,12.0,30.0,Spring,21,0.07782312925170132,Medium (10–30s),Calothorax lucifer
TX,218557,Mallard,Anas platyrhynchos,1998-03-20,07:00:00,35.442,-94.9943,0:03,https://xeno-canto.org/218557/download,https://xeno-canto.org/218557,https://creativecommons.org/licenses/by-nc-nd/4.0/,KEEP,none,False,False,False,False,False,45610,3.2819727891156463,0.0613185353577137,0.7229374051094055,B,1998-03-20,07:00,1998-03-20 07:00:00,,True,True,True,1998.0,3.0,79.0,7.0,0.0,Spring,3,0.28197278911564627,Short (3–10s),Anas platyrhynchos
TX,243333,Mexican Whip-poor-will,Antrostomus arizonae,2015-05-15,05:10:00,35.171,-106.3759,0:43,https://xeno-canto.org/243333/download,https://xeno-canto.org/243333,https://creativecommons.org/licenses/by-nc-sa/4.0/,KEEP,none,False,False,False,False,False,705285,43.885714285714286,0.0222013425081968,0.2189509719610214,B,2015-05-15,05:10,2015-05-15 05:10:00,,True,True,True,2015.0,5.0,135.0,5.0,10.0,Spring,43,0.8857142857142861,Long (≥30s),Antrostomus arizonae
TX,263112,Mississippi Kite,Ictinia mississippiensis,2015-06-17,09:00:00,31.4082,-106.5894,0:15,https://xeno-canto.org/263112/download,https://xeno-canto.org/263112,https://creativecommons.org/licenses/by-nc-sa/4.0/,KEEP,none,False,False,False,False,False,369028,15.09877551020408,0.0475415177643299,0.8627579212188721,B,2015-06-17,09:00,2015-06-17 09:00:00,,True,True,True,2015.0,6.0,168.0,9.0,0.0,Summer,15,0.09877551020407971,Medium (10–30s),Ictinia mississippiensis
TX,705765,Monk Parakeet,Myiopsitta monachus,2022-02-24,17:10:00,27.8626,-97.6124,0:17,https://xeno-canto.org/705765/download,https://xeno-canto.org/705765,https://creativecommons.org/licenses/by-nc-sa/4.0/,KEEP,none,False,False,False,False,False,722754,17.871904761904762,0.0216247178614139,0.4359757006168365,A,2022-02-24,17:10,2022-02-24 17:10:00,,True,True,True,2022.0,2.0,55.0,17.0,10.0,Winter,17,0.8719047619047622,Medium (10–30s),Myiopsitta monachus
